
Smart_home_slave.elf:     file format elf32-avr

Sections:
Idx Name          Size      VMA       LMA       File off  Algn
  0 .text         00003176  00000000  00000000  00000094  2**1
                  CONTENTS, ALLOC, LOAD, READONLY, CODE
  1 .data         00000110  00800060  00003176  0000320a  2**0
                  CONTENTS, ALLOC, LOAD, DATA
  2 .bss          0000000a  00800170  00800170  0000331a  2**0
                  ALLOC
  3 .stab         00001b0c  00000000  00000000  0000331c  2**2
                  CONTENTS, READONLY, DEBUGGING
  4 .stabstr      00000a37  00000000  00000000  00004e28  2**0
                  CONTENTS, READONLY, DEBUGGING
  5 .debug_aranges 000001a0  00000000  00000000  0000585f  2**0
                  CONTENTS, READONLY, DEBUGGING
  6 .debug_pubnames 000001f2  00000000  00000000  000059ff  2**0
                  CONTENTS, READONLY, DEBUGGING
  7 .debug_info   0000240b  00000000  00000000  00005bf1  2**0
                  CONTENTS, READONLY, DEBUGGING
  8 .debug_abbrev 00001386  00000000  00000000  00007ffc  2**0
                  CONTENTS, READONLY, DEBUGGING
  9 .debug_line   000011d6  00000000  00000000  00009382  2**0
                  CONTENTS, READONLY, DEBUGGING
 10 .debug_frame  000001c0  00000000  00000000  0000a558  2**2
                  CONTENTS, READONLY, DEBUGGING
 11 .debug_str    000002f6  00000000  00000000  0000a718  2**0
                  CONTENTS, READONLY, DEBUGGING
 12 .debug_loc    0000096e  00000000  00000000  0000aa0e  2**0
                  CONTENTS, READONLY, DEBUGGING
 13 .debug_ranges 00000050  00000000  00000000  0000b37c  2**0
                  CONTENTS, READONLY, DEBUGGING

Disassembly of section .text:

00000000 <__vectors>:
       0:	0c 94 2a 00 	jmp	0x54	; 0x54 <__ctors_end>
       4:	0c 94 47 00 	jmp	0x8e	; 0x8e <__bad_interrupt>
       8:	0c 94 47 00 	jmp	0x8e	; 0x8e <__bad_interrupt>
       c:	0c 94 47 00 	jmp	0x8e	; 0x8e <__bad_interrupt>
      10:	0c 94 47 00 	jmp	0x8e	; 0x8e <__bad_interrupt>
      14:	0c 94 47 00 	jmp	0x8e	; 0x8e <__bad_interrupt>
      18:	0c 94 47 00 	jmp	0x8e	; 0x8e <__bad_interrupt>
      1c:	0c 94 47 00 	jmp	0x8e	; 0x8e <__bad_interrupt>
      20:	0c 94 47 00 	jmp	0x8e	; 0x8e <__bad_interrupt>
      24:	0c 94 47 00 	jmp	0x8e	; 0x8e <__bad_interrupt>
      28:	0c 94 47 00 	jmp	0x8e	; 0x8e <__bad_interrupt>
      2c:	0c 94 47 00 	jmp	0x8e	; 0x8e <__bad_interrupt>
      30:	0c 94 47 00 	jmp	0x8e	; 0x8e <__bad_interrupt>
      34:	0c 94 e8 15 	jmp	0x2bd0	; 0x2bd0 <__vector_13>
      38:	0c 94 47 00 	jmp	0x8e	; 0x8e <__bad_interrupt>
      3c:	0c 94 47 00 	jmp	0x8e	; 0x8e <__bad_interrupt>
      40:	0c 94 47 00 	jmp	0x8e	; 0x8e <__bad_interrupt>
      44:	0c 94 47 00 	jmp	0x8e	; 0x8e <__bad_interrupt>
      48:	0c 94 47 00 	jmp	0x8e	; 0x8e <__bad_interrupt>
      4c:	0c 94 47 00 	jmp	0x8e	; 0x8e <__bad_interrupt>
      50:	0c 94 47 00 	jmp	0x8e	; 0x8e <__bad_interrupt>

00000054 <__ctors_end>:
      54:	11 24       	eor	r1, r1
      56:	1f be       	out	0x3f, r1	; 63
      58:	cf e5       	ldi	r28, 0x5F	; 95
      5a:	d8 e0       	ldi	r29, 0x08	; 8
      5c:	de bf       	out	0x3e, r29	; 62
      5e:	cd bf       	out	0x3d, r28	; 61

00000060 <__do_copy_data>:
      60:	11 e0       	ldi	r17, 0x01	; 1
      62:	a0 e6       	ldi	r26, 0x60	; 96
      64:	b0 e0       	ldi	r27, 0x00	; 0
      66:	e6 e7       	ldi	r30, 0x76	; 118
      68:	f1 e3       	ldi	r31, 0x31	; 49
      6a:	02 c0       	rjmp	.+4      	; 0x70 <.do_copy_data_start>

0000006c <.do_copy_data_loop>:
      6c:	05 90       	lpm	r0, Z+
      6e:	0d 92       	st	X+, r0

00000070 <.do_copy_data_start>:
      70:	a0 37       	cpi	r26, 0x70	; 112
      72:	b1 07       	cpc	r27, r17
      74:	d9 f7       	brne	.-10     	; 0x6c <.do_copy_data_loop>

00000076 <__do_clear_bss>:
      76:	11 e0       	ldi	r17, 0x01	; 1
      78:	a0 e7       	ldi	r26, 0x70	; 112
      7a:	b1 e0       	ldi	r27, 0x01	; 1
      7c:	01 c0       	rjmp	.+2      	; 0x80 <.do_clear_bss_start>

0000007e <.do_clear_bss_loop>:
      7e:	1d 92       	st	X+, r1

00000080 <.do_clear_bss_start>:
      80:	aa 37       	cpi	r26, 0x7A	; 122
      82:	b1 07       	cpc	r27, r17
      84:	e1 f7       	brne	.-8      	; 0x7e <.do_clear_bss_loop>
      86:	0e 94 d8 17 	call	0x2fb0	; 0x2fb0 <main>
      8a:	0c 94 b9 18 	jmp	0x3172	; 0x3172 <_exit>

0000008e <__bad_interrupt>:
      8e:	0c 94 00 00 	jmp	0	; 0x0 <__vectors>

00000092 <__fixunssfsi>:
      92:	ef 92       	push	r14
      94:	ff 92       	push	r15
      96:	0f 93       	push	r16
      98:	1f 93       	push	r17
      9a:	7b 01       	movw	r14, r22
      9c:	8c 01       	movw	r16, r24
      9e:	20 e0       	ldi	r18, 0x00	; 0
      a0:	30 e0       	ldi	r19, 0x00	; 0
      a2:	40 e0       	ldi	r20, 0x00	; 0
      a4:	5f e4       	ldi	r21, 0x4F	; 79
      a6:	0e 94 f5 03 	call	0x7ea	; 0x7ea <__gesf2>
      aa:	88 23       	and	r24, r24
      ac:	8c f0       	brlt	.+34     	; 0xd0 <__fixunssfsi+0x3e>
      ae:	c8 01       	movw	r24, r16
      b0:	b7 01       	movw	r22, r14
      b2:	20 e0       	ldi	r18, 0x00	; 0
      b4:	30 e0       	ldi	r19, 0x00	; 0
      b6:	40 e0       	ldi	r20, 0x00	; 0
      b8:	5f e4       	ldi	r21, 0x4F	; 79
      ba:	0e 94 c1 01 	call	0x382	; 0x382 <__subsf3>
      be:	0e 94 55 04 	call	0x8aa	; 0x8aa <__fixsfsi>
      c2:	9b 01       	movw	r18, r22
      c4:	ac 01       	movw	r20, r24
      c6:	20 50       	subi	r18, 0x00	; 0
      c8:	30 40       	sbci	r19, 0x00	; 0
      ca:	40 40       	sbci	r20, 0x00	; 0
      cc:	50 48       	sbci	r21, 0x80	; 128
      ce:	06 c0       	rjmp	.+12     	; 0xdc <__fixunssfsi+0x4a>
      d0:	c8 01       	movw	r24, r16
      d2:	b7 01       	movw	r22, r14
      d4:	0e 94 55 04 	call	0x8aa	; 0x8aa <__fixsfsi>
      d8:	9b 01       	movw	r18, r22
      da:	ac 01       	movw	r20, r24
      dc:	b9 01       	movw	r22, r18
      de:	ca 01       	movw	r24, r20
      e0:	1f 91       	pop	r17
      e2:	0f 91       	pop	r16
      e4:	ff 90       	pop	r15
      e6:	ef 90       	pop	r14
      e8:	08 95       	ret

000000ea <_fpadd_parts>:
      ea:	a0 e0       	ldi	r26, 0x00	; 0
      ec:	b0 e0       	ldi	r27, 0x00	; 0
      ee:	eb e7       	ldi	r30, 0x7B	; 123
      f0:	f0 e0       	ldi	r31, 0x00	; 0
      f2:	0c 94 82 18 	jmp	0x3104	; 0x3104 <__prologue_saves__>
      f6:	dc 01       	movw	r26, r24
      f8:	2b 01       	movw	r4, r22
      fa:	fa 01       	movw	r30, r20
      fc:	9c 91       	ld	r25, X
      fe:	92 30       	cpi	r25, 0x02	; 2
     100:	08 f4       	brcc	.+2      	; 0x104 <_fpadd_parts+0x1a>
     102:	39 c1       	rjmp	.+626    	; 0x376 <_fpadd_parts+0x28c>
     104:	eb 01       	movw	r28, r22
     106:	88 81       	ld	r24, Y
     108:	82 30       	cpi	r24, 0x02	; 2
     10a:	08 f4       	brcc	.+2      	; 0x10e <_fpadd_parts+0x24>
     10c:	33 c1       	rjmp	.+614    	; 0x374 <_fpadd_parts+0x28a>
     10e:	94 30       	cpi	r25, 0x04	; 4
     110:	69 f4       	brne	.+26     	; 0x12c <_fpadd_parts+0x42>
     112:	84 30       	cpi	r24, 0x04	; 4
     114:	09 f0       	breq	.+2      	; 0x118 <_fpadd_parts+0x2e>
     116:	2f c1       	rjmp	.+606    	; 0x376 <_fpadd_parts+0x28c>
     118:	11 96       	adiw	r26, 0x01	; 1
     11a:	9c 91       	ld	r25, X
     11c:	11 97       	sbiw	r26, 0x01	; 1
     11e:	89 81       	ldd	r24, Y+1	; 0x01
     120:	98 17       	cp	r25, r24
     122:	09 f4       	brne	.+2      	; 0x126 <_fpadd_parts+0x3c>
     124:	28 c1       	rjmp	.+592    	; 0x376 <_fpadd_parts+0x28c>
     126:	a0 e6       	ldi	r26, 0x60	; 96
     128:	b0 e0       	ldi	r27, 0x00	; 0
     12a:	25 c1       	rjmp	.+586    	; 0x376 <_fpadd_parts+0x28c>
     12c:	84 30       	cpi	r24, 0x04	; 4
     12e:	09 f4       	brne	.+2      	; 0x132 <_fpadd_parts+0x48>
     130:	21 c1       	rjmp	.+578    	; 0x374 <_fpadd_parts+0x28a>
     132:	82 30       	cpi	r24, 0x02	; 2
     134:	a9 f4       	brne	.+42     	; 0x160 <_fpadd_parts+0x76>
     136:	92 30       	cpi	r25, 0x02	; 2
     138:	09 f0       	breq	.+2      	; 0x13c <_fpadd_parts+0x52>
     13a:	1d c1       	rjmp	.+570    	; 0x376 <_fpadd_parts+0x28c>
     13c:	9a 01       	movw	r18, r20
     13e:	ad 01       	movw	r20, r26
     140:	88 e0       	ldi	r24, 0x08	; 8
     142:	ea 01       	movw	r28, r20
     144:	09 90       	ld	r0, Y+
     146:	ae 01       	movw	r20, r28
     148:	e9 01       	movw	r28, r18
     14a:	09 92       	st	Y+, r0
     14c:	9e 01       	movw	r18, r28
     14e:	81 50       	subi	r24, 0x01	; 1
     150:	c1 f7       	brne	.-16     	; 0x142 <_fpadd_parts+0x58>
     152:	e2 01       	movw	r28, r4
     154:	89 81       	ldd	r24, Y+1	; 0x01
     156:	11 96       	adiw	r26, 0x01	; 1
     158:	9c 91       	ld	r25, X
     15a:	89 23       	and	r24, r25
     15c:	81 83       	std	Z+1, r24	; 0x01
     15e:	08 c1       	rjmp	.+528    	; 0x370 <_fpadd_parts+0x286>
     160:	92 30       	cpi	r25, 0x02	; 2
     162:	09 f4       	brne	.+2      	; 0x166 <_fpadd_parts+0x7c>
     164:	07 c1       	rjmp	.+526    	; 0x374 <_fpadd_parts+0x28a>
     166:	12 96       	adiw	r26, 0x02	; 2
     168:	2d 90       	ld	r2, X+
     16a:	3c 90       	ld	r3, X
     16c:	13 97       	sbiw	r26, 0x03	; 3
     16e:	eb 01       	movw	r28, r22
     170:	8a 81       	ldd	r24, Y+2	; 0x02
     172:	9b 81       	ldd	r25, Y+3	; 0x03
     174:	14 96       	adiw	r26, 0x04	; 4
     176:	ad 90       	ld	r10, X+
     178:	bd 90       	ld	r11, X+
     17a:	cd 90       	ld	r12, X+
     17c:	dc 90       	ld	r13, X
     17e:	17 97       	sbiw	r26, 0x07	; 7
     180:	ec 80       	ldd	r14, Y+4	; 0x04
     182:	fd 80       	ldd	r15, Y+5	; 0x05
     184:	0e 81       	ldd	r16, Y+6	; 0x06
     186:	1f 81       	ldd	r17, Y+7	; 0x07
     188:	91 01       	movw	r18, r2
     18a:	28 1b       	sub	r18, r24
     18c:	39 0b       	sbc	r19, r25
     18e:	b9 01       	movw	r22, r18
     190:	37 ff       	sbrs	r19, 7
     192:	04 c0       	rjmp	.+8      	; 0x19c <_fpadd_parts+0xb2>
     194:	66 27       	eor	r22, r22
     196:	77 27       	eor	r23, r23
     198:	62 1b       	sub	r22, r18
     19a:	73 0b       	sbc	r23, r19
     19c:	60 32       	cpi	r22, 0x20	; 32
     19e:	71 05       	cpc	r23, r1
     1a0:	0c f0       	brlt	.+2      	; 0x1a4 <_fpadd_parts+0xba>
     1a2:	61 c0       	rjmp	.+194    	; 0x266 <_fpadd_parts+0x17c>
     1a4:	12 16       	cp	r1, r18
     1a6:	13 06       	cpc	r1, r19
     1a8:	6c f5       	brge	.+90     	; 0x204 <_fpadd_parts+0x11a>
     1aa:	37 01       	movw	r6, r14
     1ac:	48 01       	movw	r8, r16
     1ae:	06 2e       	mov	r0, r22
     1b0:	04 c0       	rjmp	.+8      	; 0x1ba <_fpadd_parts+0xd0>
     1b2:	96 94       	lsr	r9
     1b4:	87 94       	ror	r8
     1b6:	77 94       	ror	r7
     1b8:	67 94       	ror	r6
     1ba:	0a 94       	dec	r0
     1bc:	d2 f7       	brpl	.-12     	; 0x1b2 <_fpadd_parts+0xc8>
     1be:	21 e0       	ldi	r18, 0x01	; 1
     1c0:	30 e0       	ldi	r19, 0x00	; 0
     1c2:	40 e0       	ldi	r20, 0x00	; 0
     1c4:	50 e0       	ldi	r21, 0x00	; 0
     1c6:	04 c0       	rjmp	.+8      	; 0x1d0 <_fpadd_parts+0xe6>
     1c8:	22 0f       	add	r18, r18
     1ca:	33 1f       	adc	r19, r19
     1cc:	44 1f       	adc	r20, r20
     1ce:	55 1f       	adc	r21, r21
     1d0:	6a 95       	dec	r22
     1d2:	d2 f7       	brpl	.-12     	; 0x1c8 <_fpadd_parts+0xde>
     1d4:	21 50       	subi	r18, 0x01	; 1
     1d6:	30 40       	sbci	r19, 0x00	; 0
     1d8:	40 40       	sbci	r20, 0x00	; 0
     1da:	50 40       	sbci	r21, 0x00	; 0
     1dc:	2e 21       	and	r18, r14
     1de:	3f 21       	and	r19, r15
     1e0:	40 23       	and	r20, r16
     1e2:	51 23       	and	r21, r17
     1e4:	21 15       	cp	r18, r1
     1e6:	31 05       	cpc	r19, r1
     1e8:	41 05       	cpc	r20, r1
     1ea:	51 05       	cpc	r21, r1
     1ec:	21 f0       	breq	.+8      	; 0x1f6 <_fpadd_parts+0x10c>
     1ee:	21 e0       	ldi	r18, 0x01	; 1
     1f0:	30 e0       	ldi	r19, 0x00	; 0
     1f2:	40 e0       	ldi	r20, 0x00	; 0
     1f4:	50 e0       	ldi	r21, 0x00	; 0
     1f6:	79 01       	movw	r14, r18
     1f8:	8a 01       	movw	r16, r20
     1fa:	e6 28       	or	r14, r6
     1fc:	f7 28       	or	r15, r7
     1fe:	08 29       	or	r16, r8
     200:	19 29       	or	r17, r9
     202:	3c c0       	rjmp	.+120    	; 0x27c <_fpadd_parts+0x192>
     204:	23 2b       	or	r18, r19
     206:	d1 f1       	breq	.+116    	; 0x27c <_fpadd_parts+0x192>
     208:	26 0e       	add	r2, r22
     20a:	37 1e       	adc	r3, r23
     20c:	35 01       	movw	r6, r10
     20e:	46 01       	movw	r8, r12
     210:	06 2e       	mov	r0, r22
     212:	04 c0       	rjmp	.+8      	; 0x21c <_fpadd_parts+0x132>
     214:	96 94       	lsr	r9
     216:	87 94       	ror	r8
     218:	77 94       	ror	r7
     21a:	67 94       	ror	r6
     21c:	0a 94       	dec	r0
     21e:	d2 f7       	brpl	.-12     	; 0x214 <_fpadd_parts+0x12a>
     220:	21 e0       	ldi	r18, 0x01	; 1
     222:	30 e0       	ldi	r19, 0x00	; 0
     224:	40 e0       	ldi	r20, 0x00	; 0
     226:	50 e0       	ldi	r21, 0x00	; 0
     228:	04 c0       	rjmp	.+8      	; 0x232 <_fpadd_parts+0x148>
     22a:	22 0f       	add	r18, r18
     22c:	33 1f       	adc	r19, r19
     22e:	44 1f       	adc	r20, r20
     230:	55 1f       	adc	r21, r21
     232:	6a 95       	dec	r22
     234:	d2 f7       	brpl	.-12     	; 0x22a <_fpadd_parts+0x140>
     236:	21 50       	subi	r18, 0x01	; 1
     238:	30 40       	sbci	r19, 0x00	; 0
     23a:	40 40       	sbci	r20, 0x00	; 0
     23c:	50 40       	sbci	r21, 0x00	; 0
     23e:	2a 21       	and	r18, r10
     240:	3b 21       	and	r19, r11
     242:	4c 21       	and	r20, r12
     244:	5d 21       	and	r21, r13
     246:	21 15       	cp	r18, r1
     248:	31 05       	cpc	r19, r1
     24a:	41 05       	cpc	r20, r1
     24c:	51 05       	cpc	r21, r1
     24e:	21 f0       	breq	.+8      	; 0x258 <_fpadd_parts+0x16e>
     250:	21 e0       	ldi	r18, 0x01	; 1
     252:	30 e0       	ldi	r19, 0x00	; 0
     254:	40 e0       	ldi	r20, 0x00	; 0
     256:	50 e0       	ldi	r21, 0x00	; 0
     258:	59 01       	movw	r10, r18
     25a:	6a 01       	movw	r12, r20
     25c:	a6 28       	or	r10, r6
     25e:	b7 28       	or	r11, r7
     260:	c8 28       	or	r12, r8
     262:	d9 28       	or	r13, r9
     264:	0b c0       	rjmp	.+22     	; 0x27c <_fpadd_parts+0x192>
     266:	82 15       	cp	r24, r2
     268:	93 05       	cpc	r25, r3
     26a:	2c f0       	brlt	.+10     	; 0x276 <_fpadd_parts+0x18c>
     26c:	1c 01       	movw	r2, r24
     26e:	aa 24       	eor	r10, r10
     270:	bb 24       	eor	r11, r11
     272:	65 01       	movw	r12, r10
     274:	03 c0       	rjmp	.+6      	; 0x27c <_fpadd_parts+0x192>
     276:	ee 24       	eor	r14, r14
     278:	ff 24       	eor	r15, r15
     27a:	87 01       	movw	r16, r14
     27c:	11 96       	adiw	r26, 0x01	; 1
     27e:	9c 91       	ld	r25, X
     280:	d2 01       	movw	r26, r4
     282:	11 96       	adiw	r26, 0x01	; 1
     284:	8c 91       	ld	r24, X
     286:	98 17       	cp	r25, r24
     288:	09 f4       	brne	.+2      	; 0x28c <_fpadd_parts+0x1a2>
     28a:	45 c0       	rjmp	.+138    	; 0x316 <_fpadd_parts+0x22c>
     28c:	99 23       	and	r25, r25
     28e:	39 f0       	breq	.+14     	; 0x29e <_fpadd_parts+0x1b4>
     290:	a8 01       	movw	r20, r16
     292:	97 01       	movw	r18, r14
     294:	2a 19       	sub	r18, r10
     296:	3b 09       	sbc	r19, r11
     298:	4c 09       	sbc	r20, r12
     29a:	5d 09       	sbc	r21, r13
     29c:	06 c0       	rjmp	.+12     	; 0x2aa <_fpadd_parts+0x1c0>
     29e:	a6 01       	movw	r20, r12
     2a0:	95 01       	movw	r18, r10
     2a2:	2e 19       	sub	r18, r14
     2a4:	3f 09       	sbc	r19, r15
     2a6:	40 0b       	sbc	r20, r16
     2a8:	51 0b       	sbc	r21, r17
     2aa:	57 fd       	sbrc	r21, 7
     2ac:	08 c0       	rjmp	.+16     	; 0x2be <_fpadd_parts+0x1d4>
     2ae:	11 82       	std	Z+1, r1	; 0x01
     2b0:	33 82       	std	Z+3, r3	; 0x03
     2b2:	22 82       	std	Z+2, r2	; 0x02
     2b4:	24 83       	std	Z+4, r18	; 0x04
     2b6:	35 83       	std	Z+5, r19	; 0x05
     2b8:	46 83       	std	Z+6, r20	; 0x06
     2ba:	57 83       	std	Z+7, r21	; 0x07
     2bc:	1d c0       	rjmp	.+58     	; 0x2f8 <_fpadd_parts+0x20e>
     2be:	81 e0       	ldi	r24, 0x01	; 1
     2c0:	81 83       	std	Z+1, r24	; 0x01
     2c2:	33 82       	std	Z+3, r3	; 0x03
     2c4:	22 82       	std	Z+2, r2	; 0x02
     2c6:	88 27       	eor	r24, r24
     2c8:	99 27       	eor	r25, r25
     2ca:	dc 01       	movw	r26, r24
     2cc:	82 1b       	sub	r24, r18
     2ce:	93 0b       	sbc	r25, r19
     2d0:	a4 0b       	sbc	r26, r20
     2d2:	b5 0b       	sbc	r27, r21
     2d4:	84 83       	std	Z+4, r24	; 0x04
     2d6:	95 83       	std	Z+5, r25	; 0x05
     2d8:	a6 83       	std	Z+6, r26	; 0x06
     2da:	b7 83       	std	Z+7, r27	; 0x07
     2dc:	0d c0       	rjmp	.+26     	; 0x2f8 <_fpadd_parts+0x20e>
     2de:	22 0f       	add	r18, r18
     2e0:	33 1f       	adc	r19, r19
     2e2:	44 1f       	adc	r20, r20
     2e4:	55 1f       	adc	r21, r21
     2e6:	24 83       	std	Z+4, r18	; 0x04
     2e8:	35 83       	std	Z+5, r19	; 0x05
     2ea:	46 83       	std	Z+6, r20	; 0x06
     2ec:	57 83       	std	Z+7, r21	; 0x07
     2ee:	82 81       	ldd	r24, Z+2	; 0x02
     2f0:	93 81       	ldd	r25, Z+3	; 0x03
     2f2:	01 97       	sbiw	r24, 0x01	; 1
     2f4:	93 83       	std	Z+3, r25	; 0x03
     2f6:	82 83       	std	Z+2, r24	; 0x02
     2f8:	24 81       	ldd	r18, Z+4	; 0x04
     2fa:	35 81       	ldd	r19, Z+5	; 0x05
     2fc:	46 81       	ldd	r20, Z+6	; 0x06
     2fe:	57 81       	ldd	r21, Z+7	; 0x07
     300:	da 01       	movw	r26, r20
     302:	c9 01       	movw	r24, r18
     304:	01 97       	sbiw	r24, 0x01	; 1
     306:	a1 09       	sbc	r26, r1
     308:	b1 09       	sbc	r27, r1
     30a:	8f 5f       	subi	r24, 0xFF	; 255
     30c:	9f 4f       	sbci	r25, 0xFF	; 255
     30e:	af 4f       	sbci	r26, 0xFF	; 255
     310:	bf 43       	sbci	r27, 0x3F	; 63
     312:	28 f3       	brcs	.-54     	; 0x2de <_fpadd_parts+0x1f4>
     314:	0b c0       	rjmp	.+22     	; 0x32c <_fpadd_parts+0x242>
     316:	91 83       	std	Z+1, r25	; 0x01
     318:	33 82       	std	Z+3, r3	; 0x03
     31a:	22 82       	std	Z+2, r2	; 0x02
     31c:	ea 0c       	add	r14, r10
     31e:	fb 1c       	adc	r15, r11
     320:	0c 1d       	adc	r16, r12
     322:	1d 1d       	adc	r17, r13
     324:	e4 82       	std	Z+4, r14	; 0x04
     326:	f5 82       	std	Z+5, r15	; 0x05
     328:	06 83       	std	Z+6, r16	; 0x06
     32a:	17 83       	std	Z+7, r17	; 0x07
     32c:	83 e0       	ldi	r24, 0x03	; 3
     32e:	80 83       	st	Z, r24
     330:	24 81       	ldd	r18, Z+4	; 0x04
     332:	35 81       	ldd	r19, Z+5	; 0x05
     334:	46 81       	ldd	r20, Z+6	; 0x06
     336:	57 81       	ldd	r21, Z+7	; 0x07
     338:	57 ff       	sbrs	r21, 7
     33a:	1a c0       	rjmp	.+52     	; 0x370 <_fpadd_parts+0x286>
     33c:	c9 01       	movw	r24, r18
     33e:	aa 27       	eor	r26, r26
     340:	97 fd       	sbrc	r25, 7
     342:	a0 95       	com	r26
     344:	ba 2f       	mov	r27, r26
     346:	81 70       	andi	r24, 0x01	; 1
     348:	90 70       	andi	r25, 0x00	; 0
     34a:	a0 70       	andi	r26, 0x00	; 0
     34c:	b0 70       	andi	r27, 0x00	; 0
     34e:	56 95       	lsr	r21
     350:	47 95       	ror	r20
     352:	37 95       	ror	r19
     354:	27 95       	ror	r18
     356:	82 2b       	or	r24, r18
     358:	93 2b       	or	r25, r19
     35a:	a4 2b       	or	r26, r20
     35c:	b5 2b       	or	r27, r21
     35e:	84 83       	std	Z+4, r24	; 0x04
     360:	95 83       	std	Z+5, r25	; 0x05
     362:	a6 83       	std	Z+6, r26	; 0x06
     364:	b7 83       	std	Z+7, r27	; 0x07
     366:	82 81       	ldd	r24, Z+2	; 0x02
     368:	93 81       	ldd	r25, Z+3	; 0x03
     36a:	01 96       	adiw	r24, 0x01	; 1
     36c:	93 83       	std	Z+3, r25	; 0x03
     36e:	82 83       	std	Z+2, r24	; 0x02
     370:	df 01       	movw	r26, r30
     372:	01 c0       	rjmp	.+2      	; 0x376 <_fpadd_parts+0x28c>
     374:	d2 01       	movw	r26, r4
     376:	cd 01       	movw	r24, r26
     378:	cd b7       	in	r28, 0x3d	; 61
     37a:	de b7       	in	r29, 0x3e	; 62
     37c:	e2 e1       	ldi	r30, 0x12	; 18
     37e:	0c 94 9e 18 	jmp	0x313c	; 0x313c <__epilogue_restores__>

00000382 <__subsf3>:
     382:	a0 e2       	ldi	r26, 0x20	; 32
     384:	b0 e0       	ldi	r27, 0x00	; 0
     386:	e7 ec       	ldi	r30, 0xC7	; 199
     388:	f1 e0       	ldi	r31, 0x01	; 1
     38a:	0c 94 8e 18 	jmp	0x311c	; 0x311c <__prologue_saves__+0x18>
     38e:	69 83       	std	Y+1, r22	; 0x01
     390:	7a 83       	std	Y+2, r23	; 0x02
     392:	8b 83       	std	Y+3, r24	; 0x03
     394:	9c 83       	std	Y+4, r25	; 0x04
     396:	2d 83       	std	Y+5, r18	; 0x05
     398:	3e 83       	std	Y+6, r19	; 0x06
     39a:	4f 83       	std	Y+7, r20	; 0x07
     39c:	58 87       	std	Y+8, r21	; 0x08
     39e:	e9 e0       	ldi	r30, 0x09	; 9
     3a0:	ee 2e       	mov	r14, r30
     3a2:	f1 2c       	mov	r15, r1
     3a4:	ec 0e       	add	r14, r28
     3a6:	fd 1e       	adc	r15, r29
     3a8:	ce 01       	movw	r24, r28
     3aa:	01 96       	adiw	r24, 0x01	; 1
     3ac:	b7 01       	movw	r22, r14
     3ae:	0e 94 46 06 	call	0xc8c	; 0xc8c <__unpack_f>
     3b2:	8e 01       	movw	r16, r28
     3b4:	0f 5e       	subi	r16, 0xEF	; 239
     3b6:	1f 4f       	sbci	r17, 0xFF	; 255
     3b8:	ce 01       	movw	r24, r28
     3ba:	05 96       	adiw	r24, 0x05	; 5
     3bc:	b8 01       	movw	r22, r16
     3be:	0e 94 46 06 	call	0xc8c	; 0xc8c <__unpack_f>
     3c2:	8a 89       	ldd	r24, Y+18	; 0x12
     3c4:	91 e0       	ldi	r25, 0x01	; 1
     3c6:	89 27       	eor	r24, r25
     3c8:	8a 8b       	std	Y+18, r24	; 0x12
     3ca:	c7 01       	movw	r24, r14
     3cc:	b8 01       	movw	r22, r16
     3ce:	ae 01       	movw	r20, r28
     3d0:	47 5e       	subi	r20, 0xE7	; 231
     3d2:	5f 4f       	sbci	r21, 0xFF	; 255
     3d4:	0e 94 75 00 	call	0xea	; 0xea <_fpadd_parts>
     3d8:	0e 94 71 05 	call	0xae2	; 0xae2 <__pack_f>
     3dc:	a0 96       	adiw	r28, 0x20	; 32
     3de:	e6 e0       	ldi	r30, 0x06	; 6
     3e0:	0c 94 aa 18 	jmp	0x3154	; 0x3154 <__epilogue_restores__+0x18>

000003e4 <__addsf3>:
     3e4:	a0 e2       	ldi	r26, 0x20	; 32
     3e6:	b0 e0       	ldi	r27, 0x00	; 0
     3e8:	e8 ef       	ldi	r30, 0xF8	; 248
     3ea:	f1 e0       	ldi	r31, 0x01	; 1
     3ec:	0c 94 8e 18 	jmp	0x311c	; 0x311c <__prologue_saves__+0x18>
     3f0:	69 83       	std	Y+1, r22	; 0x01
     3f2:	7a 83       	std	Y+2, r23	; 0x02
     3f4:	8b 83       	std	Y+3, r24	; 0x03
     3f6:	9c 83       	std	Y+4, r25	; 0x04
     3f8:	2d 83       	std	Y+5, r18	; 0x05
     3fa:	3e 83       	std	Y+6, r19	; 0x06
     3fc:	4f 83       	std	Y+7, r20	; 0x07
     3fe:	58 87       	std	Y+8, r21	; 0x08
     400:	f9 e0       	ldi	r31, 0x09	; 9
     402:	ef 2e       	mov	r14, r31
     404:	f1 2c       	mov	r15, r1
     406:	ec 0e       	add	r14, r28
     408:	fd 1e       	adc	r15, r29
     40a:	ce 01       	movw	r24, r28
     40c:	01 96       	adiw	r24, 0x01	; 1
     40e:	b7 01       	movw	r22, r14
     410:	0e 94 46 06 	call	0xc8c	; 0xc8c <__unpack_f>
     414:	8e 01       	movw	r16, r28
     416:	0f 5e       	subi	r16, 0xEF	; 239
     418:	1f 4f       	sbci	r17, 0xFF	; 255
     41a:	ce 01       	movw	r24, r28
     41c:	05 96       	adiw	r24, 0x05	; 5
     41e:	b8 01       	movw	r22, r16
     420:	0e 94 46 06 	call	0xc8c	; 0xc8c <__unpack_f>
     424:	c7 01       	movw	r24, r14
     426:	b8 01       	movw	r22, r16
     428:	ae 01       	movw	r20, r28
     42a:	47 5e       	subi	r20, 0xE7	; 231
     42c:	5f 4f       	sbci	r21, 0xFF	; 255
     42e:	0e 94 75 00 	call	0xea	; 0xea <_fpadd_parts>
     432:	0e 94 71 05 	call	0xae2	; 0xae2 <__pack_f>
     436:	a0 96       	adiw	r28, 0x20	; 32
     438:	e6 e0       	ldi	r30, 0x06	; 6
     43a:	0c 94 aa 18 	jmp	0x3154	; 0x3154 <__epilogue_restores__+0x18>

0000043e <__mulsf3>:
     43e:	a0 e2       	ldi	r26, 0x20	; 32
     440:	b0 e0       	ldi	r27, 0x00	; 0
     442:	e5 e2       	ldi	r30, 0x25	; 37
     444:	f2 e0       	ldi	r31, 0x02	; 2
     446:	0c 94 82 18 	jmp	0x3104	; 0x3104 <__prologue_saves__>
     44a:	69 83       	std	Y+1, r22	; 0x01
     44c:	7a 83       	std	Y+2, r23	; 0x02
     44e:	8b 83       	std	Y+3, r24	; 0x03
     450:	9c 83       	std	Y+4, r25	; 0x04
     452:	2d 83       	std	Y+5, r18	; 0x05
     454:	3e 83       	std	Y+6, r19	; 0x06
     456:	4f 83       	std	Y+7, r20	; 0x07
     458:	58 87       	std	Y+8, r21	; 0x08
     45a:	ce 01       	movw	r24, r28
     45c:	01 96       	adiw	r24, 0x01	; 1
     45e:	be 01       	movw	r22, r28
     460:	67 5f       	subi	r22, 0xF7	; 247
     462:	7f 4f       	sbci	r23, 0xFF	; 255
     464:	0e 94 46 06 	call	0xc8c	; 0xc8c <__unpack_f>
     468:	ce 01       	movw	r24, r28
     46a:	05 96       	adiw	r24, 0x05	; 5
     46c:	be 01       	movw	r22, r28
     46e:	6f 5e       	subi	r22, 0xEF	; 239
     470:	7f 4f       	sbci	r23, 0xFF	; 255
     472:	0e 94 46 06 	call	0xc8c	; 0xc8c <__unpack_f>
     476:	99 85       	ldd	r25, Y+9	; 0x09
     478:	92 30       	cpi	r25, 0x02	; 2
     47a:	88 f0       	brcs	.+34     	; 0x49e <__mulsf3+0x60>
     47c:	89 89       	ldd	r24, Y+17	; 0x11
     47e:	82 30       	cpi	r24, 0x02	; 2
     480:	c8 f0       	brcs	.+50     	; 0x4b4 <__mulsf3+0x76>
     482:	94 30       	cpi	r25, 0x04	; 4
     484:	19 f4       	brne	.+6      	; 0x48c <__mulsf3+0x4e>
     486:	82 30       	cpi	r24, 0x02	; 2
     488:	51 f4       	brne	.+20     	; 0x49e <__mulsf3+0x60>
     48a:	04 c0       	rjmp	.+8      	; 0x494 <__mulsf3+0x56>
     48c:	84 30       	cpi	r24, 0x04	; 4
     48e:	29 f4       	brne	.+10     	; 0x49a <__mulsf3+0x5c>
     490:	92 30       	cpi	r25, 0x02	; 2
     492:	81 f4       	brne	.+32     	; 0x4b4 <__mulsf3+0x76>
     494:	80 e6       	ldi	r24, 0x60	; 96
     496:	90 e0       	ldi	r25, 0x00	; 0
     498:	c6 c0       	rjmp	.+396    	; 0x626 <__mulsf3+0x1e8>
     49a:	92 30       	cpi	r25, 0x02	; 2
     49c:	49 f4       	brne	.+18     	; 0x4b0 <__mulsf3+0x72>
     49e:	20 e0       	ldi	r18, 0x00	; 0
     4a0:	9a 85       	ldd	r25, Y+10	; 0x0a
     4a2:	8a 89       	ldd	r24, Y+18	; 0x12
     4a4:	98 13       	cpse	r25, r24
     4a6:	21 e0       	ldi	r18, 0x01	; 1
     4a8:	2a 87       	std	Y+10, r18	; 0x0a
     4aa:	ce 01       	movw	r24, r28
     4ac:	09 96       	adiw	r24, 0x09	; 9
     4ae:	bb c0       	rjmp	.+374    	; 0x626 <__mulsf3+0x1e8>
     4b0:	82 30       	cpi	r24, 0x02	; 2
     4b2:	49 f4       	brne	.+18     	; 0x4c6 <__mulsf3+0x88>
     4b4:	20 e0       	ldi	r18, 0x00	; 0
     4b6:	9a 85       	ldd	r25, Y+10	; 0x0a
     4b8:	8a 89       	ldd	r24, Y+18	; 0x12
     4ba:	98 13       	cpse	r25, r24
     4bc:	21 e0       	ldi	r18, 0x01	; 1
     4be:	2a 8b       	std	Y+18, r18	; 0x12
     4c0:	ce 01       	movw	r24, r28
     4c2:	41 96       	adiw	r24, 0x11	; 17
     4c4:	b0 c0       	rjmp	.+352    	; 0x626 <__mulsf3+0x1e8>
     4c6:	2d 84       	ldd	r2, Y+13	; 0x0d
     4c8:	3e 84       	ldd	r3, Y+14	; 0x0e
     4ca:	4f 84       	ldd	r4, Y+15	; 0x0f
     4cc:	58 88       	ldd	r5, Y+16	; 0x10
     4ce:	6d 88       	ldd	r6, Y+21	; 0x15
     4d0:	7e 88       	ldd	r7, Y+22	; 0x16
     4d2:	8f 88       	ldd	r8, Y+23	; 0x17
     4d4:	98 8c       	ldd	r9, Y+24	; 0x18
     4d6:	ee 24       	eor	r14, r14
     4d8:	ff 24       	eor	r15, r15
     4da:	87 01       	movw	r16, r14
     4dc:	aa 24       	eor	r10, r10
     4de:	bb 24       	eor	r11, r11
     4e0:	65 01       	movw	r12, r10
     4e2:	40 e0       	ldi	r20, 0x00	; 0
     4e4:	50 e0       	ldi	r21, 0x00	; 0
     4e6:	60 e0       	ldi	r22, 0x00	; 0
     4e8:	70 e0       	ldi	r23, 0x00	; 0
     4ea:	e0 e0       	ldi	r30, 0x00	; 0
     4ec:	f0 e0       	ldi	r31, 0x00	; 0
     4ee:	c1 01       	movw	r24, r2
     4f0:	81 70       	andi	r24, 0x01	; 1
     4f2:	90 70       	andi	r25, 0x00	; 0
     4f4:	89 2b       	or	r24, r25
     4f6:	e9 f0       	breq	.+58     	; 0x532 <__mulsf3+0xf4>
     4f8:	e6 0c       	add	r14, r6
     4fa:	f7 1c       	adc	r15, r7
     4fc:	08 1d       	adc	r16, r8
     4fe:	19 1d       	adc	r17, r9
     500:	9a 01       	movw	r18, r20
     502:	ab 01       	movw	r20, r22
     504:	2a 0d       	add	r18, r10
     506:	3b 1d       	adc	r19, r11
     508:	4c 1d       	adc	r20, r12
     50a:	5d 1d       	adc	r21, r13
     50c:	80 e0       	ldi	r24, 0x00	; 0
     50e:	90 e0       	ldi	r25, 0x00	; 0
     510:	a0 e0       	ldi	r26, 0x00	; 0
     512:	b0 e0       	ldi	r27, 0x00	; 0
     514:	e6 14       	cp	r14, r6
     516:	f7 04       	cpc	r15, r7
     518:	08 05       	cpc	r16, r8
     51a:	19 05       	cpc	r17, r9
     51c:	20 f4       	brcc	.+8      	; 0x526 <__mulsf3+0xe8>
     51e:	81 e0       	ldi	r24, 0x01	; 1
     520:	90 e0       	ldi	r25, 0x00	; 0
     522:	a0 e0       	ldi	r26, 0x00	; 0
     524:	b0 e0       	ldi	r27, 0x00	; 0
     526:	ba 01       	movw	r22, r20
     528:	a9 01       	movw	r20, r18
     52a:	48 0f       	add	r20, r24
     52c:	59 1f       	adc	r21, r25
     52e:	6a 1f       	adc	r22, r26
     530:	7b 1f       	adc	r23, r27
     532:	aa 0c       	add	r10, r10
     534:	bb 1c       	adc	r11, r11
     536:	cc 1c       	adc	r12, r12
     538:	dd 1c       	adc	r13, r13
     53a:	97 fe       	sbrs	r9, 7
     53c:	08 c0       	rjmp	.+16     	; 0x54e <__mulsf3+0x110>
     53e:	81 e0       	ldi	r24, 0x01	; 1
     540:	90 e0       	ldi	r25, 0x00	; 0
     542:	a0 e0       	ldi	r26, 0x00	; 0
     544:	b0 e0       	ldi	r27, 0x00	; 0
     546:	a8 2a       	or	r10, r24
     548:	b9 2a       	or	r11, r25
     54a:	ca 2a       	or	r12, r26
     54c:	db 2a       	or	r13, r27
     54e:	31 96       	adiw	r30, 0x01	; 1
     550:	e0 32       	cpi	r30, 0x20	; 32
     552:	f1 05       	cpc	r31, r1
     554:	49 f0       	breq	.+18     	; 0x568 <__mulsf3+0x12a>
     556:	66 0c       	add	r6, r6
     558:	77 1c       	adc	r7, r7
     55a:	88 1c       	adc	r8, r8
     55c:	99 1c       	adc	r9, r9
     55e:	56 94       	lsr	r5
     560:	47 94       	ror	r4
     562:	37 94       	ror	r3
     564:	27 94       	ror	r2
     566:	c3 cf       	rjmp	.-122    	; 0x4ee <__mulsf3+0xb0>
     568:	fa 85       	ldd	r31, Y+10	; 0x0a
     56a:	ea 89       	ldd	r30, Y+18	; 0x12
     56c:	2b 89       	ldd	r18, Y+19	; 0x13
     56e:	3c 89       	ldd	r19, Y+20	; 0x14
     570:	8b 85       	ldd	r24, Y+11	; 0x0b
     572:	9c 85       	ldd	r25, Y+12	; 0x0c
     574:	28 0f       	add	r18, r24
     576:	39 1f       	adc	r19, r25
     578:	2e 5f       	subi	r18, 0xFE	; 254
     57a:	3f 4f       	sbci	r19, 0xFF	; 255
     57c:	17 c0       	rjmp	.+46     	; 0x5ac <__mulsf3+0x16e>
     57e:	ca 01       	movw	r24, r20
     580:	81 70       	andi	r24, 0x01	; 1
     582:	90 70       	andi	r25, 0x00	; 0
     584:	89 2b       	or	r24, r25
     586:	61 f0       	breq	.+24     	; 0x5a0 <__mulsf3+0x162>
     588:	16 95       	lsr	r17
     58a:	07 95       	ror	r16
     58c:	f7 94       	ror	r15
     58e:	e7 94       	ror	r14
     590:	80 e0       	ldi	r24, 0x00	; 0
     592:	90 e0       	ldi	r25, 0x00	; 0
     594:	a0 e0       	ldi	r26, 0x00	; 0
     596:	b0 e8       	ldi	r27, 0x80	; 128
     598:	e8 2a       	or	r14, r24
     59a:	f9 2a       	or	r15, r25
     59c:	0a 2b       	or	r16, r26
     59e:	1b 2b       	or	r17, r27
     5a0:	76 95       	lsr	r23
     5a2:	67 95       	ror	r22
     5a4:	57 95       	ror	r21
     5a6:	47 95       	ror	r20
     5a8:	2f 5f       	subi	r18, 0xFF	; 255
     5aa:	3f 4f       	sbci	r19, 0xFF	; 255
     5ac:	77 fd       	sbrc	r23, 7
     5ae:	e7 cf       	rjmp	.-50     	; 0x57e <__mulsf3+0x140>
     5b0:	0c c0       	rjmp	.+24     	; 0x5ca <__mulsf3+0x18c>
     5b2:	44 0f       	add	r20, r20
     5b4:	55 1f       	adc	r21, r21
     5b6:	66 1f       	adc	r22, r22
     5b8:	77 1f       	adc	r23, r23
     5ba:	17 fd       	sbrc	r17, 7
     5bc:	41 60       	ori	r20, 0x01	; 1
     5be:	ee 0c       	add	r14, r14
     5c0:	ff 1c       	adc	r15, r15
     5c2:	00 1f       	adc	r16, r16
     5c4:	11 1f       	adc	r17, r17
     5c6:	21 50       	subi	r18, 0x01	; 1
     5c8:	30 40       	sbci	r19, 0x00	; 0
     5ca:	40 30       	cpi	r20, 0x00	; 0
     5cc:	90 e0       	ldi	r25, 0x00	; 0
     5ce:	59 07       	cpc	r21, r25
     5d0:	90 e0       	ldi	r25, 0x00	; 0
     5d2:	69 07       	cpc	r22, r25
     5d4:	90 e4       	ldi	r25, 0x40	; 64
     5d6:	79 07       	cpc	r23, r25
     5d8:	60 f3       	brcs	.-40     	; 0x5b2 <__mulsf3+0x174>
     5da:	2b 8f       	std	Y+27, r18	; 0x1b
     5dc:	3c 8f       	std	Y+28, r19	; 0x1c
     5de:	db 01       	movw	r26, r22
     5e0:	ca 01       	movw	r24, r20
     5e2:	8f 77       	andi	r24, 0x7F	; 127
     5e4:	90 70       	andi	r25, 0x00	; 0
     5e6:	a0 70       	andi	r26, 0x00	; 0
     5e8:	b0 70       	andi	r27, 0x00	; 0
     5ea:	80 34       	cpi	r24, 0x40	; 64
     5ec:	91 05       	cpc	r25, r1
     5ee:	a1 05       	cpc	r26, r1
     5f0:	b1 05       	cpc	r27, r1
     5f2:	61 f4       	brne	.+24     	; 0x60c <__mulsf3+0x1ce>
     5f4:	47 fd       	sbrc	r20, 7
     5f6:	0a c0       	rjmp	.+20     	; 0x60c <__mulsf3+0x1ce>
     5f8:	e1 14       	cp	r14, r1
     5fa:	f1 04       	cpc	r15, r1
     5fc:	01 05       	cpc	r16, r1
     5fe:	11 05       	cpc	r17, r1
     600:	29 f0       	breq	.+10     	; 0x60c <__mulsf3+0x1ce>
     602:	40 5c       	subi	r20, 0xC0	; 192
     604:	5f 4f       	sbci	r21, 0xFF	; 255
     606:	6f 4f       	sbci	r22, 0xFF	; 255
     608:	7f 4f       	sbci	r23, 0xFF	; 255
     60a:	40 78       	andi	r20, 0x80	; 128
     60c:	1a 8e       	std	Y+26, r1	; 0x1a
     60e:	fe 17       	cp	r31, r30
     610:	11 f0       	breq	.+4      	; 0x616 <__mulsf3+0x1d8>
     612:	81 e0       	ldi	r24, 0x01	; 1
     614:	8a 8f       	std	Y+26, r24	; 0x1a
     616:	4d 8f       	std	Y+29, r20	; 0x1d
     618:	5e 8f       	std	Y+30, r21	; 0x1e
     61a:	6f 8f       	std	Y+31, r22	; 0x1f
     61c:	78 a3       	std	Y+32, r23	; 0x20
     61e:	83 e0       	ldi	r24, 0x03	; 3
     620:	89 8f       	std	Y+25, r24	; 0x19
     622:	ce 01       	movw	r24, r28
     624:	49 96       	adiw	r24, 0x19	; 25
     626:	0e 94 71 05 	call	0xae2	; 0xae2 <__pack_f>
     62a:	a0 96       	adiw	r28, 0x20	; 32
     62c:	e2 e1       	ldi	r30, 0x12	; 18
     62e:	0c 94 9e 18 	jmp	0x313c	; 0x313c <__epilogue_restores__>

00000632 <__divsf3>:
     632:	a8 e1       	ldi	r26, 0x18	; 24
     634:	b0 e0       	ldi	r27, 0x00	; 0
     636:	ef e1       	ldi	r30, 0x1F	; 31
     638:	f3 e0       	ldi	r31, 0x03	; 3
     63a:	0c 94 8a 18 	jmp	0x3114	; 0x3114 <__prologue_saves__+0x10>
     63e:	69 83       	std	Y+1, r22	; 0x01
     640:	7a 83       	std	Y+2, r23	; 0x02
     642:	8b 83       	std	Y+3, r24	; 0x03
     644:	9c 83       	std	Y+4, r25	; 0x04
     646:	2d 83       	std	Y+5, r18	; 0x05
     648:	3e 83       	std	Y+6, r19	; 0x06
     64a:	4f 83       	std	Y+7, r20	; 0x07
     64c:	58 87       	std	Y+8, r21	; 0x08
     64e:	b9 e0       	ldi	r27, 0x09	; 9
     650:	eb 2e       	mov	r14, r27
     652:	f1 2c       	mov	r15, r1
     654:	ec 0e       	add	r14, r28
     656:	fd 1e       	adc	r15, r29
     658:	ce 01       	movw	r24, r28
     65a:	01 96       	adiw	r24, 0x01	; 1
     65c:	b7 01       	movw	r22, r14
     65e:	0e 94 46 06 	call	0xc8c	; 0xc8c <__unpack_f>
     662:	8e 01       	movw	r16, r28
     664:	0f 5e       	subi	r16, 0xEF	; 239
     666:	1f 4f       	sbci	r17, 0xFF	; 255
     668:	ce 01       	movw	r24, r28
     66a:	05 96       	adiw	r24, 0x05	; 5
     66c:	b8 01       	movw	r22, r16
     66e:	0e 94 46 06 	call	0xc8c	; 0xc8c <__unpack_f>
     672:	29 85       	ldd	r18, Y+9	; 0x09
     674:	22 30       	cpi	r18, 0x02	; 2
     676:	08 f4       	brcc	.+2      	; 0x67a <__divsf3+0x48>
     678:	7e c0       	rjmp	.+252    	; 0x776 <__divsf3+0x144>
     67a:	39 89       	ldd	r19, Y+17	; 0x11
     67c:	32 30       	cpi	r19, 0x02	; 2
     67e:	10 f4       	brcc	.+4      	; 0x684 <__divsf3+0x52>
     680:	b8 01       	movw	r22, r16
     682:	7c c0       	rjmp	.+248    	; 0x77c <__divsf3+0x14a>
     684:	8a 85       	ldd	r24, Y+10	; 0x0a
     686:	9a 89       	ldd	r25, Y+18	; 0x12
     688:	89 27       	eor	r24, r25
     68a:	8a 87       	std	Y+10, r24	; 0x0a
     68c:	24 30       	cpi	r18, 0x04	; 4
     68e:	11 f0       	breq	.+4      	; 0x694 <__divsf3+0x62>
     690:	22 30       	cpi	r18, 0x02	; 2
     692:	31 f4       	brne	.+12     	; 0x6a0 <__divsf3+0x6e>
     694:	23 17       	cp	r18, r19
     696:	09 f0       	breq	.+2      	; 0x69a <__divsf3+0x68>
     698:	6e c0       	rjmp	.+220    	; 0x776 <__divsf3+0x144>
     69a:	60 e6       	ldi	r22, 0x60	; 96
     69c:	70 e0       	ldi	r23, 0x00	; 0
     69e:	6e c0       	rjmp	.+220    	; 0x77c <__divsf3+0x14a>
     6a0:	34 30       	cpi	r19, 0x04	; 4
     6a2:	39 f4       	brne	.+14     	; 0x6b2 <__divsf3+0x80>
     6a4:	1d 86       	std	Y+13, r1	; 0x0d
     6a6:	1e 86       	std	Y+14, r1	; 0x0e
     6a8:	1f 86       	std	Y+15, r1	; 0x0f
     6aa:	18 8a       	std	Y+16, r1	; 0x10
     6ac:	1c 86       	std	Y+12, r1	; 0x0c
     6ae:	1b 86       	std	Y+11, r1	; 0x0b
     6b0:	04 c0       	rjmp	.+8      	; 0x6ba <__divsf3+0x88>
     6b2:	32 30       	cpi	r19, 0x02	; 2
     6b4:	21 f4       	brne	.+8      	; 0x6be <__divsf3+0x8c>
     6b6:	84 e0       	ldi	r24, 0x04	; 4
     6b8:	89 87       	std	Y+9, r24	; 0x09
     6ba:	b7 01       	movw	r22, r14
     6bc:	5f c0       	rjmp	.+190    	; 0x77c <__divsf3+0x14a>
     6be:	2b 85       	ldd	r18, Y+11	; 0x0b
     6c0:	3c 85       	ldd	r19, Y+12	; 0x0c
     6c2:	8b 89       	ldd	r24, Y+19	; 0x13
     6c4:	9c 89       	ldd	r25, Y+20	; 0x14
     6c6:	28 1b       	sub	r18, r24
     6c8:	39 0b       	sbc	r19, r25
     6ca:	3c 87       	std	Y+12, r19	; 0x0c
     6cc:	2b 87       	std	Y+11, r18	; 0x0b
     6ce:	ed 84       	ldd	r14, Y+13	; 0x0d
     6d0:	fe 84       	ldd	r15, Y+14	; 0x0e
     6d2:	0f 85       	ldd	r16, Y+15	; 0x0f
     6d4:	18 89       	ldd	r17, Y+16	; 0x10
     6d6:	ad 88       	ldd	r10, Y+21	; 0x15
     6d8:	be 88       	ldd	r11, Y+22	; 0x16
     6da:	cf 88       	ldd	r12, Y+23	; 0x17
     6dc:	d8 8c       	ldd	r13, Y+24	; 0x18
     6de:	ea 14       	cp	r14, r10
     6e0:	fb 04       	cpc	r15, r11
     6e2:	0c 05       	cpc	r16, r12
     6e4:	1d 05       	cpc	r17, r13
     6e6:	40 f4       	brcc	.+16     	; 0x6f8 <__divsf3+0xc6>
     6e8:	ee 0c       	add	r14, r14
     6ea:	ff 1c       	adc	r15, r15
     6ec:	00 1f       	adc	r16, r16
     6ee:	11 1f       	adc	r17, r17
     6f0:	21 50       	subi	r18, 0x01	; 1
     6f2:	30 40       	sbci	r19, 0x00	; 0
     6f4:	3c 87       	std	Y+12, r19	; 0x0c
     6f6:	2b 87       	std	Y+11, r18	; 0x0b
     6f8:	20 e0       	ldi	r18, 0x00	; 0
     6fa:	30 e0       	ldi	r19, 0x00	; 0
     6fc:	40 e0       	ldi	r20, 0x00	; 0
     6fe:	50 e0       	ldi	r21, 0x00	; 0
     700:	80 e0       	ldi	r24, 0x00	; 0
     702:	90 e0       	ldi	r25, 0x00	; 0
     704:	a0 e0       	ldi	r26, 0x00	; 0
     706:	b0 e4       	ldi	r27, 0x40	; 64
     708:	60 e0       	ldi	r22, 0x00	; 0
     70a:	70 e0       	ldi	r23, 0x00	; 0
     70c:	ea 14       	cp	r14, r10
     70e:	fb 04       	cpc	r15, r11
     710:	0c 05       	cpc	r16, r12
     712:	1d 05       	cpc	r17, r13
     714:	40 f0       	brcs	.+16     	; 0x726 <__divsf3+0xf4>
     716:	28 2b       	or	r18, r24
     718:	39 2b       	or	r19, r25
     71a:	4a 2b       	or	r20, r26
     71c:	5b 2b       	or	r21, r27
     71e:	ea 18       	sub	r14, r10
     720:	fb 08       	sbc	r15, r11
     722:	0c 09       	sbc	r16, r12
     724:	1d 09       	sbc	r17, r13
     726:	b6 95       	lsr	r27
     728:	a7 95       	ror	r26
     72a:	97 95       	ror	r25
     72c:	87 95       	ror	r24
     72e:	ee 0c       	add	r14, r14
     730:	ff 1c       	adc	r15, r15
     732:	00 1f       	adc	r16, r16
     734:	11 1f       	adc	r17, r17
     736:	6f 5f       	subi	r22, 0xFF	; 255
     738:	7f 4f       	sbci	r23, 0xFF	; 255
     73a:	6f 31       	cpi	r22, 0x1F	; 31
     73c:	71 05       	cpc	r23, r1
     73e:	31 f7       	brne	.-52     	; 0x70c <__divsf3+0xda>
     740:	da 01       	movw	r26, r20
     742:	c9 01       	movw	r24, r18
     744:	8f 77       	andi	r24, 0x7F	; 127
     746:	90 70       	andi	r25, 0x00	; 0
     748:	a0 70       	andi	r26, 0x00	; 0
     74a:	b0 70       	andi	r27, 0x00	; 0
     74c:	80 34       	cpi	r24, 0x40	; 64
     74e:	91 05       	cpc	r25, r1
     750:	a1 05       	cpc	r26, r1
     752:	b1 05       	cpc	r27, r1
     754:	61 f4       	brne	.+24     	; 0x76e <__divsf3+0x13c>
     756:	27 fd       	sbrc	r18, 7
     758:	0a c0       	rjmp	.+20     	; 0x76e <__divsf3+0x13c>
     75a:	e1 14       	cp	r14, r1
     75c:	f1 04       	cpc	r15, r1
     75e:	01 05       	cpc	r16, r1
     760:	11 05       	cpc	r17, r1
     762:	29 f0       	breq	.+10     	; 0x76e <__divsf3+0x13c>
     764:	20 5c       	subi	r18, 0xC0	; 192
     766:	3f 4f       	sbci	r19, 0xFF	; 255
     768:	4f 4f       	sbci	r20, 0xFF	; 255
     76a:	5f 4f       	sbci	r21, 0xFF	; 255
     76c:	20 78       	andi	r18, 0x80	; 128
     76e:	2d 87       	std	Y+13, r18	; 0x0d
     770:	3e 87       	std	Y+14, r19	; 0x0e
     772:	4f 87       	std	Y+15, r20	; 0x0f
     774:	58 8b       	std	Y+16, r21	; 0x10
     776:	be 01       	movw	r22, r28
     778:	67 5f       	subi	r22, 0xF7	; 247
     77a:	7f 4f       	sbci	r23, 0xFF	; 255
     77c:	cb 01       	movw	r24, r22
     77e:	0e 94 71 05 	call	0xae2	; 0xae2 <__pack_f>
     782:	68 96       	adiw	r28, 0x18	; 24
     784:	ea e0       	ldi	r30, 0x0A	; 10
     786:	0c 94 a6 18 	jmp	0x314c	; 0x314c <__epilogue_restores__+0x10>

0000078a <__gtsf2>:
     78a:	a8 e1       	ldi	r26, 0x18	; 24
     78c:	b0 e0       	ldi	r27, 0x00	; 0
     78e:	eb ec       	ldi	r30, 0xCB	; 203
     790:	f3 e0       	ldi	r31, 0x03	; 3
     792:	0c 94 8e 18 	jmp	0x311c	; 0x311c <__prologue_saves__+0x18>
     796:	69 83       	std	Y+1, r22	; 0x01
     798:	7a 83       	std	Y+2, r23	; 0x02
     79a:	8b 83       	std	Y+3, r24	; 0x03
     79c:	9c 83       	std	Y+4, r25	; 0x04
     79e:	2d 83       	std	Y+5, r18	; 0x05
     7a0:	3e 83       	std	Y+6, r19	; 0x06
     7a2:	4f 83       	std	Y+7, r20	; 0x07
     7a4:	58 87       	std	Y+8, r21	; 0x08
     7a6:	89 e0       	ldi	r24, 0x09	; 9
     7a8:	e8 2e       	mov	r14, r24
     7aa:	f1 2c       	mov	r15, r1
     7ac:	ec 0e       	add	r14, r28
     7ae:	fd 1e       	adc	r15, r29
     7b0:	ce 01       	movw	r24, r28
     7b2:	01 96       	adiw	r24, 0x01	; 1
     7b4:	b7 01       	movw	r22, r14
     7b6:	0e 94 46 06 	call	0xc8c	; 0xc8c <__unpack_f>
     7ba:	8e 01       	movw	r16, r28
     7bc:	0f 5e       	subi	r16, 0xEF	; 239
     7be:	1f 4f       	sbci	r17, 0xFF	; 255
     7c0:	ce 01       	movw	r24, r28
     7c2:	05 96       	adiw	r24, 0x05	; 5
     7c4:	b8 01       	movw	r22, r16
     7c6:	0e 94 46 06 	call	0xc8c	; 0xc8c <__unpack_f>
     7ca:	89 85       	ldd	r24, Y+9	; 0x09
     7cc:	82 30       	cpi	r24, 0x02	; 2
     7ce:	40 f0       	brcs	.+16     	; 0x7e0 <__gtsf2+0x56>
     7d0:	89 89       	ldd	r24, Y+17	; 0x11
     7d2:	82 30       	cpi	r24, 0x02	; 2
     7d4:	28 f0       	brcs	.+10     	; 0x7e0 <__gtsf2+0x56>
     7d6:	c7 01       	movw	r24, r14
     7d8:	b8 01       	movw	r22, r16
     7da:	0e 94 be 06 	call	0xd7c	; 0xd7c <__fpcmp_parts_f>
     7de:	01 c0       	rjmp	.+2      	; 0x7e2 <__gtsf2+0x58>
     7e0:	8f ef       	ldi	r24, 0xFF	; 255
     7e2:	68 96       	adiw	r28, 0x18	; 24
     7e4:	e6 e0       	ldi	r30, 0x06	; 6
     7e6:	0c 94 aa 18 	jmp	0x3154	; 0x3154 <__epilogue_restores__+0x18>

000007ea <__gesf2>:
     7ea:	a8 e1       	ldi	r26, 0x18	; 24
     7ec:	b0 e0       	ldi	r27, 0x00	; 0
     7ee:	eb ef       	ldi	r30, 0xFB	; 251
     7f0:	f3 e0       	ldi	r31, 0x03	; 3
     7f2:	0c 94 8e 18 	jmp	0x311c	; 0x311c <__prologue_saves__+0x18>
     7f6:	69 83       	std	Y+1, r22	; 0x01
     7f8:	7a 83       	std	Y+2, r23	; 0x02
     7fa:	8b 83       	std	Y+3, r24	; 0x03
     7fc:	9c 83       	std	Y+4, r25	; 0x04
     7fe:	2d 83       	std	Y+5, r18	; 0x05
     800:	3e 83       	std	Y+6, r19	; 0x06
     802:	4f 83       	std	Y+7, r20	; 0x07
     804:	58 87       	std	Y+8, r21	; 0x08
     806:	89 e0       	ldi	r24, 0x09	; 9
     808:	e8 2e       	mov	r14, r24
     80a:	f1 2c       	mov	r15, r1
     80c:	ec 0e       	add	r14, r28
     80e:	fd 1e       	adc	r15, r29
     810:	ce 01       	movw	r24, r28
     812:	01 96       	adiw	r24, 0x01	; 1
     814:	b7 01       	movw	r22, r14
     816:	0e 94 46 06 	call	0xc8c	; 0xc8c <__unpack_f>
     81a:	8e 01       	movw	r16, r28
     81c:	0f 5e       	subi	r16, 0xEF	; 239
     81e:	1f 4f       	sbci	r17, 0xFF	; 255
     820:	ce 01       	movw	r24, r28
     822:	05 96       	adiw	r24, 0x05	; 5
     824:	b8 01       	movw	r22, r16
     826:	0e 94 46 06 	call	0xc8c	; 0xc8c <__unpack_f>
     82a:	89 85       	ldd	r24, Y+9	; 0x09
     82c:	82 30       	cpi	r24, 0x02	; 2
     82e:	40 f0       	brcs	.+16     	; 0x840 <__gesf2+0x56>
     830:	89 89       	ldd	r24, Y+17	; 0x11
     832:	82 30       	cpi	r24, 0x02	; 2
     834:	28 f0       	brcs	.+10     	; 0x840 <__gesf2+0x56>
     836:	c7 01       	movw	r24, r14
     838:	b8 01       	movw	r22, r16
     83a:	0e 94 be 06 	call	0xd7c	; 0xd7c <__fpcmp_parts_f>
     83e:	01 c0       	rjmp	.+2      	; 0x842 <__gesf2+0x58>
     840:	8f ef       	ldi	r24, 0xFF	; 255
     842:	68 96       	adiw	r28, 0x18	; 24
     844:	e6 e0       	ldi	r30, 0x06	; 6
     846:	0c 94 aa 18 	jmp	0x3154	; 0x3154 <__epilogue_restores__+0x18>

0000084a <__ltsf2>:
     84a:	a8 e1       	ldi	r26, 0x18	; 24
     84c:	b0 e0       	ldi	r27, 0x00	; 0
     84e:	eb e2       	ldi	r30, 0x2B	; 43
     850:	f4 e0       	ldi	r31, 0x04	; 4
     852:	0c 94 8e 18 	jmp	0x311c	; 0x311c <__prologue_saves__+0x18>
     856:	69 83       	std	Y+1, r22	; 0x01
     858:	7a 83       	std	Y+2, r23	; 0x02
     85a:	8b 83       	std	Y+3, r24	; 0x03
     85c:	9c 83       	std	Y+4, r25	; 0x04
     85e:	2d 83       	std	Y+5, r18	; 0x05
     860:	3e 83       	std	Y+6, r19	; 0x06
     862:	4f 83       	std	Y+7, r20	; 0x07
     864:	58 87       	std	Y+8, r21	; 0x08
     866:	89 e0       	ldi	r24, 0x09	; 9
     868:	e8 2e       	mov	r14, r24
     86a:	f1 2c       	mov	r15, r1
     86c:	ec 0e       	add	r14, r28
     86e:	fd 1e       	adc	r15, r29
     870:	ce 01       	movw	r24, r28
     872:	01 96       	adiw	r24, 0x01	; 1
     874:	b7 01       	movw	r22, r14
     876:	0e 94 46 06 	call	0xc8c	; 0xc8c <__unpack_f>
     87a:	8e 01       	movw	r16, r28
     87c:	0f 5e       	subi	r16, 0xEF	; 239
     87e:	1f 4f       	sbci	r17, 0xFF	; 255
     880:	ce 01       	movw	r24, r28
     882:	05 96       	adiw	r24, 0x05	; 5
     884:	b8 01       	movw	r22, r16
     886:	0e 94 46 06 	call	0xc8c	; 0xc8c <__unpack_f>
     88a:	89 85       	ldd	r24, Y+9	; 0x09
     88c:	82 30       	cpi	r24, 0x02	; 2
     88e:	40 f0       	brcs	.+16     	; 0x8a0 <__stack+0x41>
     890:	89 89       	ldd	r24, Y+17	; 0x11
     892:	82 30       	cpi	r24, 0x02	; 2
     894:	28 f0       	brcs	.+10     	; 0x8a0 <__stack+0x41>
     896:	c7 01       	movw	r24, r14
     898:	b8 01       	movw	r22, r16
     89a:	0e 94 be 06 	call	0xd7c	; 0xd7c <__fpcmp_parts_f>
     89e:	01 c0       	rjmp	.+2      	; 0x8a2 <__stack+0x43>
     8a0:	81 e0       	ldi	r24, 0x01	; 1
     8a2:	68 96       	adiw	r28, 0x18	; 24
     8a4:	e6 e0       	ldi	r30, 0x06	; 6
     8a6:	0c 94 aa 18 	jmp	0x3154	; 0x3154 <__epilogue_restores__+0x18>

000008aa <__fixsfsi>:
     8aa:	ac e0       	ldi	r26, 0x0C	; 12
     8ac:	b0 e0       	ldi	r27, 0x00	; 0
     8ae:	eb e5       	ldi	r30, 0x5B	; 91
     8b0:	f4 e0       	ldi	r31, 0x04	; 4
     8b2:	0c 94 92 18 	jmp	0x3124	; 0x3124 <__prologue_saves__+0x20>
     8b6:	69 83       	std	Y+1, r22	; 0x01
     8b8:	7a 83       	std	Y+2, r23	; 0x02
     8ba:	8b 83       	std	Y+3, r24	; 0x03
     8bc:	9c 83       	std	Y+4, r25	; 0x04
     8be:	ce 01       	movw	r24, r28
     8c0:	01 96       	adiw	r24, 0x01	; 1
     8c2:	be 01       	movw	r22, r28
     8c4:	6b 5f       	subi	r22, 0xFB	; 251
     8c6:	7f 4f       	sbci	r23, 0xFF	; 255
     8c8:	0e 94 46 06 	call	0xc8c	; 0xc8c <__unpack_f>
     8cc:	8d 81       	ldd	r24, Y+5	; 0x05
     8ce:	82 30       	cpi	r24, 0x02	; 2
     8d0:	61 f1       	breq	.+88     	; 0x92a <__fixsfsi+0x80>
     8d2:	82 30       	cpi	r24, 0x02	; 2
     8d4:	50 f1       	brcs	.+84     	; 0x92a <__fixsfsi+0x80>
     8d6:	84 30       	cpi	r24, 0x04	; 4
     8d8:	21 f4       	brne	.+8      	; 0x8e2 <__fixsfsi+0x38>
     8da:	8e 81       	ldd	r24, Y+6	; 0x06
     8dc:	88 23       	and	r24, r24
     8de:	51 f1       	breq	.+84     	; 0x934 <__fixsfsi+0x8a>
     8e0:	2e c0       	rjmp	.+92     	; 0x93e <__fixsfsi+0x94>
     8e2:	2f 81       	ldd	r18, Y+7	; 0x07
     8e4:	38 85       	ldd	r19, Y+8	; 0x08
     8e6:	37 fd       	sbrc	r19, 7
     8e8:	20 c0       	rjmp	.+64     	; 0x92a <__fixsfsi+0x80>
     8ea:	6e 81       	ldd	r22, Y+6	; 0x06
     8ec:	2f 31       	cpi	r18, 0x1F	; 31
     8ee:	31 05       	cpc	r19, r1
     8f0:	1c f0       	brlt	.+6      	; 0x8f8 <__fixsfsi+0x4e>
     8f2:	66 23       	and	r22, r22
     8f4:	f9 f0       	breq	.+62     	; 0x934 <__fixsfsi+0x8a>
     8f6:	23 c0       	rjmp	.+70     	; 0x93e <__fixsfsi+0x94>
     8f8:	8e e1       	ldi	r24, 0x1E	; 30
     8fa:	90 e0       	ldi	r25, 0x00	; 0
     8fc:	82 1b       	sub	r24, r18
     8fe:	93 0b       	sbc	r25, r19
     900:	29 85       	ldd	r18, Y+9	; 0x09
     902:	3a 85       	ldd	r19, Y+10	; 0x0a
     904:	4b 85       	ldd	r20, Y+11	; 0x0b
     906:	5c 85       	ldd	r21, Y+12	; 0x0c
     908:	04 c0       	rjmp	.+8      	; 0x912 <__fixsfsi+0x68>
     90a:	56 95       	lsr	r21
     90c:	47 95       	ror	r20
     90e:	37 95       	ror	r19
     910:	27 95       	ror	r18
     912:	8a 95       	dec	r24
     914:	d2 f7       	brpl	.-12     	; 0x90a <__fixsfsi+0x60>
     916:	66 23       	and	r22, r22
     918:	b1 f0       	breq	.+44     	; 0x946 <__fixsfsi+0x9c>
     91a:	50 95       	com	r21
     91c:	40 95       	com	r20
     91e:	30 95       	com	r19
     920:	21 95       	neg	r18
     922:	3f 4f       	sbci	r19, 0xFF	; 255
     924:	4f 4f       	sbci	r20, 0xFF	; 255
     926:	5f 4f       	sbci	r21, 0xFF	; 255
     928:	0e c0       	rjmp	.+28     	; 0x946 <__fixsfsi+0x9c>
     92a:	20 e0       	ldi	r18, 0x00	; 0
     92c:	30 e0       	ldi	r19, 0x00	; 0
     92e:	40 e0       	ldi	r20, 0x00	; 0
     930:	50 e0       	ldi	r21, 0x00	; 0
     932:	09 c0       	rjmp	.+18     	; 0x946 <__fixsfsi+0x9c>
     934:	2f ef       	ldi	r18, 0xFF	; 255
     936:	3f ef       	ldi	r19, 0xFF	; 255
     938:	4f ef       	ldi	r20, 0xFF	; 255
     93a:	5f e7       	ldi	r21, 0x7F	; 127
     93c:	04 c0       	rjmp	.+8      	; 0x946 <__fixsfsi+0x9c>
     93e:	20 e0       	ldi	r18, 0x00	; 0
     940:	30 e0       	ldi	r19, 0x00	; 0
     942:	40 e0       	ldi	r20, 0x00	; 0
     944:	50 e8       	ldi	r21, 0x80	; 128
     946:	b9 01       	movw	r22, r18
     948:	ca 01       	movw	r24, r20
     94a:	2c 96       	adiw	r28, 0x0c	; 12
     94c:	e2 e0       	ldi	r30, 0x02	; 2
     94e:	0c 94 ae 18 	jmp	0x315c	; 0x315c <__epilogue_restores__+0x20>

00000952 <__floatunsisf>:
     952:	a8 e0       	ldi	r26, 0x08	; 8
     954:	b0 e0       	ldi	r27, 0x00	; 0
     956:	ef ea       	ldi	r30, 0xAF	; 175
     958:	f4 e0       	ldi	r31, 0x04	; 4
     95a:	0c 94 8a 18 	jmp	0x3114	; 0x3114 <__prologue_saves__+0x10>
     95e:	7b 01       	movw	r14, r22
     960:	8c 01       	movw	r16, r24
     962:	61 15       	cp	r22, r1
     964:	71 05       	cpc	r23, r1
     966:	81 05       	cpc	r24, r1
     968:	91 05       	cpc	r25, r1
     96a:	19 f4       	brne	.+6      	; 0x972 <__floatunsisf+0x20>
     96c:	82 e0       	ldi	r24, 0x02	; 2
     96e:	89 83       	std	Y+1, r24	; 0x01
     970:	60 c0       	rjmp	.+192    	; 0xa32 <__floatunsisf+0xe0>
     972:	83 e0       	ldi	r24, 0x03	; 3
     974:	89 83       	std	Y+1, r24	; 0x01
     976:	8e e1       	ldi	r24, 0x1E	; 30
     978:	c8 2e       	mov	r12, r24
     97a:	d1 2c       	mov	r13, r1
     97c:	dc 82       	std	Y+4, r13	; 0x04
     97e:	cb 82       	std	Y+3, r12	; 0x03
     980:	ed 82       	std	Y+5, r14	; 0x05
     982:	fe 82       	std	Y+6, r15	; 0x06
     984:	0f 83       	std	Y+7, r16	; 0x07
     986:	18 87       	std	Y+8, r17	; 0x08
     988:	c8 01       	movw	r24, r16
     98a:	b7 01       	movw	r22, r14
     98c:	0e 94 22 05 	call	0xa44	; 0xa44 <__clzsi2>
     990:	fc 01       	movw	r30, r24
     992:	31 97       	sbiw	r30, 0x01	; 1
     994:	f7 ff       	sbrs	r31, 7
     996:	3b c0       	rjmp	.+118    	; 0xa0e <__floatunsisf+0xbc>
     998:	22 27       	eor	r18, r18
     99a:	33 27       	eor	r19, r19
     99c:	2e 1b       	sub	r18, r30
     99e:	3f 0b       	sbc	r19, r31
     9a0:	57 01       	movw	r10, r14
     9a2:	68 01       	movw	r12, r16
     9a4:	02 2e       	mov	r0, r18
     9a6:	04 c0       	rjmp	.+8      	; 0x9b0 <__floatunsisf+0x5e>
     9a8:	d6 94       	lsr	r13
     9aa:	c7 94       	ror	r12
     9ac:	b7 94       	ror	r11
     9ae:	a7 94       	ror	r10
     9b0:	0a 94       	dec	r0
     9b2:	d2 f7       	brpl	.-12     	; 0x9a8 <__floatunsisf+0x56>
     9b4:	40 e0       	ldi	r20, 0x00	; 0
     9b6:	50 e0       	ldi	r21, 0x00	; 0
     9b8:	60 e0       	ldi	r22, 0x00	; 0
     9ba:	70 e0       	ldi	r23, 0x00	; 0
     9bc:	81 e0       	ldi	r24, 0x01	; 1
     9be:	90 e0       	ldi	r25, 0x00	; 0
     9c0:	a0 e0       	ldi	r26, 0x00	; 0
     9c2:	b0 e0       	ldi	r27, 0x00	; 0
     9c4:	04 c0       	rjmp	.+8      	; 0x9ce <__floatunsisf+0x7c>
     9c6:	88 0f       	add	r24, r24
     9c8:	99 1f       	adc	r25, r25
     9ca:	aa 1f       	adc	r26, r26
     9cc:	bb 1f       	adc	r27, r27
     9ce:	2a 95       	dec	r18
     9d0:	d2 f7       	brpl	.-12     	; 0x9c6 <__floatunsisf+0x74>
     9d2:	01 97       	sbiw	r24, 0x01	; 1
     9d4:	a1 09       	sbc	r26, r1
     9d6:	b1 09       	sbc	r27, r1
     9d8:	8e 21       	and	r24, r14
     9da:	9f 21       	and	r25, r15
     9dc:	a0 23       	and	r26, r16
     9de:	b1 23       	and	r27, r17
     9e0:	00 97       	sbiw	r24, 0x00	; 0
     9e2:	a1 05       	cpc	r26, r1
     9e4:	b1 05       	cpc	r27, r1
     9e6:	21 f0       	breq	.+8      	; 0x9f0 <__floatunsisf+0x9e>
     9e8:	41 e0       	ldi	r20, 0x01	; 1
     9ea:	50 e0       	ldi	r21, 0x00	; 0
     9ec:	60 e0       	ldi	r22, 0x00	; 0
     9ee:	70 e0       	ldi	r23, 0x00	; 0
     9f0:	4a 29       	or	r20, r10
     9f2:	5b 29       	or	r21, r11
     9f4:	6c 29       	or	r22, r12
     9f6:	7d 29       	or	r23, r13
     9f8:	4d 83       	std	Y+5, r20	; 0x05
     9fa:	5e 83       	std	Y+6, r21	; 0x06
     9fc:	6f 83       	std	Y+7, r22	; 0x07
     9fe:	78 87       	std	Y+8, r23	; 0x08
     a00:	8e e1       	ldi	r24, 0x1E	; 30
     a02:	90 e0       	ldi	r25, 0x00	; 0
     a04:	8e 1b       	sub	r24, r30
     a06:	9f 0b       	sbc	r25, r31
     a08:	9c 83       	std	Y+4, r25	; 0x04
     a0a:	8b 83       	std	Y+3, r24	; 0x03
     a0c:	12 c0       	rjmp	.+36     	; 0xa32 <__floatunsisf+0xe0>
     a0e:	30 97       	sbiw	r30, 0x00	; 0
     a10:	81 f0       	breq	.+32     	; 0xa32 <__floatunsisf+0xe0>
     a12:	0e 2e       	mov	r0, r30
     a14:	04 c0       	rjmp	.+8      	; 0xa1e <__floatunsisf+0xcc>
     a16:	ee 0c       	add	r14, r14
     a18:	ff 1c       	adc	r15, r15
     a1a:	00 1f       	adc	r16, r16
     a1c:	11 1f       	adc	r17, r17
     a1e:	0a 94       	dec	r0
     a20:	d2 f7       	brpl	.-12     	; 0xa16 <__floatunsisf+0xc4>
     a22:	ed 82       	std	Y+5, r14	; 0x05
     a24:	fe 82       	std	Y+6, r15	; 0x06
     a26:	0f 83       	std	Y+7, r16	; 0x07
     a28:	18 87       	std	Y+8, r17	; 0x08
     a2a:	ce 1a       	sub	r12, r30
     a2c:	df 0a       	sbc	r13, r31
     a2e:	dc 82       	std	Y+4, r13	; 0x04
     a30:	cb 82       	std	Y+3, r12	; 0x03
     a32:	1a 82       	std	Y+2, r1	; 0x02
     a34:	ce 01       	movw	r24, r28
     a36:	01 96       	adiw	r24, 0x01	; 1
     a38:	0e 94 71 05 	call	0xae2	; 0xae2 <__pack_f>
     a3c:	28 96       	adiw	r28, 0x08	; 8
     a3e:	ea e0       	ldi	r30, 0x0A	; 10
     a40:	0c 94 a6 18 	jmp	0x314c	; 0x314c <__epilogue_restores__+0x10>

00000a44 <__clzsi2>:
     a44:	ef 92       	push	r14
     a46:	ff 92       	push	r15
     a48:	0f 93       	push	r16
     a4a:	1f 93       	push	r17
     a4c:	7b 01       	movw	r14, r22
     a4e:	8c 01       	movw	r16, r24
     a50:	80 e0       	ldi	r24, 0x00	; 0
     a52:	e8 16       	cp	r14, r24
     a54:	80 e0       	ldi	r24, 0x00	; 0
     a56:	f8 06       	cpc	r15, r24
     a58:	81 e0       	ldi	r24, 0x01	; 1
     a5a:	08 07       	cpc	r16, r24
     a5c:	80 e0       	ldi	r24, 0x00	; 0
     a5e:	18 07       	cpc	r17, r24
     a60:	88 f4       	brcc	.+34     	; 0xa84 <__clzsi2+0x40>
     a62:	8f ef       	ldi	r24, 0xFF	; 255
     a64:	e8 16       	cp	r14, r24
     a66:	f1 04       	cpc	r15, r1
     a68:	01 05       	cpc	r16, r1
     a6a:	11 05       	cpc	r17, r1
     a6c:	31 f0       	breq	.+12     	; 0xa7a <__clzsi2+0x36>
     a6e:	28 f0       	brcs	.+10     	; 0xa7a <__clzsi2+0x36>
     a70:	88 e0       	ldi	r24, 0x08	; 8
     a72:	90 e0       	ldi	r25, 0x00	; 0
     a74:	a0 e0       	ldi	r26, 0x00	; 0
     a76:	b0 e0       	ldi	r27, 0x00	; 0
     a78:	17 c0       	rjmp	.+46     	; 0xaa8 <__clzsi2+0x64>
     a7a:	80 e0       	ldi	r24, 0x00	; 0
     a7c:	90 e0       	ldi	r25, 0x00	; 0
     a7e:	a0 e0       	ldi	r26, 0x00	; 0
     a80:	b0 e0       	ldi	r27, 0x00	; 0
     a82:	12 c0       	rjmp	.+36     	; 0xaa8 <__clzsi2+0x64>
     a84:	80 e0       	ldi	r24, 0x00	; 0
     a86:	e8 16       	cp	r14, r24
     a88:	80 e0       	ldi	r24, 0x00	; 0
     a8a:	f8 06       	cpc	r15, r24
     a8c:	80 e0       	ldi	r24, 0x00	; 0
     a8e:	08 07       	cpc	r16, r24
     a90:	81 e0       	ldi	r24, 0x01	; 1
     a92:	18 07       	cpc	r17, r24
     a94:	28 f0       	brcs	.+10     	; 0xaa0 <__clzsi2+0x5c>
     a96:	88 e1       	ldi	r24, 0x18	; 24
     a98:	90 e0       	ldi	r25, 0x00	; 0
     a9a:	a0 e0       	ldi	r26, 0x00	; 0
     a9c:	b0 e0       	ldi	r27, 0x00	; 0
     a9e:	04 c0       	rjmp	.+8      	; 0xaa8 <__clzsi2+0x64>
     aa0:	80 e1       	ldi	r24, 0x10	; 16
     aa2:	90 e0       	ldi	r25, 0x00	; 0
     aa4:	a0 e0       	ldi	r26, 0x00	; 0
     aa6:	b0 e0       	ldi	r27, 0x00	; 0
     aa8:	20 e2       	ldi	r18, 0x20	; 32
     aaa:	30 e0       	ldi	r19, 0x00	; 0
     aac:	40 e0       	ldi	r20, 0x00	; 0
     aae:	50 e0       	ldi	r21, 0x00	; 0
     ab0:	28 1b       	sub	r18, r24
     ab2:	39 0b       	sbc	r19, r25
     ab4:	4a 0b       	sbc	r20, r26
     ab6:	5b 0b       	sbc	r21, r27
     ab8:	04 c0       	rjmp	.+8      	; 0xac2 <__clzsi2+0x7e>
     aba:	16 95       	lsr	r17
     abc:	07 95       	ror	r16
     abe:	f7 94       	ror	r15
     ac0:	e7 94       	ror	r14
     ac2:	8a 95       	dec	r24
     ac4:	d2 f7       	brpl	.-12     	; 0xaba <__clzsi2+0x76>
     ac6:	f7 01       	movw	r30, r14
     ac8:	e8 59       	subi	r30, 0x98	; 152
     aca:	ff 4f       	sbci	r31, 0xFF	; 255
     acc:	80 81       	ld	r24, Z
     ace:	28 1b       	sub	r18, r24
     ad0:	31 09       	sbc	r19, r1
     ad2:	41 09       	sbc	r20, r1
     ad4:	51 09       	sbc	r21, r1
     ad6:	c9 01       	movw	r24, r18
     ad8:	1f 91       	pop	r17
     ada:	0f 91       	pop	r16
     adc:	ff 90       	pop	r15
     ade:	ef 90       	pop	r14
     ae0:	08 95       	ret

00000ae2 <__pack_f>:
     ae2:	df 92       	push	r13
     ae4:	ef 92       	push	r14
     ae6:	ff 92       	push	r15
     ae8:	0f 93       	push	r16
     aea:	1f 93       	push	r17
     aec:	fc 01       	movw	r30, r24
     aee:	e4 80       	ldd	r14, Z+4	; 0x04
     af0:	f5 80       	ldd	r15, Z+5	; 0x05
     af2:	06 81       	ldd	r16, Z+6	; 0x06
     af4:	17 81       	ldd	r17, Z+7	; 0x07
     af6:	d1 80       	ldd	r13, Z+1	; 0x01
     af8:	80 81       	ld	r24, Z
     afa:	82 30       	cpi	r24, 0x02	; 2
     afc:	48 f4       	brcc	.+18     	; 0xb10 <__pack_f+0x2e>
     afe:	80 e0       	ldi	r24, 0x00	; 0
     b00:	90 e0       	ldi	r25, 0x00	; 0
     b02:	a0 e1       	ldi	r26, 0x10	; 16
     b04:	b0 e0       	ldi	r27, 0x00	; 0
     b06:	e8 2a       	or	r14, r24
     b08:	f9 2a       	or	r15, r25
     b0a:	0a 2b       	or	r16, r26
     b0c:	1b 2b       	or	r17, r27
     b0e:	a5 c0       	rjmp	.+330    	; 0xc5a <__pack_f+0x178>
     b10:	84 30       	cpi	r24, 0x04	; 4
     b12:	09 f4       	brne	.+2      	; 0xb16 <__pack_f+0x34>
     b14:	9f c0       	rjmp	.+318    	; 0xc54 <__pack_f+0x172>
     b16:	82 30       	cpi	r24, 0x02	; 2
     b18:	21 f4       	brne	.+8      	; 0xb22 <__pack_f+0x40>
     b1a:	ee 24       	eor	r14, r14
     b1c:	ff 24       	eor	r15, r15
     b1e:	87 01       	movw	r16, r14
     b20:	05 c0       	rjmp	.+10     	; 0xb2c <__pack_f+0x4a>
     b22:	e1 14       	cp	r14, r1
     b24:	f1 04       	cpc	r15, r1
     b26:	01 05       	cpc	r16, r1
     b28:	11 05       	cpc	r17, r1
     b2a:	19 f4       	brne	.+6      	; 0xb32 <__pack_f+0x50>
     b2c:	e0 e0       	ldi	r30, 0x00	; 0
     b2e:	f0 e0       	ldi	r31, 0x00	; 0
     b30:	96 c0       	rjmp	.+300    	; 0xc5e <__pack_f+0x17c>
     b32:	62 81       	ldd	r22, Z+2	; 0x02
     b34:	73 81       	ldd	r23, Z+3	; 0x03
     b36:	9f ef       	ldi	r25, 0xFF	; 255
     b38:	62 38       	cpi	r22, 0x82	; 130
     b3a:	79 07       	cpc	r23, r25
     b3c:	0c f0       	brlt	.+2      	; 0xb40 <__pack_f+0x5e>
     b3e:	5b c0       	rjmp	.+182    	; 0xbf6 <__pack_f+0x114>
     b40:	22 e8       	ldi	r18, 0x82	; 130
     b42:	3f ef       	ldi	r19, 0xFF	; 255
     b44:	26 1b       	sub	r18, r22
     b46:	37 0b       	sbc	r19, r23
     b48:	2a 31       	cpi	r18, 0x1A	; 26
     b4a:	31 05       	cpc	r19, r1
     b4c:	2c f0       	brlt	.+10     	; 0xb58 <__pack_f+0x76>
     b4e:	20 e0       	ldi	r18, 0x00	; 0
     b50:	30 e0       	ldi	r19, 0x00	; 0
     b52:	40 e0       	ldi	r20, 0x00	; 0
     b54:	50 e0       	ldi	r21, 0x00	; 0
     b56:	2a c0       	rjmp	.+84     	; 0xbac <__pack_f+0xca>
     b58:	b8 01       	movw	r22, r16
     b5a:	a7 01       	movw	r20, r14
     b5c:	02 2e       	mov	r0, r18
     b5e:	04 c0       	rjmp	.+8      	; 0xb68 <__pack_f+0x86>
     b60:	76 95       	lsr	r23
     b62:	67 95       	ror	r22
     b64:	57 95       	ror	r21
     b66:	47 95       	ror	r20
     b68:	0a 94       	dec	r0
     b6a:	d2 f7       	brpl	.-12     	; 0xb60 <__pack_f+0x7e>
     b6c:	81 e0       	ldi	r24, 0x01	; 1
     b6e:	90 e0       	ldi	r25, 0x00	; 0
     b70:	a0 e0       	ldi	r26, 0x00	; 0
     b72:	b0 e0       	ldi	r27, 0x00	; 0
     b74:	04 c0       	rjmp	.+8      	; 0xb7e <__pack_f+0x9c>
     b76:	88 0f       	add	r24, r24
     b78:	99 1f       	adc	r25, r25
     b7a:	aa 1f       	adc	r26, r26
     b7c:	bb 1f       	adc	r27, r27
     b7e:	2a 95       	dec	r18
     b80:	d2 f7       	brpl	.-12     	; 0xb76 <__pack_f+0x94>
     b82:	01 97       	sbiw	r24, 0x01	; 1
     b84:	a1 09       	sbc	r26, r1
     b86:	b1 09       	sbc	r27, r1
     b88:	8e 21       	and	r24, r14
     b8a:	9f 21       	and	r25, r15
     b8c:	a0 23       	and	r26, r16
     b8e:	b1 23       	and	r27, r17
     b90:	00 97       	sbiw	r24, 0x00	; 0
     b92:	a1 05       	cpc	r26, r1
     b94:	b1 05       	cpc	r27, r1
     b96:	21 f0       	breq	.+8      	; 0xba0 <__pack_f+0xbe>
     b98:	81 e0       	ldi	r24, 0x01	; 1
     b9a:	90 e0       	ldi	r25, 0x00	; 0
     b9c:	a0 e0       	ldi	r26, 0x00	; 0
     b9e:	b0 e0       	ldi	r27, 0x00	; 0
     ba0:	9a 01       	movw	r18, r20
     ba2:	ab 01       	movw	r20, r22
     ba4:	28 2b       	or	r18, r24
     ba6:	39 2b       	or	r19, r25
     ba8:	4a 2b       	or	r20, r26
     baa:	5b 2b       	or	r21, r27
     bac:	da 01       	movw	r26, r20
     bae:	c9 01       	movw	r24, r18
     bb0:	8f 77       	andi	r24, 0x7F	; 127
     bb2:	90 70       	andi	r25, 0x00	; 0
     bb4:	a0 70       	andi	r26, 0x00	; 0
     bb6:	b0 70       	andi	r27, 0x00	; 0
     bb8:	80 34       	cpi	r24, 0x40	; 64
     bba:	91 05       	cpc	r25, r1
     bbc:	a1 05       	cpc	r26, r1
     bbe:	b1 05       	cpc	r27, r1
     bc0:	39 f4       	brne	.+14     	; 0xbd0 <__pack_f+0xee>
     bc2:	27 ff       	sbrs	r18, 7
     bc4:	09 c0       	rjmp	.+18     	; 0xbd8 <__pack_f+0xf6>
     bc6:	20 5c       	subi	r18, 0xC0	; 192
     bc8:	3f 4f       	sbci	r19, 0xFF	; 255
     bca:	4f 4f       	sbci	r20, 0xFF	; 255
     bcc:	5f 4f       	sbci	r21, 0xFF	; 255
     bce:	04 c0       	rjmp	.+8      	; 0xbd8 <__pack_f+0xf6>
     bd0:	21 5c       	subi	r18, 0xC1	; 193
     bd2:	3f 4f       	sbci	r19, 0xFF	; 255
     bd4:	4f 4f       	sbci	r20, 0xFF	; 255
     bd6:	5f 4f       	sbci	r21, 0xFF	; 255
     bd8:	e0 e0       	ldi	r30, 0x00	; 0
     bda:	f0 e0       	ldi	r31, 0x00	; 0
     bdc:	20 30       	cpi	r18, 0x00	; 0
     bde:	a0 e0       	ldi	r26, 0x00	; 0
     be0:	3a 07       	cpc	r19, r26
     be2:	a0 e0       	ldi	r26, 0x00	; 0
     be4:	4a 07       	cpc	r20, r26
     be6:	a0 e4       	ldi	r26, 0x40	; 64
     be8:	5a 07       	cpc	r21, r26
     bea:	10 f0       	brcs	.+4      	; 0xbf0 <__pack_f+0x10e>
     bec:	e1 e0       	ldi	r30, 0x01	; 1
     bee:	f0 e0       	ldi	r31, 0x00	; 0
     bf0:	79 01       	movw	r14, r18
     bf2:	8a 01       	movw	r16, r20
     bf4:	27 c0       	rjmp	.+78     	; 0xc44 <__pack_f+0x162>
     bf6:	60 38       	cpi	r22, 0x80	; 128
     bf8:	71 05       	cpc	r23, r1
     bfa:	64 f5       	brge	.+88     	; 0xc54 <__pack_f+0x172>
     bfc:	fb 01       	movw	r30, r22
     bfe:	e1 58       	subi	r30, 0x81	; 129
     c00:	ff 4f       	sbci	r31, 0xFF	; 255
     c02:	d8 01       	movw	r26, r16
     c04:	c7 01       	movw	r24, r14
     c06:	8f 77       	andi	r24, 0x7F	; 127
     c08:	90 70       	andi	r25, 0x00	; 0
     c0a:	a0 70       	andi	r26, 0x00	; 0
     c0c:	b0 70       	andi	r27, 0x00	; 0
     c0e:	80 34       	cpi	r24, 0x40	; 64
     c10:	91 05       	cpc	r25, r1
     c12:	a1 05       	cpc	r26, r1
     c14:	b1 05       	cpc	r27, r1
     c16:	39 f4       	brne	.+14     	; 0xc26 <__pack_f+0x144>
     c18:	e7 fe       	sbrs	r14, 7
     c1a:	0d c0       	rjmp	.+26     	; 0xc36 <__pack_f+0x154>
     c1c:	80 e4       	ldi	r24, 0x40	; 64
     c1e:	90 e0       	ldi	r25, 0x00	; 0
     c20:	a0 e0       	ldi	r26, 0x00	; 0
     c22:	b0 e0       	ldi	r27, 0x00	; 0
     c24:	04 c0       	rjmp	.+8      	; 0xc2e <__pack_f+0x14c>
     c26:	8f e3       	ldi	r24, 0x3F	; 63
     c28:	90 e0       	ldi	r25, 0x00	; 0
     c2a:	a0 e0       	ldi	r26, 0x00	; 0
     c2c:	b0 e0       	ldi	r27, 0x00	; 0
     c2e:	e8 0e       	add	r14, r24
     c30:	f9 1e       	adc	r15, r25
     c32:	0a 1f       	adc	r16, r26
     c34:	1b 1f       	adc	r17, r27
     c36:	17 ff       	sbrs	r17, 7
     c38:	05 c0       	rjmp	.+10     	; 0xc44 <__pack_f+0x162>
     c3a:	16 95       	lsr	r17
     c3c:	07 95       	ror	r16
     c3e:	f7 94       	ror	r15
     c40:	e7 94       	ror	r14
     c42:	31 96       	adiw	r30, 0x01	; 1
     c44:	87 e0       	ldi	r24, 0x07	; 7
     c46:	16 95       	lsr	r17
     c48:	07 95       	ror	r16
     c4a:	f7 94       	ror	r15
     c4c:	e7 94       	ror	r14
     c4e:	8a 95       	dec	r24
     c50:	d1 f7       	brne	.-12     	; 0xc46 <__pack_f+0x164>
     c52:	05 c0       	rjmp	.+10     	; 0xc5e <__pack_f+0x17c>
     c54:	ee 24       	eor	r14, r14
     c56:	ff 24       	eor	r15, r15
     c58:	87 01       	movw	r16, r14
     c5a:	ef ef       	ldi	r30, 0xFF	; 255
     c5c:	f0 e0       	ldi	r31, 0x00	; 0
     c5e:	6e 2f       	mov	r22, r30
     c60:	67 95       	ror	r22
     c62:	66 27       	eor	r22, r22
     c64:	67 95       	ror	r22
     c66:	90 2f       	mov	r25, r16
     c68:	9f 77       	andi	r25, 0x7F	; 127
     c6a:	d7 94       	ror	r13
     c6c:	dd 24       	eor	r13, r13
     c6e:	d7 94       	ror	r13
     c70:	8e 2f       	mov	r24, r30
     c72:	86 95       	lsr	r24
     c74:	49 2f       	mov	r20, r25
     c76:	46 2b       	or	r20, r22
     c78:	58 2f       	mov	r21, r24
     c7a:	5d 29       	or	r21, r13
     c7c:	b7 01       	movw	r22, r14
     c7e:	ca 01       	movw	r24, r20
     c80:	1f 91       	pop	r17
     c82:	0f 91       	pop	r16
     c84:	ff 90       	pop	r15
     c86:	ef 90       	pop	r14
     c88:	df 90       	pop	r13
     c8a:	08 95       	ret

00000c8c <__unpack_f>:
     c8c:	fc 01       	movw	r30, r24
     c8e:	db 01       	movw	r26, r22
     c90:	40 81       	ld	r20, Z
     c92:	51 81       	ldd	r21, Z+1	; 0x01
     c94:	22 81       	ldd	r18, Z+2	; 0x02
     c96:	62 2f       	mov	r22, r18
     c98:	6f 77       	andi	r22, 0x7F	; 127
     c9a:	70 e0       	ldi	r23, 0x00	; 0
     c9c:	22 1f       	adc	r18, r18
     c9e:	22 27       	eor	r18, r18
     ca0:	22 1f       	adc	r18, r18
     ca2:	93 81       	ldd	r25, Z+3	; 0x03
     ca4:	89 2f       	mov	r24, r25
     ca6:	88 0f       	add	r24, r24
     ca8:	82 2b       	or	r24, r18
     caa:	28 2f       	mov	r18, r24
     cac:	30 e0       	ldi	r19, 0x00	; 0
     cae:	99 1f       	adc	r25, r25
     cb0:	99 27       	eor	r25, r25
     cb2:	99 1f       	adc	r25, r25
     cb4:	11 96       	adiw	r26, 0x01	; 1
     cb6:	9c 93       	st	X, r25
     cb8:	11 97       	sbiw	r26, 0x01	; 1
     cba:	21 15       	cp	r18, r1
     cbc:	31 05       	cpc	r19, r1
     cbe:	a9 f5       	brne	.+106    	; 0xd2a <__unpack_f+0x9e>
     cc0:	41 15       	cp	r20, r1
     cc2:	51 05       	cpc	r21, r1
     cc4:	61 05       	cpc	r22, r1
     cc6:	71 05       	cpc	r23, r1
     cc8:	11 f4       	brne	.+4      	; 0xcce <__unpack_f+0x42>
     cca:	82 e0       	ldi	r24, 0x02	; 2
     ccc:	37 c0       	rjmp	.+110    	; 0xd3c <__unpack_f+0xb0>
     cce:	82 e8       	ldi	r24, 0x82	; 130
     cd0:	9f ef       	ldi	r25, 0xFF	; 255
     cd2:	13 96       	adiw	r26, 0x03	; 3
     cd4:	9c 93       	st	X, r25
     cd6:	8e 93       	st	-X, r24
     cd8:	12 97       	sbiw	r26, 0x02	; 2
     cda:	9a 01       	movw	r18, r20
     cdc:	ab 01       	movw	r20, r22
     cde:	67 e0       	ldi	r22, 0x07	; 7
     ce0:	22 0f       	add	r18, r18
     ce2:	33 1f       	adc	r19, r19
     ce4:	44 1f       	adc	r20, r20
     ce6:	55 1f       	adc	r21, r21
     ce8:	6a 95       	dec	r22
     cea:	d1 f7       	brne	.-12     	; 0xce0 <__unpack_f+0x54>
     cec:	83 e0       	ldi	r24, 0x03	; 3
     cee:	8c 93       	st	X, r24
     cf0:	0d c0       	rjmp	.+26     	; 0xd0c <__unpack_f+0x80>
     cf2:	22 0f       	add	r18, r18
     cf4:	33 1f       	adc	r19, r19
     cf6:	44 1f       	adc	r20, r20
     cf8:	55 1f       	adc	r21, r21
     cfa:	12 96       	adiw	r26, 0x02	; 2
     cfc:	8d 91       	ld	r24, X+
     cfe:	9c 91       	ld	r25, X
     d00:	13 97       	sbiw	r26, 0x03	; 3
     d02:	01 97       	sbiw	r24, 0x01	; 1
     d04:	13 96       	adiw	r26, 0x03	; 3
     d06:	9c 93       	st	X, r25
     d08:	8e 93       	st	-X, r24
     d0a:	12 97       	sbiw	r26, 0x02	; 2
     d0c:	20 30       	cpi	r18, 0x00	; 0
     d0e:	80 e0       	ldi	r24, 0x00	; 0
     d10:	38 07       	cpc	r19, r24
     d12:	80 e0       	ldi	r24, 0x00	; 0
     d14:	48 07       	cpc	r20, r24
     d16:	80 e4       	ldi	r24, 0x40	; 64
     d18:	58 07       	cpc	r21, r24
     d1a:	58 f3       	brcs	.-42     	; 0xcf2 <__unpack_f+0x66>
     d1c:	14 96       	adiw	r26, 0x04	; 4
     d1e:	2d 93       	st	X+, r18
     d20:	3d 93       	st	X+, r19
     d22:	4d 93       	st	X+, r20
     d24:	5c 93       	st	X, r21
     d26:	17 97       	sbiw	r26, 0x07	; 7
     d28:	08 95       	ret
     d2a:	2f 3f       	cpi	r18, 0xFF	; 255
     d2c:	31 05       	cpc	r19, r1
     d2e:	79 f4       	brne	.+30     	; 0xd4e <__unpack_f+0xc2>
     d30:	41 15       	cp	r20, r1
     d32:	51 05       	cpc	r21, r1
     d34:	61 05       	cpc	r22, r1
     d36:	71 05       	cpc	r23, r1
     d38:	19 f4       	brne	.+6      	; 0xd40 <__unpack_f+0xb4>
     d3a:	84 e0       	ldi	r24, 0x04	; 4
     d3c:	8c 93       	st	X, r24
     d3e:	08 95       	ret
     d40:	64 ff       	sbrs	r22, 4
     d42:	03 c0       	rjmp	.+6      	; 0xd4a <__unpack_f+0xbe>
     d44:	81 e0       	ldi	r24, 0x01	; 1
     d46:	8c 93       	st	X, r24
     d48:	12 c0       	rjmp	.+36     	; 0xd6e <__unpack_f+0xe2>
     d4a:	1c 92       	st	X, r1
     d4c:	10 c0       	rjmp	.+32     	; 0xd6e <__unpack_f+0xe2>
     d4e:	2f 57       	subi	r18, 0x7F	; 127
     d50:	30 40       	sbci	r19, 0x00	; 0
     d52:	13 96       	adiw	r26, 0x03	; 3
     d54:	3c 93       	st	X, r19
     d56:	2e 93       	st	-X, r18
     d58:	12 97       	sbiw	r26, 0x02	; 2
     d5a:	83 e0       	ldi	r24, 0x03	; 3
     d5c:	8c 93       	st	X, r24
     d5e:	87 e0       	ldi	r24, 0x07	; 7
     d60:	44 0f       	add	r20, r20
     d62:	55 1f       	adc	r21, r21
     d64:	66 1f       	adc	r22, r22
     d66:	77 1f       	adc	r23, r23
     d68:	8a 95       	dec	r24
     d6a:	d1 f7       	brne	.-12     	; 0xd60 <__unpack_f+0xd4>
     d6c:	70 64       	ori	r23, 0x40	; 64
     d6e:	14 96       	adiw	r26, 0x04	; 4
     d70:	4d 93       	st	X+, r20
     d72:	5d 93       	st	X+, r21
     d74:	6d 93       	st	X+, r22
     d76:	7c 93       	st	X, r23
     d78:	17 97       	sbiw	r26, 0x07	; 7
     d7a:	08 95       	ret

00000d7c <__fpcmp_parts_f>:
     d7c:	1f 93       	push	r17
     d7e:	dc 01       	movw	r26, r24
     d80:	fb 01       	movw	r30, r22
     d82:	9c 91       	ld	r25, X
     d84:	92 30       	cpi	r25, 0x02	; 2
     d86:	08 f4       	brcc	.+2      	; 0xd8a <__fpcmp_parts_f+0xe>
     d88:	47 c0       	rjmp	.+142    	; 0xe18 <__fpcmp_parts_f+0x9c>
     d8a:	80 81       	ld	r24, Z
     d8c:	82 30       	cpi	r24, 0x02	; 2
     d8e:	08 f4       	brcc	.+2      	; 0xd92 <__fpcmp_parts_f+0x16>
     d90:	43 c0       	rjmp	.+134    	; 0xe18 <__fpcmp_parts_f+0x9c>
     d92:	94 30       	cpi	r25, 0x04	; 4
     d94:	51 f4       	brne	.+20     	; 0xdaa <__fpcmp_parts_f+0x2e>
     d96:	11 96       	adiw	r26, 0x01	; 1
     d98:	1c 91       	ld	r17, X
     d9a:	84 30       	cpi	r24, 0x04	; 4
     d9c:	99 f5       	brne	.+102    	; 0xe04 <__fpcmp_parts_f+0x88>
     d9e:	81 81       	ldd	r24, Z+1	; 0x01
     da0:	68 2f       	mov	r22, r24
     da2:	70 e0       	ldi	r23, 0x00	; 0
     da4:	61 1b       	sub	r22, r17
     da6:	71 09       	sbc	r23, r1
     da8:	3f c0       	rjmp	.+126    	; 0xe28 <__fpcmp_parts_f+0xac>
     daa:	84 30       	cpi	r24, 0x04	; 4
     dac:	21 f0       	breq	.+8      	; 0xdb6 <__fpcmp_parts_f+0x3a>
     dae:	92 30       	cpi	r25, 0x02	; 2
     db0:	31 f4       	brne	.+12     	; 0xdbe <__fpcmp_parts_f+0x42>
     db2:	82 30       	cpi	r24, 0x02	; 2
     db4:	b9 f1       	breq	.+110    	; 0xe24 <__fpcmp_parts_f+0xa8>
     db6:	81 81       	ldd	r24, Z+1	; 0x01
     db8:	88 23       	and	r24, r24
     dba:	89 f1       	breq	.+98     	; 0xe1e <__fpcmp_parts_f+0xa2>
     dbc:	2d c0       	rjmp	.+90     	; 0xe18 <__fpcmp_parts_f+0x9c>
     dbe:	11 96       	adiw	r26, 0x01	; 1
     dc0:	1c 91       	ld	r17, X
     dc2:	11 97       	sbiw	r26, 0x01	; 1
     dc4:	82 30       	cpi	r24, 0x02	; 2
     dc6:	f1 f0       	breq	.+60     	; 0xe04 <__fpcmp_parts_f+0x88>
     dc8:	81 81       	ldd	r24, Z+1	; 0x01
     dca:	18 17       	cp	r17, r24
     dcc:	d9 f4       	brne	.+54     	; 0xe04 <__fpcmp_parts_f+0x88>
     dce:	12 96       	adiw	r26, 0x02	; 2
     dd0:	2d 91       	ld	r18, X+
     dd2:	3c 91       	ld	r19, X
     dd4:	13 97       	sbiw	r26, 0x03	; 3
     dd6:	82 81       	ldd	r24, Z+2	; 0x02
     dd8:	93 81       	ldd	r25, Z+3	; 0x03
     dda:	82 17       	cp	r24, r18
     ddc:	93 07       	cpc	r25, r19
     dde:	94 f0       	brlt	.+36     	; 0xe04 <__fpcmp_parts_f+0x88>
     de0:	28 17       	cp	r18, r24
     de2:	39 07       	cpc	r19, r25
     de4:	bc f0       	brlt	.+46     	; 0xe14 <__fpcmp_parts_f+0x98>
     de6:	14 96       	adiw	r26, 0x04	; 4
     de8:	8d 91       	ld	r24, X+
     dea:	9d 91       	ld	r25, X+
     dec:	0d 90       	ld	r0, X+
     dee:	bc 91       	ld	r27, X
     df0:	a0 2d       	mov	r26, r0
     df2:	24 81       	ldd	r18, Z+4	; 0x04
     df4:	35 81       	ldd	r19, Z+5	; 0x05
     df6:	46 81       	ldd	r20, Z+6	; 0x06
     df8:	57 81       	ldd	r21, Z+7	; 0x07
     dfa:	28 17       	cp	r18, r24
     dfc:	39 07       	cpc	r19, r25
     dfe:	4a 07       	cpc	r20, r26
     e00:	5b 07       	cpc	r21, r27
     e02:	18 f4       	brcc	.+6      	; 0xe0a <__fpcmp_parts_f+0x8e>
     e04:	11 23       	and	r17, r17
     e06:	41 f0       	breq	.+16     	; 0xe18 <__fpcmp_parts_f+0x9c>
     e08:	0a c0       	rjmp	.+20     	; 0xe1e <__fpcmp_parts_f+0xa2>
     e0a:	82 17       	cp	r24, r18
     e0c:	93 07       	cpc	r25, r19
     e0e:	a4 07       	cpc	r26, r20
     e10:	b5 07       	cpc	r27, r21
     e12:	40 f4       	brcc	.+16     	; 0xe24 <__fpcmp_parts_f+0xa8>
     e14:	11 23       	and	r17, r17
     e16:	19 f0       	breq	.+6      	; 0xe1e <__fpcmp_parts_f+0xa2>
     e18:	61 e0       	ldi	r22, 0x01	; 1
     e1a:	70 e0       	ldi	r23, 0x00	; 0
     e1c:	05 c0       	rjmp	.+10     	; 0xe28 <__fpcmp_parts_f+0xac>
     e1e:	6f ef       	ldi	r22, 0xFF	; 255
     e20:	7f ef       	ldi	r23, 0xFF	; 255
     e22:	02 c0       	rjmp	.+4      	; 0xe28 <__fpcmp_parts_f+0xac>
     e24:	60 e0       	ldi	r22, 0x00	; 0
     e26:	70 e0       	ldi	r23, 0x00	; 0
     e28:	cb 01       	movw	r24, r22
     e2a:	1f 91       	pop	r17
     e2c:	08 95       	ret

00000e2e <USART_Init>:
volatile int humidity = 0;
volatile uint8_t command[3];
volatile uint8_t byte_count = 0;

/* USART Initialization with interrupts */
void USART_Init(unsigned int ubrr) {
     e2e:	df 93       	push	r29
     e30:	cf 93       	push	r28
     e32:	00 d0       	rcall	.+0      	; 0xe34 <USART_Init+0x6>
     e34:	cd b7       	in	r28, 0x3d	; 61
     e36:	de b7       	in	r29, 0x3e	; 62
     e38:	9a 83       	std	Y+2, r25	; 0x02
     e3a:	89 83       	std	Y+1, r24	; 0x01
    UBRRH = (unsigned char)(ubrr>>8);
     e3c:	e0 e4       	ldi	r30, 0x40	; 64
     e3e:	f0 e0       	ldi	r31, 0x00	; 0
     e40:	89 81       	ldd	r24, Y+1	; 0x01
     e42:	9a 81       	ldd	r25, Y+2	; 0x02
     e44:	89 2f       	mov	r24, r25
     e46:	99 27       	eor	r25, r25
     e48:	80 83       	st	Z, r24
    UBRRL = (unsigned char)ubrr;
     e4a:	e9 e2       	ldi	r30, 0x29	; 41
     e4c:	f0 e0       	ldi	r31, 0x00	; 0
     e4e:	89 81       	ldd	r24, Y+1	; 0x01
     e50:	80 83       	st	Z, r24
    UCSRB = (1<<RXEN)|(1<<TXEN)|(1<<RXCIE); // Enable RX/TX and RX complete interrupt
     e52:	ea e2       	ldi	r30, 0x2A	; 42
     e54:	f0 e0       	ldi	r31, 0x00	; 0
     e56:	88 e9       	ldi	r24, 0x98	; 152
     e58:	80 83       	st	Z, r24
    UCSRC = (1<<URSEL)|(1<<USBS)|(3<<UCSZ0); // 8-bit data, 1 stop bit
     e5a:	e0 e4       	ldi	r30, 0x40	; 64
     e5c:	f0 e0       	ldi	r31, 0x00	; 0
     e5e:	8e e8       	ldi	r24, 0x8E	; 142
     e60:	80 83       	st	Z, r24
    sei(); // Enable global interrupts
     e62:	78 94       	sei
}
     e64:	0f 90       	pop	r0
     e66:	0f 90       	pop	r0
     e68:	cf 91       	pop	r28
     e6a:	df 91       	pop	r29
     e6c:	08 95       	ret

00000e6e <USART_Transmit>:

/* USART Transmit with timeout protection */
void USART_Transmit(unsigned char data) {
     e6e:	df 93       	push	r29
     e70:	cf 93       	push	r28
     e72:	cd b7       	in	r28, 0x3d	; 61
     e74:	de b7       	in	r29, 0x3e	; 62
     e76:	6c 97       	sbiw	r28, 0x1c	; 28
     e78:	0f b6       	in	r0, 0x3f	; 63
     e7a:	f8 94       	cli
     e7c:	de bf       	out	0x3e, r29	; 62
     e7e:	0f be       	out	0x3f, r0	; 63
     e80:	cd bf       	out	0x3d, r28	; 61
     e82:	8b 8f       	std	Y+27, r24	; 0x1b
    unsigned int timeout = 0;
     e84:	1a 8e       	std	Y+26, r1	; 0x1a
     e86:	19 8e       	std	Y+25, r1	; 0x19
     e88:	d0 c0       	rjmp	.+416    	; 0x102a <USART_Transmit+0x1bc>
    while (!(UCSRA & (1 << UDRE))) {
        if(timeout++ > 10000) return; // Timeout after ~100ms
     e8a:	1c 8e       	std	Y+28, r1	; 0x1c
     e8c:	89 8d       	ldd	r24, Y+25	; 0x19
     e8e:	9a 8d       	ldd	r25, Y+26	; 0x1a
     e90:	27 e2       	ldi	r18, 0x27	; 39
     e92:	81 31       	cpi	r24, 0x11	; 17
     e94:	92 07       	cpc	r25, r18
     e96:	10 f0       	brcs	.+4      	; 0xe9c <USART_Transmit+0x2e>
     e98:	81 e0       	ldi	r24, 0x01	; 1
     e9a:	8c 8f       	std	Y+28, r24	; 0x1c
     e9c:	89 8d       	ldd	r24, Y+25	; 0x19
     e9e:	9a 8d       	ldd	r25, Y+26	; 0x1a
     ea0:	01 96       	adiw	r24, 0x01	; 1
     ea2:	9a 8f       	std	Y+26, r25	; 0x1a
     ea4:	89 8f       	std	Y+25, r24	; 0x19
     ea6:	2c 8d       	ldd	r18, Y+28	; 0x1c
     ea8:	22 23       	and	r18, r18
     eaa:	09 f0       	breq	.+2      	; 0xeae <USART_Transmit+0x40>
     eac:	cc c0       	rjmp	.+408    	; 0x1046 <USART_Transmit+0x1d8>
     eae:	80 e0       	ldi	r24, 0x00	; 0
     eb0:	90 e0       	ldi	r25, 0x00	; 0
     eb2:	a0 e2       	ldi	r26, 0x20	; 32
     eb4:	b1 e4       	ldi	r27, 0x41	; 65
     eb6:	8d 8b       	std	Y+21, r24	; 0x15
     eb8:	9e 8b       	std	Y+22, r25	; 0x16
     eba:	af 8b       	std	Y+23, r26	; 0x17
     ebc:	b8 8f       	std	Y+24, r27	; 0x18
 */
void
_delay_us(double __us)
{
	uint8_t __ticks;
	double __tmp = ((F_CPU) / 3e6) * __us;
     ebe:	6d 89       	ldd	r22, Y+21	; 0x15
     ec0:	7e 89       	ldd	r23, Y+22	; 0x16
     ec2:	8f 89       	ldd	r24, Y+23	; 0x17
     ec4:	98 8d       	ldd	r25, Y+24	; 0x18
     ec6:	2b ea       	ldi	r18, 0xAB	; 171
     ec8:	3a ea       	ldi	r19, 0xAA	; 170
     eca:	4a e2       	ldi	r20, 0x2A	; 42
     ecc:	50 e4       	ldi	r21, 0x40	; 64
     ece:	0e 94 1f 02 	call	0x43e	; 0x43e <__mulsf3>
     ed2:	dc 01       	movw	r26, r24
     ed4:	cb 01       	movw	r24, r22
     ed6:	89 8b       	std	Y+17, r24	; 0x11
     ed8:	9a 8b       	std	Y+18, r25	; 0x12
     eda:	ab 8b       	std	Y+19, r26	; 0x13
     edc:	bc 8b       	std	Y+20, r27	; 0x14
	if (__tmp < 1.0)
     ede:	69 89       	ldd	r22, Y+17	; 0x11
     ee0:	7a 89       	ldd	r23, Y+18	; 0x12
     ee2:	8b 89       	ldd	r24, Y+19	; 0x13
     ee4:	9c 89       	ldd	r25, Y+20	; 0x14
     ee6:	20 e0       	ldi	r18, 0x00	; 0
     ee8:	30 e0       	ldi	r19, 0x00	; 0
     eea:	40 e8       	ldi	r20, 0x80	; 128
     eec:	5f e3       	ldi	r21, 0x3F	; 63
     eee:	0e 94 25 04 	call	0x84a	; 0x84a <__ltsf2>
     ef2:	88 23       	and	r24, r24
     ef4:	1c f4       	brge	.+6      	; 0xefc <USART_Transmit+0x8e>
		__ticks = 1;
     ef6:	81 e0       	ldi	r24, 0x01	; 1
     ef8:	88 8b       	std	Y+16, r24	; 0x10
     efa:	91 c0       	rjmp	.+290    	; 0x101e <USART_Transmit+0x1b0>
	else if (__tmp > 255)
     efc:	69 89       	ldd	r22, Y+17	; 0x11
     efe:	7a 89       	ldd	r23, Y+18	; 0x12
     f00:	8b 89       	ldd	r24, Y+19	; 0x13
     f02:	9c 89       	ldd	r25, Y+20	; 0x14
     f04:	20 e0       	ldi	r18, 0x00	; 0
     f06:	30 e0       	ldi	r19, 0x00	; 0
     f08:	4f e7       	ldi	r20, 0x7F	; 127
     f0a:	53 e4       	ldi	r21, 0x43	; 67
     f0c:	0e 94 c5 03 	call	0x78a	; 0x78a <__gtsf2>
     f10:	18 16       	cp	r1, r24
     f12:	0c f0       	brlt	.+2      	; 0xf16 <USART_Transmit+0xa8>
     f14:	7b c0       	rjmp	.+246    	; 0x100c <USART_Transmit+0x19e>
	{
		_delay_ms(__us / 1000.0);
     f16:	6d 89       	ldd	r22, Y+21	; 0x15
     f18:	7e 89       	ldd	r23, Y+22	; 0x16
     f1a:	8f 89       	ldd	r24, Y+23	; 0x17
     f1c:	98 8d       	ldd	r25, Y+24	; 0x18
     f1e:	20 e0       	ldi	r18, 0x00	; 0
     f20:	30 e0       	ldi	r19, 0x00	; 0
     f22:	4a e7       	ldi	r20, 0x7A	; 122
     f24:	54 e4       	ldi	r21, 0x44	; 68
     f26:	0e 94 19 03 	call	0x632	; 0x632 <__divsf3>
     f2a:	dc 01       	movw	r26, r24
     f2c:	cb 01       	movw	r24, r22
     f2e:	8c 87       	std	Y+12, r24	; 0x0c
     f30:	9d 87       	std	Y+13, r25	; 0x0d
     f32:	ae 87       	std	Y+14, r26	; 0x0e
     f34:	bf 87       	std	Y+15, r27	; 0x0f
 */
void
_delay_ms(double __ms)
{
	uint16_t __ticks;
	double __tmp = ((F_CPU) / 4e3) * __ms;
     f36:	6c 85       	ldd	r22, Y+12	; 0x0c
     f38:	7d 85       	ldd	r23, Y+13	; 0x0d
     f3a:	8e 85       	ldd	r24, Y+14	; 0x0e
     f3c:	9f 85       	ldd	r25, Y+15	; 0x0f
     f3e:	20 e0       	ldi	r18, 0x00	; 0
     f40:	30 e0       	ldi	r19, 0x00	; 0
     f42:	4a ef       	ldi	r20, 0xFA	; 250
     f44:	54 e4       	ldi	r21, 0x44	; 68
     f46:	0e 94 1f 02 	call	0x43e	; 0x43e <__mulsf3>
     f4a:	dc 01       	movw	r26, r24
     f4c:	cb 01       	movw	r24, r22
     f4e:	88 87       	std	Y+8, r24	; 0x08
     f50:	99 87       	std	Y+9, r25	; 0x09
     f52:	aa 87       	std	Y+10, r26	; 0x0a
     f54:	bb 87       	std	Y+11, r27	; 0x0b
	if (__tmp < 1.0)
     f56:	68 85       	ldd	r22, Y+8	; 0x08
     f58:	79 85       	ldd	r23, Y+9	; 0x09
     f5a:	8a 85       	ldd	r24, Y+10	; 0x0a
     f5c:	9b 85       	ldd	r25, Y+11	; 0x0b
     f5e:	20 e0       	ldi	r18, 0x00	; 0
     f60:	30 e0       	ldi	r19, 0x00	; 0
     f62:	40 e8       	ldi	r20, 0x80	; 128
     f64:	5f e3       	ldi	r21, 0x3F	; 63
     f66:	0e 94 25 04 	call	0x84a	; 0x84a <__ltsf2>
     f6a:	88 23       	and	r24, r24
     f6c:	2c f4       	brge	.+10     	; 0xf78 <USART_Transmit+0x10a>
		__ticks = 1;
     f6e:	81 e0       	ldi	r24, 0x01	; 1
     f70:	90 e0       	ldi	r25, 0x00	; 0
     f72:	9f 83       	std	Y+7, r25	; 0x07
     f74:	8e 83       	std	Y+6, r24	; 0x06
     f76:	3f c0       	rjmp	.+126    	; 0xff6 <USART_Transmit+0x188>
	else if (__tmp > 65535)
     f78:	68 85       	ldd	r22, Y+8	; 0x08
     f7a:	79 85       	ldd	r23, Y+9	; 0x09
     f7c:	8a 85       	ldd	r24, Y+10	; 0x0a
     f7e:	9b 85       	ldd	r25, Y+11	; 0x0b
     f80:	20 e0       	ldi	r18, 0x00	; 0
     f82:	3f ef       	ldi	r19, 0xFF	; 255
     f84:	4f e7       	ldi	r20, 0x7F	; 127
     f86:	57 e4       	ldi	r21, 0x47	; 71
     f88:	0e 94 c5 03 	call	0x78a	; 0x78a <__gtsf2>
     f8c:	18 16       	cp	r1, r24
     f8e:	4c f5       	brge	.+82     	; 0xfe2 <USART_Transmit+0x174>
	{
		//	__ticks = requested delay in 1/10 ms
		__ticks = (uint16_t) (__ms * 10.0);
     f90:	6c 85       	ldd	r22, Y+12	; 0x0c
     f92:	7d 85       	ldd	r23, Y+13	; 0x0d
     f94:	8e 85       	ldd	r24, Y+14	; 0x0e
     f96:	9f 85       	ldd	r25, Y+15	; 0x0f
     f98:	20 e0       	ldi	r18, 0x00	; 0
     f9a:	30 e0       	ldi	r19, 0x00	; 0
     f9c:	40 e2       	ldi	r20, 0x20	; 32
     f9e:	51 e4       	ldi	r21, 0x41	; 65
     fa0:	0e 94 1f 02 	call	0x43e	; 0x43e <__mulsf3>
     fa4:	dc 01       	movw	r26, r24
     fa6:	cb 01       	movw	r24, r22
     fa8:	bc 01       	movw	r22, r24
     faa:	cd 01       	movw	r24, r26
     fac:	0e 94 49 00 	call	0x92	; 0x92 <__fixunssfsi>
     fb0:	dc 01       	movw	r26, r24
     fb2:	cb 01       	movw	r24, r22
     fb4:	9f 83       	std	Y+7, r25	; 0x07
     fb6:	8e 83       	std	Y+6, r24	; 0x06
     fb8:	0f c0       	rjmp	.+30     	; 0xfd8 <USART_Transmit+0x16a>
     fba:	88 ec       	ldi	r24, 0xC8	; 200
     fbc:	90 e0       	ldi	r25, 0x00	; 0
     fbe:	9d 83       	std	Y+5, r25	; 0x05
     fc0:	8c 83       	std	Y+4, r24	; 0x04
    milliseconds can be achieved.
 */
void
_delay_loop_2(uint16_t __count)
{
	__asm__ volatile (
     fc2:	8c 81       	ldd	r24, Y+4	; 0x04
     fc4:	9d 81       	ldd	r25, Y+5	; 0x05
     fc6:	01 97       	sbiw	r24, 0x01	; 1
     fc8:	f1 f7       	brne	.-4      	; 0xfc6 <USART_Transmit+0x158>
     fca:	9d 83       	std	Y+5, r25	; 0x05
     fcc:	8c 83       	std	Y+4, r24	; 0x04
		while(__ticks)
		{
			// wait 1/10 ms
			_delay_loop_2(((F_CPU) / 4e3) / 10);
			__ticks --;
     fce:	8e 81       	ldd	r24, Y+6	; 0x06
     fd0:	9f 81       	ldd	r25, Y+7	; 0x07
     fd2:	01 97       	sbiw	r24, 0x01	; 1
     fd4:	9f 83       	std	Y+7, r25	; 0x07
     fd6:	8e 83       	std	Y+6, r24	; 0x06
		__ticks = 1;
	else if (__tmp > 65535)
	{
		//	__ticks = requested delay in 1/10 ms
		__ticks = (uint16_t) (__ms * 10.0);
		while(__ticks)
     fd8:	8e 81       	ldd	r24, Y+6	; 0x06
     fda:	9f 81       	ldd	r25, Y+7	; 0x07
     fdc:	00 97       	sbiw	r24, 0x00	; 0
     fde:	69 f7       	brne	.-38     	; 0xfba <USART_Transmit+0x14c>
     fe0:	24 c0       	rjmp	.+72     	; 0x102a <USART_Transmit+0x1bc>
			__ticks --;
		}
		return;
	}
	else
		__ticks = (uint16_t)__tmp;
     fe2:	68 85       	ldd	r22, Y+8	; 0x08
     fe4:	79 85       	ldd	r23, Y+9	; 0x09
     fe6:	8a 85       	ldd	r24, Y+10	; 0x0a
     fe8:	9b 85       	ldd	r25, Y+11	; 0x0b
     fea:	0e 94 49 00 	call	0x92	; 0x92 <__fixunssfsi>
     fee:	dc 01       	movw	r26, r24
     ff0:	cb 01       	movw	r24, r22
     ff2:	9f 83       	std	Y+7, r25	; 0x07
     ff4:	8e 83       	std	Y+6, r24	; 0x06
     ff6:	8e 81       	ldd	r24, Y+6	; 0x06
     ff8:	9f 81       	ldd	r25, Y+7	; 0x07
     ffa:	9b 83       	std	Y+3, r25	; 0x03
     ffc:	8a 83       	std	Y+2, r24	; 0x02
     ffe:	8a 81       	ldd	r24, Y+2	; 0x02
    1000:	9b 81       	ldd	r25, Y+3	; 0x03
    1002:	01 97       	sbiw	r24, 0x01	; 1
    1004:	f1 f7       	brne	.-4      	; 0x1002 <USART_Transmit+0x194>
    1006:	9b 83       	std	Y+3, r25	; 0x03
    1008:	8a 83       	std	Y+2, r24	; 0x02
    100a:	0f c0       	rjmp	.+30     	; 0x102a <USART_Transmit+0x1bc>
	{
		_delay_ms(__us / 1000.0);
		return;
	}
	else
		__ticks = (uint8_t)__tmp;
    100c:	69 89       	ldd	r22, Y+17	; 0x11
    100e:	7a 89       	ldd	r23, Y+18	; 0x12
    1010:	8b 89       	ldd	r24, Y+19	; 0x13
    1012:	9c 89       	ldd	r25, Y+20	; 0x14
    1014:	0e 94 49 00 	call	0x92	; 0x92 <__fixunssfsi>
    1018:	dc 01       	movw	r26, r24
    101a:	cb 01       	movw	r24, r22
    101c:	88 8b       	std	Y+16, r24	; 0x10
    101e:	88 89       	ldd	r24, Y+16	; 0x10
    1020:	89 83       	std	Y+1, r24	; 0x01
    can be achieved.
*/
void
_delay_loop_1(uint8_t __count)
{
	__asm__ volatile (
    1022:	89 81       	ldd	r24, Y+1	; 0x01
    1024:	8a 95       	dec	r24
    1026:	f1 f7       	brne	.-4      	; 0x1024 <USART_Transmit+0x1b6>
    1028:	89 83       	std	Y+1, r24	; 0x01
}

/* USART Transmit with timeout protection */
void USART_Transmit(unsigned char data) {
    unsigned int timeout = 0;
    while (!(UCSRA & (1 << UDRE))) {
    102a:	eb e2       	ldi	r30, 0x2B	; 43
    102c:	f0 e0       	ldi	r31, 0x00	; 0
    102e:	80 81       	ld	r24, Z
    1030:	88 2f       	mov	r24, r24
    1032:	90 e0       	ldi	r25, 0x00	; 0
    1034:	80 72       	andi	r24, 0x20	; 32
    1036:	90 70       	andi	r25, 0x00	; 0
    1038:	00 97       	sbiw	r24, 0x00	; 0
    103a:	09 f4       	brne	.+2      	; 0x103e <USART_Transmit+0x1d0>
    103c:	26 cf       	rjmp	.-436    	; 0xe8a <USART_Transmit+0x1c>
        if(timeout++ > 10000) return; // Timeout after ~100ms
        _delay_us(10);
    }
    UDR = data;
    103e:	ec e2       	ldi	r30, 0x2C	; 44
    1040:	f0 e0       	ldi	r31, 0x00	; 0
    1042:	8b 8d       	ldd	r24, Y+27	; 0x1b
    1044:	80 83       	st	Z, r24
}
    1046:	6c 96       	adiw	r28, 0x1c	; 28
    1048:	0f b6       	in	r0, 0x3f	; 63
    104a:	f8 94       	cli
    104c:	de bf       	out	0x3e, r29	; 62
    104e:	0f be       	out	0x3f, r0	; 63
    1050:	cd bf       	out	0x3d, r28	; 61
    1052:	cf 91       	pop	r28
    1054:	df 91       	pop	r29
    1056:	08 95       	ret

00001058 <buzzer_beep>:

/* Buzzer control with safety limits */
void buzzer_beep(uint16_t duration_ms) {
    1058:	df 93       	push	r29
    105a:	cf 93       	push	r28
    105c:	cd b7       	in	r28, 0x3d	; 61
    105e:	de b7       	in	r29, 0x3e	; 62
    1060:	60 97       	sbiw	r28, 0x10	; 16
    1062:	0f b6       	in	r0, 0x3f	; 63
    1064:	f8 94       	cli
    1066:	de bf       	out	0x3e, r29	; 62
    1068:	0f be       	out	0x3f, r0	; 63
    106a:	cd bf       	out	0x3d, r28	; 61
    106c:	98 8b       	std	Y+16, r25	; 0x10
    106e:	8f 87       	std	Y+15, r24	; 0x0f
    if(duration_ms > 2000) duration_ms = 2000;
    1070:	8f 85       	ldd	r24, Y+15	; 0x0f
    1072:	98 89       	ldd	r25, Y+16	; 0x10
    1074:	27 e0       	ldi	r18, 0x07	; 7
    1076:	81 3d       	cpi	r24, 0xD1	; 209
    1078:	92 07       	cpc	r25, r18
    107a:	20 f0       	brcs	.+8      	; 0x1084 <buzzer_beep+0x2c>
    107c:	80 ed       	ldi	r24, 0xD0	; 208
    107e:	97 e0       	ldi	r25, 0x07	; 7
    1080:	98 8b       	std	Y+16, r25	; 0x10
    1082:	8f 87       	std	Y+15, r24	; 0x0f
    PORTB |= (1<<BUZZER_PIN);
    1084:	a8 e3       	ldi	r26, 0x38	; 56
    1086:	b0 e0       	ldi	r27, 0x00	; 0
    1088:	e8 e3       	ldi	r30, 0x38	; 56
    108a:	f0 e0       	ldi	r31, 0x00	; 0
    108c:	80 81       	ld	r24, Z
    108e:	81 60       	ori	r24, 0x01	; 1
    1090:	8c 93       	st	X, r24
    _delay_ms(duration_ms);
    1092:	8f 85       	ldd	r24, Y+15	; 0x0f
    1094:	98 89       	ldd	r25, Y+16	; 0x10
    1096:	cc 01       	movw	r24, r24
    1098:	a0 e0       	ldi	r26, 0x00	; 0
    109a:	b0 e0       	ldi	r27, 0x00	; 0
    109c:	bc 01       	movw	r22, r24
    109e:	cd 01       	movw	r24, r26
    10a0:	0e 94 a9 04 	call	0x952	; 0x952 <__floatunsisf>
    10a4:	dc 01       	movw	r26, r24
    10a6:	cb 01       	movw	r24, r22
    10a8:	8b 87       	std	Y+11, r24	; 0x0b
    10aa:	9c 87       	std	Y+12, r25	; 0x0c
    10ac:	ad 87       	std	Y+13, r26	; 0x0d
    10ae:	be 87       	std	Y+14, r27	; 0x0e
 */
void
_delay_ms(double __ms)
{
	uint16_t __ticks;
	double __tmp = ((F_CPU) / 4e3) * __ms;
    10b0:	6b 85       	ldd	r22, Y+11	; 0x0b
    10b2:	7c 85       	ldd	r23, Y+12	; 0x0c
    10b4:	8d 85       	ldd	r24, Y+13	; 0x0d
    10b6:	9e 85       	ldd	r25, Y+14	; 0x0e
    10b8:	20 e0       	ldi	r18, 0x00	; 0
    10ba:	30 e0       	ldi	r19, 0x00	; 0
    10bc:	4a ef       	ldi	r20, 0xFA	; 250
    10be:	54 e4       	ldi	r21, 0x44	; 68
    10c0:	0e 94 1f 02 	call	0x43e	; 0x43e <__mulsf3>
    10c4:	dc 01       	movw	r26, r24
    10c6:	cb 01       	movw	r24, r22
    10c8:	8f 83       	std	Y+7, r24	; 0x07
    10ca:	98 87       	std	Y+8, r25	; 0x08
    10cc:	a9 87       	std	Y+9, r26	; 0x09
    10ce:	ba 87       	std	Y+10, r27	; 0x0a
	if (__tmp < 1.0)
    10d0:	6f 81       	ldd	r22, Y+7	; 0x07
    10d2:	78 85       	ldd	r23, Y+8	; 0x08
    10d4:	89 85       	ldd	r24, Y+9	; 0x09
    10d6:	9a 85       	ldd	r25, Y+10	; 0x0a
    10d8:	20 e0       	ldi	r18, 0x00	; 0
    10da:	30 e0       	ldi	r19, 0x00	; 0
    10dc:	40 e8       	ldi	r20, 0x80	; 128
    10de:	5f e3       	ldi	r21, 0x3F	; 63
    10e0:	0e 94 25 04 	call	0x84a	; 0x84a <__ltsf2>
    10e4:	88 23       	and	r24, r24
    10e6:	2c f4       	brge	.+10     	; 0x10f2 <buzzer_beep+0x9a>
		__ticks = 1;
    10e8:	81 e0       	ldi	r24, 0x01	; 1
    10ea:	90 e0       	ldi	r25, 0x00	; 0
    10ec:	9e 83       	std	Y+6, r25	; 0x06
    10ee:	8d 83       	std	Y+5, r24	; 0x05
    10f0:	3f c0       	rjmp	.+126    	; 0x1170 <buzzer_beep+0x118>
	else if (__tmp > 65535)
    10f2:	6f 81       	ldd	r22, Y+7	; 0x07
    10f4:	78 85       	ldd	r23, Y+8	; 0x08
    10f6:	89 85       	ldd	r24, Y+9	; 0x09
    10f8:	9a 85       	ldd	r25, Y+10	; 0x0a
    10fa:	20 e0       	ldi	r18, 0x00	; 0
    10fc:	3f ef       	ldi	r19, 0xFF	; 255
    10fe:	4f e7       	ldi	r20, 0x7F	; 127
    1100:	57 e4       	ldi	r21, 0x47	; 71
    1102:	0e 94 c5 03 	call	0x78a	; 0x78a <__gtsf2>
    1106:	18 16       	cp	r1, r24
    1108:	4c f5       	brge	.+82     	; 0x115c <buzzer_beep+0x104>
	{
		//	__ticks = requested delay in 1/10 ms
		__ticks = (uint16_t) (__ms * 10.0);
    110a:	6b 85       	ldd	r22, Y+11	; 0x0b
    110c:	7c 85       	ldd	r23, Y+12	; 0x0c
    110e:	8d 85       	ldd	r24, Y+13	; 0x0d
    1110:	9e 85       	ldd	r25, Y+14	; 0x0e
    1112:	20 e0       	ldi	r18, 0x00	; 0
    1114:	30 e0       	ldi	r19, 0x00	; 0
    1116:	40 e2       	ldi	r20, 0x20	; 32
    1118:	51 e4       	ldi	r21, 0x41	; 65
    111a:	0e 94 1f 02 	call	0x43e	; 0x43e <__mulsf3>
    111e:	dc 01       	movw	r26, r24
    1120:	cb 01       	movw	r24, r22
    1122:	bc 01       	movw	r22, r24
    1124:	cd 01       	movw	r24, r26
    1126:	0e 94 49 00 	call	0x92	; 0x92 <__fixunssfsi>
    112a:	dc 01       	movw	r26, r24
    112c:	cb 01       	movw	r24, r22
    112e:	9e 83       	std	Y+6, r25	; 0x06
    1130:	8d 83       	std	Y+5, r24	; 0x05
    1132:	0f c0       	rjmp	.+30     	; 0x1152 <buzzer_beep+0xfa>
    1134:	88 ec       	ldi	r24, 0xC8	; 200
    1136:	90 e0       	ldi	r25, 0x00	; 0
    1138:	9c 83       	std	Y+4, r25	; 0x04
    113a:	8b 83       	std	Y+3, r24	; 0x03
    milliseconds can be achieved.
 */
void
_delay_loop_2(uint16_t __count)
{
	__asm__ volatile (
    113c:	8b 81       	ldd	r24, Y+3	; 0x03
    113e:	9c 81       	ldd	r25, Y+4	; 0x04
    1140:	01 97       	sbiw	r24, 0x01	; 1
    1142:	f1 f7       	brne	.-4      	; 0x1140 <buzzer_beep+0xe8>
    1144:	9c 83       	std	Y+4, r25	; 0x04
    1146:	8b 83       	std	Y+3, r24	; 0x03
		while(__ticks)
		{
			// wait 1/10 ms
			_delay_loop_2(((F_CPU) / 4e3) / 10);
			__ticks --;
    1148:	8d 81       	ldd	r24, Y+5	; 0x05
    114a:	9e 81       	ldd	r25, Y+6	; 0x06
    114c:	01 97       	sbiw	r24, 0x01	; 1
    114e:	9e 83       	std	Y+6, r25	; 0x06
    1150:	8d 83       	std	Y+5, r24	; 0x05
		__ticks = 1;
	else if (__tmp > 65535)
	{
		//	__ticks = requested delay in 1/10 ms
		__ticks = (uint16_t) (__ms * 10.0);
		while(__ticks)
    1152:	8d 81       	ldd	r24, Y+5	; 0x05
    1154:	9e 81       	ldd	r25, Y+6	; 0x06
    1156:	00 97       	sbiw	r24, 0x00	; 0
    1158:	69 f7       	brne	.-38     	; 0x1134 <buzzer_beep+0xdc>
    115a:	14 c0       	rjmp	.+40     	; 0x1184 <buzzer_beep+0x12c>
			__ticks --;
		}
		return;
	}
	else
		__ticks = (uint16_t)__tmp;
    115c:	6f 81       	ldd	r22, Y+7	; 0x07
    115e:	78 85       	ldd	r23, Y+8	; 0x08
    1160:	89 85       	ldd	r24, Y+9	; 0x09
    1162:	9a 85       	ldd	r25, Y+10	; 0x0a
    1164:	0e 94 49 00 	call	0x92	; 0x92 <__fixunssfsi>
    1168:	dc 01       	movw	r26, r24
    116a:	cb 01       	movw	r24, r22
    116c:	9e 83       	std	Y+6, r25	; 0x06
    116e:	8d 83       	std	Y+5, r24	; 0x05
    1170:	8d 81       	ldd	r24, Y+5	; 0x05
    1172:	9e 81       	ldd	r25, Y+6	; 0x06
    1174:	9a 83       	std	Y+2, r25	; 0x02
    1176:	89 83       	std	Y+1, r24	; 0x01
    1178:	89 81       	ldd	r24, Y+1	; 0x01
    117a:	9a 81       	ldd	r25, Y+2	; 0x02
    117c:	01 97       	sbiw	r24, 0x01	; 1
    117e:	f1 f7       	brne	.-4      	; 0x117c <buzzer_beep+0x124>
    1180:	9a 83       	std	Y+2, r25	; 0x02
    1182:	89 83       	std	Y+1, r24	; 0x01
    PORTB &= ~(1<<BUZZER_PIN);
    1184:	a8 e3       	ldi	r26, 0x38	; 56
    1186:	b0 e0       	ldi	r27, 0x00	; 0
    1188:	e8 e3       	ldi	r30, 0x38	; 56
    118a:	f0 e0       	ldi	r31, 0x00	; 0
    118c:	80 81       	ld	r24, Z
    118e:	8e 7f       	andi	r24, 0xFE	; 254
    1190:	8c 93       	st	X, r24
}
    1192:	60 96       	adiw	r28, 0x10	; 16
    1194:	0f b6       	in	r0, 0x3f	; 63
    1196:	f8 94       	cli
    1198:	de bf       	out	0x3e, r29	; 62
    119a:	0f be       	out	0x3f, r0	; 63
    119c:	cd bf       	out	0x3d, r28	; 61
    119e:	cf 91       	pop	r28
    11a0:	df 91       	pop	r29
    11a2:	08 95       	ret

000011a4 <dht11_read>:

/* Enhanced DHT11 reading function with robust error handling */
uint8_t dht11_read() {
    11a4:	0f 93       	push	r16
    11a6:	1f 93       	push	r17
    11a8:	df 93       	push	r29
    11aa:	cf 93       	push	r28
    11ac:	cd b7       	in	r28, 0x3d	; 61
    11ae:	de b7       	in	r29, 0x3e	; 62
    11b0:	c0 5c       	subi	r28, 0xC0	; 192
    11b2:	d0 40       	sbci	r29, 0x00	; 0
    11b4:	0f b6       	in	r0, 0x3f	; 63
    11b6:	f8 94       	cli
    11b8:	de bf       	out	0x3e, r29	; 62
    11ba:	0f be       	out	0x3f, r0	; 63
    11bc:	cd bf       	out	0x3d, r28	; 61
    uint8_t bits[5] = {0};
    11be:	ce 01       	movw	r24, r28
    11c0:	85 54       	subi	r24, 0x45	; 69
    11c2:	9f 4f       	sbci	r25, 0xFF	; 255
    11c4:	25 e0       	ldi	r18, 0x05	; 5
    11c6:	fc 01       	movw	r30, r24
    11c8:	df 01       	movw	r26, r30
    11ca:	82 2f       	mov	r24, r18
    11cc:	1d 92       	st	X+, r1
    11ce:	8a 95       	dec	r24
    11d0:	e9 f7       	brne	.-6      	; 0x11cc <dht11_read+0x28>
    uint8_t i, j;
    uint16_t timeout;

    // Send start signal
    DHT11_DDR |= (1<<DHT11_PIN);  // Set as output
    11d2:	a1 e3       	ldi	r26, 0x31	; 49
    11d4:	b0 e0       	ldi	r27, 0x00	; 0
    11d6:	e1 e3       	ldi	r30, 0x31	; 49
    11d8:	f0 e0       	ldi	r31, 0x00	; 0
    11da:	80 81       	ld	r24, Z
    11dc:	84 60       	ori	r24, 0x04	; 4
    11de:	8c 93       	st	X, r24
    DHT11_PORT &= ~(1<<DHT11_PIN); // Pull low
    11e0:	a2 e3       	ldi	r26, 0x32	; 50
    11e2:	b0 e0       	ldi	r27, 0x00	; 0
    11e4:	e2 e3       	ldi	r30, 0x32	; 50
    11e6:	f0 e0       	ldi	r31, 0x00	; 0
    11e8:	80 81       	ld	r24, Z
    11ea:	8b 7f       	andi	r24, 0xFB	; 251
    11ec:	8c 93       	st	X, r24
    11ee:	fe 01       	movw	r30, r28
    11f0:	ed 54       	subi	r30, 0x4D	; 77
    11f2:	ff 4f       	sbci	r31, 0xFF	; 255
    11f4:	80 e0       	ldi	r24, 0x00	; 0
    11f6:	90 e0       	ldi	r25, 0x00	; 0
    11f8:	a0 ea       	ldi	r26, 0xA0	; 160
    11fa:	b1 e4       	ldi	r27, 0x41	; 65
    11fc:	80 83       	st	Z, r24
    11fe:	91 83       	std	Z+1, r25	; 0x01
    1200:	a2 83       	std	Z+2, r26	; 0x02
    1202:	b3 83       	std	Z+3, r27	; 0x03
 */
void
_delay_ms(double __ms)
{
	uint16_t __ticks;
	double __tmp = ((F_CPU) / 4e3) * __ms;
    1204:	8e 01       	movw	r16, r28
    1206:	01 55       	subi	r16, 0x51	; 81
    1208:	1f 4f       	sbci	r17, 0xFF	; 255
    120a:	fe 01       	movw	r30, r28
    120c:	ed 54       	subi	r30, 0x4D	; 77
    120e:	ff 4f       	sbci	r31, 0xFF	; 255
    1210:	60 81       	ld	r22, Z
    1212:	71 81       	ldd	r23, Z+1	; 0x01
    1214:	82 81       	ldd	r24, Z+2	; 0x02
    1216:	93 81       	ldd	r25, Z+3	; 0x03
    1218:	20 e0       	ldi	r18, 0x00	; 0
    121a:	30 e0       	ldi	r19, 0x00	; 0
    121c:	4a ef       	ldi	r20, 0xFA	; 250
    121e:	54 e4       	ldi	r21, 0x44	; 68
    1220:	0e 94 1f 02 	call	0x43e	; 0x43e <__mulsf3>
    1224:	dc 01       	movw	r26, r24
    1226:	cb 01       	movw	r24, r22
    1228:	f8 01       	movw	r30, r16
    122a:	80 83       	st	Z, r24
    122c:	91 83       	std	Z+1, r25	; 0x01
    122e:	a2 83       	std	Z+2, r26	; 0x02
    1230:	b3 83       	std	Z+3, r27	; 0x03
	if (__tmp < 1.0)
    1232:	fe 01       	movw	r30, r28
    1234:	e1 55       	subi	r30, 0x51	; 81
    1236:	ff 4f       	sbci	r31, 0xFF	; 255
    1238:	60 81       	ld	r22, Z
    123a:	71 81       	ldd	r23, Z+1	; 0x01
    123c:	82 81       	ldd	r24, Z+2	; 0x02
    123e:	93 81       	ldd	r25, Z+3	; 0x03
    1240:	20 e0       	ldi	r18, 0x00	; 0
    1242:	30 e0       	ldi	r19, 0x00	; 0
    1244:	40 e8       	ldi	r20, 0x80	; 128
    1246:	5f e3       	ldi	r21, 0x3F	; 63
    1248:	0e 94 25 04 	call	0x84a	; 0x84a <__ltsf2>
    124c:	88 23       	and	r24, r24
    124e:	44 f4       	brge	.+16     	; 0x1260 <dht11_read+0xbc>
		__ticks = 1;
    1250:	fe 01       	movw	r30, r28
    1252:	e3 55       	subi	r30, 0x53	; 83
    1254:	ff 4f       	sbci	r31, 0xFF	; 255
    1256:	81 e0       	ldi	r24, 0x01	; 1
    1258:	90 e0       	ldi	r25, 0x00	; 0
    125a:	91 83       	std	Z+1, r25	; 0x01
    125c:	80 83       	st	Z, r24
    125e:	64 c0       	rjmp	.+200    	; 0x1328 <dht11_read+0x184>
	else if (__tmp > 65535)
    1260:	fe 01       	movw	r30, r28
    1262:	e1 55       	subi	r30, 0x51	; 81
    1264:	ff 4f       	sbci	r31, 0xFF	; 255
    1266:	60 81       	ld	r22, Z
    1268:	71 81       	ldd	r23, Z+1	; 0x01
    126a:	82 81       	ldd	r24, Z+2	; 0x02
    126c:	93 81       	ldd	r25, Z+3	; 0x03
    126e:	20 e0       	ldi	r18, 0x00	; 0
    1270:	3f ef       	ldi	r19, 0xFF	; 255
    1272:	4f e7       	ldi	r20, 0x7F	; 127
    1274:	57 e4       	ldi	r21, 0x47	; 71
    1276:	0e 94 c5 03 	call	0x78a	; 0x78a <__gtsf2>
    127a:	18 16       	cp	r1, r24
    127c:	0c f0       	brlt	.+2      	; 0x1280 <dht11_read+0xdc>
    127e:	43 c0       	rjmp	.+134    	; 0x1306 <dht11_read+0x162>
	{
		//	__ticks = requested delay in 1/10 ms
		__ticks = (uint16_t) (__ms * 10.0);
    1280:	fe 01       	movw	r30, r28
    1282:	ed 54       	subi	r30, 0x4D	; 77
    1284:	ff 4f       	sbci	r31, 0xFF	; 255
    1286:	60 81       	ld	r22, Z
    1288:	71 81       	ldd	r23, Z+1	; 0x01
    128a:	82 81       	ldd	r24, Z+2	; 0x02
    128c:	93 81       	ldd	r25, Z+3	; 0x03
    128e:	20 e0       	ldi	r18, 0x00	; 0
    1290:	30 e0       	ldi	r19, 0x00	; 0
    1292:	40 e2       	ldi	r20, 0x20	; 32
    1294:	51 e4       	ldi	r21, 0x41	; 65
    1296:	0e 94 1f 02 	call	0x43e	; 0x43e <__mulsf3>
    129a:	dc 01       	movw	r26, r24
    129c:	cb 01       	movw	r24, r22
    129e:	8e 01       	movw	r16, r28
    12a0:	03 55       	subi	r16, 0x53	; 83
    12a2:	1f 4f       	sbci	r17, 0xFF	; 255
    12a4:	bc 01       	movw	r22, r24
    12a6:	cd 01       	movw	r24, r26
    12a8:	0e 94 49 00 	call	0x92	; 0x92 <__fixunssfsi>
    12ac:	dc 01       	movw	r26, r24
    12ae:	cb 01       	movw	r24, r22
    12b0:	f8 01       	movw	r30, r16
    12b2:	91 83       	std	Z+1, r25	; 0x01
    12b4:	80 83       	st	Z, r24
    12b6:	1f c0       	rjmp	.+62     	; 0x12f6 <dht11_read+0x152>
    12b8:	fe 01       	movw	r30, r28
    12ba:	e5 55       	subi	r30, 0x55	; 85
    12bc:	ff 4f       	sbci	r31, 0xFF	; 255
    12be:	88 ec       	ldi	r24, 0xC8	; 200
    12c0:	90 e0       	ldi	r25, 0x00	; 0
    12c2:	91 83       	std	Z+1, r25	; 0x01
    12c4:	80 83       	st	Z, r24
    12c6:	fe 01       	movw	r30, r28
    12c8:	e5 55       	subi	r30, 0x55	; 85
    12ca:	ff 4f       	sbci	r31, 0xFF	; 255
    12cc:	80 81       	ld	r24, Z
    12ce:	91 81       	ldd	r25, Z+1	; 0x01
    12d0:	01 97       	sbiw	r24, 0x01	; 1
    12d2:	f1 f7       	brne	.-4      	; 0x12d0 <dht11_read+0x12c>
    12d4:	fe 01       	movw	r30, r28
    12d6:	e5 55       	subi	r30, 0x55	; 85
    12d8:	ff 4f       	sbci	r31, 0xFF	; 255
    12da:	91 83       	std	Z+1, r25	; 0x01
    12dc:	80 83       	st	Z, r24
		while(__ticks)
		{
			// wait 1/10 ms
			_delay_loop_2(((F_CPU) / 4e3) / 10);
			__ticks --;
    12de:	de 01       	movw	r26, r28
    12e0:	a3 55       	subi	r26, 0x53	; 83
    12e2:	bf 4f       	sbci	r27, 0xFF	; 255
    12e4:	fe 01       	movw	r30, r28
    12e6:	e3 55       	subi	r30, 0x53	; 83
    12e8:	ff 4f       	sbci	r31, 0xFF	; 255
    12ea:	80 81       	ld	r24, Z
    12ec:	91 81       	ldd	r25, Z+1	; 0x01
    12ee:	01 97       	sbiw	r24, 0x01	; 1
    12f0:	11 96       	adiw	r26, 0x01	; 1
    12f2:	9c 93       	st	X, r25
    12f4:	8e 93       	st	-X, r24
		__ticks = 1;
	else if (__tmp > 65535)
	{
		//	__ticks = requested delay in 1/10 ms
		__ticks = (uint16_t) (__ms * 10.0);
		while(__ticks)
    12f6:	fe 01       	movw	r30, r28
    12f8:	e3 55       	subi	r30, 0x53	; 83
    12fa:	ff 4f       	sbci	r31, 0xFF	; 255
    12fc:	80 81       	ld	r24, Z
    12fe:	91 81       	ldd	r25, Z+1	; 0x01
    1300:	00 97       	sbiw	r24, 0x00	; 0
    1302:	d1 f6       	brne	.-76     	; 0x12b8 <dht11_read+0x114>
    1304:	27 c0       	rjmp	.+78     	; 0x1354 <dht11_read+0x1b0>
			__ticks --;
		}
		return;
	}
	else
		__ticks = (uint16_t)__tmp;
    1306:	8e 01       	movw	r16, r28
    1308:	03 55       	subi	r16, 0x53	; 83
    130a:	1f 4f       	sbci	r17, 0xFF	; 255
    130c:	fe 01       	movw	r30, r28
    130e:	e1 55       	subi	r30, 0x51	; 81
    1310:	ff 4f       	sbci	r31, 0xFF	; 255
    1312:	60 81       	ld	r22, Z
    1314:	71 81       	ldd	r23, Z+1	; 0x01
    1316:	82 81       	ldd	r24, Z+2	; 0x02
    1318:	93 81       	ldd	r25, Z+3	; 0x03
    131a:	0e 94 49 00 	call	0x92	; 0x92 <__fixunssfsi>
    131e:	dc 01       	movw	r26, r24
    1320:	cb 01       	movw	r24, r22
    1322:	f8 01       	movw	r30, r16
    1324:	91 83       	std	Z+1, r25	; 0x01
    1326:	80 83       	st	Z, r24
    1328:	de 01       	movw	r26, r28
    132a:	a7 55       	subi	r26, 0x57	; 87
    132c:	bf 4f       	sbci	r27, 0xFF	; 255
    132e:	fe 01       	movw	r30, r28
    1330:	e3 55       	subi	r30, 0x53	; 83
    1332:	ff 4f       	sbci	r31, 0xFF	; 255
    1334:	80 81       	ld	r24, Z
    1336:	91 81       	ldd	r25, Z+1	; 0x01
    1338:	8d 93       	st	X+, r24
    133a:	9c 93       	st	X, r25
    133c:	fe 01       	movw	r30, r28
    133e:	e7 55       	subi	r30, 0x57	; 87
    1340:	ff 4f       	sbci	r31, 0xFF	; 255
    1342:	80 81       	ld	r24, Z
    1344:	91 81       	ldd	r25, Z+1	; 0x01
    1346:	01 97       	sbiw	r24, 0x01	; 1
    1348:	f1 f7       	brne	.-4      	; 0x1346 <dht11_read+0x1a2>
    134a:	fe 01       	movw	r30, r28
    134c:	e7 55       	subi	r30, 0x57	; 87
    134e:	ff 4f       	sbci	r31, 0xFF	; 255
    1350:	91 83       	std	Z+1, r25	; 0x01
    1352:	80 83       	st	Z, r24
    _delay_ms(20);                 // 20ms minimum per datasheet

    DHT11_PORT |= (1<<DHT11_PIN);  // Pull high
    1354:	a2 e3       	ldi	r26, 0x32	; 50
    1356:	b0 e0       	ldi	r27, 0x00	; 0
    1358:	e2 e3       	ldi	r30, 0x32	; 50
    135a:	f0 e0       	ldi	r31, 0x00	; 0
    135c:	80 81       	ld	r24, Z
    135e:	84 60       	ori	r24, 0x04	; 4
    1360:	8c 93       	st	X, r24
    1362:	fe 01       	movw	r30, r28
    1364:	eb 55       	subi	r30, 0x5B	; 91
    1366:	ff 4f       	sbci	r31, 0xFF	; 255
    1368:	80 e0       	ldi	r24, 0x00	; 0
    136a:	90 e0       	ldi	r25, 0x00	; 0
    136c:	a0 ef       	ldi	r26, 0xF0	; 240
    136e:	b1 e4       	ldi	r27, 0x41	; 65
    1370:	80 83       	st	Z, r24
    1372:	91 83       	std	Z+1, r25	; 0x01
    1374:	a2 83       	std	Z+2, r26	; 0x02
    1376:	b3 83       	std	Z+3, r27	; 0x03
 */
void
_delay_us(double __us)
{
	uint8_t __ticks;
	double __tmp = ((F_CPU) / 3e6) * __us;
    1378:	8e 01       	movw	r16, r28
    137a:	0f 55       	subi	r16, 0x5F	; 95
    137c:	1f 4f       	sbci	r17, 0xFF	; 255
    137e:	fe 01       	movw	r30, r28
    1380:	eb 55       	subi	r30, 0x5B	; 91
    1382:	ff 4f       	sbci	r31, 0xFF	; 255
    1384:	60 81       	ld	r22, Z
    1386:	71 81       	ldd	r23, Z+1	; 0x01
    1388:	82 81       	ldd	r24, Z+2	; 0x02
    138a:	93 81       	ldd	r25, Z+3	; 0x03
    138c:	2b ea       	ldi	r18, 0xAB	; 171
    138e:	3a ea       	ldi	r19, 0xAA	; 170
    1390:	4a e2       	ldi	r20, 0x2A	; 42
    1392:	50 e4       	ldi	r21, 0x40	; 64
    1394:	0e 94 1f 02 	call	0x43e	; 0x43e <__mulsf3>
    1398:	dc 01       	movw	r26, r24
    139a:	cb 01       	movw	r24, r22
    139c:	f8 01       	movw	r30, r16
    139e:	80 83       	st	Z, r24
    13a0:	91 83       	std	Z+1, r25	; 0x01
    13a2:	a2 83       	std	Z+2, r26	; 0x02
    13a4:	b3 83       	std	Z+3, r27	; 0x03
	if (__tmp < 1.0)
    13a6:	fe 01       	movw	r30, r28
    13a8:	ef 55       	subi	r30, 0x5F	; 95
    13aa:	ff 4f       	sbci	r31, 0xFF	; 255
    13ac:	60 81       	ld	r22, Z
    13ae:	71 81       	ldd	r23, Z+1	; 0x01
    13b0:	82 81       	ldd	r24, Z+2	; 0x02
    13b2:	93 81       	ldd	r25, Z+3	; 0x03
    13b4:	20 e0       	ldi	r18, 0x00	; 0
    13b6:	30 e0       	ldi	r19, 0x00	; 0
    13b8:	40 e8       	ldi	r20, 0x80	; 128
    13ba:	5f e3       	ldi	r21, 0x3F	; 63
    13bc:	0e 94 25 04 	call	0x84a	; 0x84a <__ltsf2>
    13c0:	88 23       	and	r24, r24
    13c2:	34 f4       	brge	.+12     	; 0x13d0 <dht11_read+0x22c>
		__ticks = 1;
    13c4:	fe 01       	movw	r30, r28
    13c6:	e0 56       	subi	r30, 0x60	; 96
    13c8:	ff 4f       	sbci	r31, 0xFF	; 255
    13ca:	81 e0       	ldi	r24, 0x01	; 1
    13cc:	80 83       	st	Z, r24
    13ce:	e0 c0       	rjmp	.+448    	; 0x1590 <dht11_read+0x3ec>
	else if (__tmp > 255)
    13d0:	fe 01       	movw	r30, r28
    13d2:	ef 55       	subi	r30, 0x5F	; 95
    13d4:	ff 4f       	sbci	r31, 0xFF	; 255
    13d6:	60 81       	ld	r22, Z
    13d8:	71 81       	ldd	r23, Z+1	; 0x01
    13da:	82 81       	ldd	r24, Z+2	; 0x02
    13dc:	93 81       	ldd	r25, Z+3	; 0x03
    13de:	20 e0       	ldi	r18, 0x00	; 0
    13e0:	30 e0       	ldi	r19, 0x00	; 0
    13e2:	4f e7       	ldi	r20, 0x7F	; 127
    13e4:	53 e4       	ldi	r21, 0x43	; 67
    13e6:	0e 94 c5 03 	call	0x78a	; 0x78a <__gtsf2>
    13ea:	18 16       	cp	r1, r24
    13ec:	0c f0       	brlt	.+2      	; 0x13f0 <dht11_read+0x24c>
    13ee:	c0 c0       	rjmp	.+384    	; 0x1570 <dht11_read+0x3cc>
	{
		_delay_ms(__us / 1000.0);
    13f0:	fe 01       	movw	r30, r28
    13f2:	eb 55       	subi	r30, 0x5B	; 91
    13f4:	ff 4f       	sbci	r31, 0xFF	; 255
    13f6:	60 81       	ld	r22, Z
    13f8:	71 81       	ldd	r23, Z+1	; 0x01
    13fa:	82 81       	ldd	r24, Z+2	; 0x02
    13fc:	93 81       	ldd	r25, Z+3	; 0x03
    13fe:	20 e0       	ldi	r18, 0x00	; 0
    1400:	30 e0       	ldi	r19, 0x00	; 0
    1402:	4a e7       	ldi	r20, 0x7A	; 122
    1404:	54 e4       	ldi	r21, 0x44	; 68
    1406:	0e 94 19 03 	call	0x632	; 0x632 <__divsf3>
    140a:	dc 01       	movw	r26, r24
    140c:	cb 01       	movw	r24, r22
    140e:	fe 01       	movw	r30, r28
    1410:	e4 56       	subi	r30, 0x64	; 100
    1412:	ff 4f       	sbci	r31, 0xFF	; 255
    1414:	80 83       	st	Z, r24
    1416:	91 83       	std	Z+1, r25	; 0x01
    1418:	a2 83       	std	Z+2, r26	; 0x02
    141a:	b3 83       	std	Z+3, r27	; 0x03
 */
void
_delay_ms(double __ms)
{
	uint16_t __ticks;
	double __tmp = ((F_CPU) / 4e3) * __ms;
    141c:	8e 01       	movw	r16, r28
    141e:	08 56       	subi	r16, 0x68	; 104
    1420:	1f 4f       	sbci	r17, 0xFF	; 255
    1422:	fe 01       	movw	r30, r28
    1424:	e4 56       	subi	r30, 0x64	; 100
    1426:	ff 4f       	sbci	r31, 0xFF	; 255
    1428:	60 81       	ld	r22, Z
    142a:	71 81       	ldd	r23, Z+1	; 0x01
    142c:	82 81       	ldd	r24, Z+2	; 0x02
    142e:	93 81       	ldd	r25, Z+3	; 0x03
    1430:	20 e0       	ldi	r18, 0x00	; 0
    1432:	30 e0       	ldi	r19, 0x00	; 0
    1434:	4a ef       	ldi	r20, 0xFA	; 250
    1436:	54 e4       	ldi	r21, 0x44	; 68
    1438:	0e 94 1f 02 	call	0x43e	; 0x43e <__mulsf3>
    143c:	dc 01       	movw	r26, r24
    143e:	cb 01       	movw	r24, r22
    1440:	f8 01       	movw	r30, r16
    1442:	80 83       	st	Z, r24
    1444:	91 83       	std	Z+1, r25	; 0x01
    1446:	a2 83       	std	Z+2, r26	; 0x02
    1448:	b3 83       	std	Z+3, r27	; 0x03
	if (__tmp < 1.0)
    144a:	fe 01       	movw	r30, r28
    144c:	e8 56       	subi	r30, 0x68	; 104
    144e:	ff 4f       	sbci	r31, 0xFF	; 255
    1450:	60 81       	ld	r22, Z
    1452:	71 81       	ldd	r23, Z+1	; 0x01
    1454:	82 81       	ldd	r24, Z+2	; 0x02
    1456:	93 81       	ldd	r25, Z+3	; 0x03
    1458:	20 e0       	ldi	r18, 0x00	; 0
    145a:	30 e0       	ldi	r19, 0x00	; 0
    145c:	40 e8       	ldi	r20, 0x80	; 128
    145e:	5f e3       	ldi	r21, 0x3F	; 63
    1460:	0e 94 25 04 	call	0x84a	; 0x84a <__ltsf2>
    1464:	88 23       	and	r24, r24
    1466:	44 f4       	brge	.+16     	; 0x1478 <dht11_read+0x2d4>
		__ticks = 1;
    1468:	fe 01       	movw	r30, r28
    146a:	ea 56       	subi	r30, 0x6A	; 106
    146c:	ff 4f       	sbci	r31, 0xFF	; 255
    146e:	81 e0       	ldi	r24, 0x01	; 1
    1470:	90 e0       	ldi	r25, 0x00	; 0
    1472:	91 83       	std	Z+1, r25	; 0x01
    1474:	80 83       	st	Z, r24
    1476:	64 c0       	rjmp	.+200    	; 0x1540 <dht11_read+0x39c>
	else if (__tmp > 65535)
    1478:	fe 01       	movw	r30, r28
    147a:	e8 56       	subi	r30, 0x68	; 104
    147c:	ff 4f       	sbci	r31, 0xFF	; 255
    147e:	60 81       	ld	r22, Z
    1480:	71 81       	ldd	r23, Z+1	; 0x01
    1482:	82 81       	ldd	r24, Z+2	; 0x02
    1484:	93 81       	ldd	r25, Z+3	; 0x03
    1486:	20 e0       	ldi	r18, 0x00	; 0
    1488:	3f ef       	ldi	r19, 0xFF	; 255
    148a:	4f e7       	ldi	r20, 0x7F	; 127
    148c:	57 e4       	ldi	r21, 0x47	; 71
    148e:	0e 94 c5 03 	call	0x78a	; 0x78a <__gtsf2>
    1492:	18 16       	cp	r1, r24
    1494:	0c f0       	brlt	.+2      	; 0x1498 <dht11_read+0x2f4>
    1496:	43 c0       	rjmp	.+134    	; 0x151e <dht11_read+0x37a>
	{
		//	__ticks = requested delay in 1/10 ms
		__ticks = (uint16_t) (__ms * 10.0);
    1498:	fe 01       	movw	r30, r28
    149a:	e4 56       	subi	r30, 0x64	; 100
    149c:	ff 4f       	sbci	r31, 0xFF	; 255
    149e:	60 81       	ld	r22, Z
    14a0:	71 81       	ldd	r23, Z+1	; 0x01
    14a2:	82 81       	ldd	r24, Z+2	; 0x02
    14a4:	93 81       	ldd	r25, Z+3	; 0x03
    14a6:	20 e0       	ldi	r18, 0x00	; 0
    14a8:	30 e0       	ldi	r19, 0x00	; 0
    14aa:	40 e2       	ldi	r20, 0x20	; 32
    14ac:	51 e4       	ldi	r21, 0x41	; 65
    14ae:	0e 94 1f 02 	call	0x43e	; 0x43e <__mulsf3>
    14b2:	dc 01       	movw	r26, r24
    14b4:	cb 01       	movw	r24, r22
    14b6:	8e 01       	movw	r16, r28
    14b8:	0a 56       	subi	r16, 0x6A	; 106
    14ba:	1f 4f       	sbci	r17, 0xFF	; 255
    14bc:	bc 01       	movw	r22, r24
    14be:	cd 01       	movw	r24, r26
    14c0:	0e 94 49 00 	call	0x92	; 0x92 <__fixunssfsi>
    14c4:	dc 01       	movw	r26, r24
    14c6:	cb 01       	movw	r24, r22
    14c8:	f8 01       	movw	r30, r16
    14ca:	91 83       	std	Z+1, r25	; 0x01
    14cc:	80 83       	st	Z, r24
    14ce:	1f c0       	rjmp	.+62     	; 0x150e <dht11_read+0x36a>
    14d0:	fe 01       	movw	r30, r28
    14d2:	ec 56       	subi	r30, 0x6C	; 108
    14d4:	ff 4f       	sbci	r31, 0xFF	; 255
    14d6:	88 ec       	ldi	r24, 0xC8	; 200
    14d8:	90 e0       	ldi	r25, 0x00	; 0
    14da:	91 83       	std	Z+1, r25	; 0x01
    14dc:	80 83       	st	Z, r24
    14de:	fe 01       	movw	r30, r28
    14e0:	ec 56       	subi	r30, 0x6C	; 108
    14e2:	ff 4f       	sbci	r31, 0xFF	; 255
    14e4:	80 81       	ld	r24, Z
    14e6:	91 81       	ldd	r25, Z+1	; 0x01
    14e8:	01 97       	sbiw	r24, 0x01	; 1
    14ea:	f1 f7       	brne	.-4      	; 0x14e8 <dht11_read+0x344>
    14ec:	fe 01       	movw	r30, r28
    14ee:	ec 56       	subi	r30, 0x6C	; 108
    14f0:	ff 4f       	sbci	r31, 0xFF	; 255
    14f2:	91 83       	std	Z+1, r25	; 0x01
    14f4:	80 83       	st	Z, r24
		while(__ticks)
		{
			// wait 1/10 ms
			_delay_loop_2(((F_CPU) / 4e3) / 10);
			__ticks --;
    14f6:	de 01       	movw	r26, r28
    14f8:	aa 56       	subi	r26, 0x6A	; 106
    14fa:	bf 4f       	sbci	r27, 0xFF	; 255
    14fc:	fe 01       	movw	r30, r28
    14fe:	ea 56       	subi	r30, 0x6A	; 106
    1500:	ff 4f       	sbci	r31, 0xFF	; 255
    1502:	80 81       	ld	r24, Z
    1504:	91 81       	ldd	r25, Z+1	; 0x01
    1506:	01 97       	sbiw	r24, 0x01	; 1
    1508:	11 96       	adiw	r26, 0x01	; 1
    150a:	9c 93       	st	X, r25
    150c:	8e 93       	st	-X, r24
		__ticks = 1;
	else if (__tmp > 65535)
	{
		//	__ticks = requested delay in 1/10 ms
		__ticks = (uint16_t) (__ms * 10.0);
		while(__ticks)
    150e:	fe 01       	movw	r30, r28
    1510:	ea 56       	subi	r30, 0x6A	; 106
    1512:	ff 4f       	sbci	r31, 0xFF	; 255
    1514:	80 81       	ld	r24, Z
    1516:	91 81       	ldd	r25, Z+1	; 0x01
    1518:	00 97       	sbiw	r24, 0x00	; 0
    151a:	d1 f6       	brne	.-76     	; 0x14d0 <dht11_read+0x32c>
    151c:	4b c0       	rjmp	.+150    	; 0x15b4 <dht11_read+0x410>
			__ticks --;
		}
		return;
	}
	else
		__ticks = (uint16_t)__tmp;
    151e:	8e 01       	movw	r16, r28
    1520:	0a 56       	subi	r16, 0x6A	; 106
    1522:	1f 4f       	sbci	r17, 0xFF	; 255
    1524:	fe 01       	movw	r30, r28
    1526:	e8 56       	subi	r30, 0x68	; 104
    1528:	ff 4f       	sbci	r31, 0xFF	; 255
    152a:	60 81       	ld	r22, Z
    152c:	71 81       	ldd	r23, Z+1	; 0x01
    152e:	82 81       	ldd	r24, Z+2	; 0x02
    1530:	93 81       	ldd	r25, Z+3	; 0x03
    1532:	0e 94 49 00 	call	0x92	; 0x92 <__fixunssfsi>
    1536:	dc 01       	movw	r26, r24
    1538:	cb 01       	movw	r24, r22
    153a:	f8 01       	movw	r30, r16
    153c:	91 83       	std	Z+1, r25	; 0x01
    153e:	80 83       	st	Z, r24
    1540:	de 01       	movw	r26, r28
    1542:	ae 56       	subi	r26, 0x6E	; 110
    1544:	bf 4f       	sbci	r27, 0xFF	; 255
    1546:	fe 01       	movw	r30, r28
    1548:	ea 56       	subi	r30, 0x6A	; 106
    154a:	ff 4f       	sbci	r31, 0xFF	; 255
    154c:	80 81       	ld	r24, Z
    154e:	91 81       	ldd	r25, Z+1	; 0x01
    1550:	11 96       	adiw	r26, 0x01	; 1
    1552:	9c 93       	st	X, r25
    1554:	8e 93       	st	-X, r24
    1556:	fe 01       	movw	r30, r28
    1558:	ee 56       	subi	r30, 0x6E	; 110
    155a:	ff 4f       	sbci	r31, 0xFF	; 255
    155c:	80 81       	ld	r24, Z
    155e:	91 81       	ldd	r25, Z+1	; 0x01
    1560:	01 97       	sbiw	r24, 0x01	; 1
    1562:	f1 f7       	brne	.-4      	; 0x1560 <dht11_read+0x3bc>
    1564:	fe 01       	movw	r30, r28
    1566:	ee 56       	subi	r30, 0x6E	; 110
    1568:	ff 4f       	sbci	r31, 0xFF	; 255
    156a:	91 83       	std	Z+1, r25	; 0x01
    156c:	80 83       	st	Z, r24
    156e:	22 c0       	rjmp	.+68     	; 0x15b4 <dht11_read+0x410>
	{
		_delay_ms(__us / 1000.0);
		return;
	}
	else
		__ticks = (uint8_t)__tmp;
    1570:	8e 01       	movw	r16, r28
    1572:	00 56       	subi	r16, 0x60	; 96
    1574:	1f 4f       	sbci	r17, 0xFF	; 255
    1576:	fe 01       	movw	r30, r28
    1578:	ef 55       	subi	r30, 0x5F	; 95
    157a:	ff 4f       	sbci	r31, 0xFF	; 255
    157c:	60 81       	ld	r22, Z
    157e:	71 81       	ldd	r23, Z+1	; 0x01
    1580:	82 81       	ldd	r24, Z+2	; 0x02
    1582:	93 81       	ldd	r25, Z+3	; 0x03
    1584:	0e 94 49 00 	call	0x92	; 0x92 <__fixunssfsi>
    1588:	dc 01       	movw	r26, r24
    158a:	cb 01       	movw	r24, r22
    158c:	f8 01       	movw	r30, r16
    158e:	80 83       	st	Z, r24
    1590:	de 01       	movw	r26, r28
    1592:	af 56       	subi	r26, 0x6F	; 111
    1594:	bf 4f       	sbci	r27, 0xFF	; 255
    1596:	fe 01       	movw	r30, r28
    1598:	e0 56       	subi	r30, 0x60	; 96
    159a:	ff 4f       	sbci	r31, 0xFF	; 255
    159c:	80 81       	ld	r24, Z
    159e:	8c 93       	st	X, r24
    can be achieved.
*/
void
_delay_loop_1(uint8_t __count)
{
	__asm__ volatile (
    15a0:	fe 01       	movw	r30, r28
    15a2:	ef 56       	subi	r30, 0x6F	; 111
    15a4:	ff 4f       	sbci	r31, 0xFF	; 255
    15a6:	80 81       	ld	r24, Z
    15a8:	8a 95       	dec	r24
    15aa:	f1 f7       	brne	.-4      	; 0x15a8 <dht11_read+0x404>
    15ac:	fe 01       	movw	r30, r28
    15ae:	ef 56       	subi	r30, 0x6F	; 111
    15b0:	ff 4f       	sbci	r31, 0xFF	; 255
    15b2:	80 83       	st	Z, r24
    _delay_us(30);                 // 30us high

    // Set as input with pull-up
    DHT11_DDR &= ~(1<<DHT11_PIN);
    15b4:	a1 e3       	ldi	r26, 0x31	; 49
    15b6:	b0 e0       	ldi	r27, 0x00	; 0
    15b8:	e1 e3       	ldi	r30, 0x31	; 49
    15ba:	f0 e0       	ldi	r31, 0x00	; 0
    15bc:	80 81       	ld	r24, Z
    15be:	8b 7f       	andi	r24, 0xFB	; 251
    15c0:	8c 93       	st	X, r24
    DHT11_PORT |= (1<<DHT11_PIN);
    15c2:	a2 e3       	ldi	r26, 0x32	; 50
    15c4:	b0 e0       	ldi	r27, 0x00	; 0
    15c6:	e2 e3       	ldi	r30, 0x32	; 50
    15c8:	f0 e0       	ldi	r31, 0x00	; 0
    15ca:	80 81       	ld	r24, Z
    15cc:	84 60       	ori	r24, 0x04	; 4
    15ce:	8c 93       	st	X, r24
    15d0:	fe 01       	movw	r30, r28
    15d2:	e3 57       	subi	r30, 0x73	; 115
    15d4:	ff 4f       	sbci	r31, 0xFF	; 255
    15d6:	80 e0       	ldi	r24, 0x00	; 0
    15d8:	90 e0       	ldi	r25, 0x00	; 0
    15da:	a0 e2       	ldi	r26, 0x20	; 32
    15dc:	b2 e4       	ldi	r27, 0x42	; 66
    15de:	80 83       	st	Z, r24
    15e0:	91 83       	std	Z+1, r25	; 0x01
    15e2:	a2 83       	std	Z+2, r26	; 0x02
    15e4:	b3 83       	std	Z+3, r27	; 0x03
 */
void
_delay_us(double __us)
{
	uint8_t __ticks;
	double __tmp = ((F_CPU) / 3e6) * __us;
    15e6:	8e 01       	movw	r16, r28
    15e8:	07 57       	subi	r16, 0x77	; 119
    15ea:	1f 4f       	sbci	r17, 0xFF	; 255
    15ec:	fe 01       	movw	r30, r28
    15ee:	e3 57       	subi	r30, 0x73	; 115
    15f0:	ff 4f       	sbci	r31, 0xFF	; 255
    15f2:	60 81       	ld	r22, Z
    15f4:	71 81       	ldd	r23, Z+1	; 0x01
    15f6:	82 81       	ldd	r24, Z+2	; 0x02
    15f8:	93 81       	ldd	r25, Z+3	; 0x03
    15fa:	2b ea       	ldi	r18, 0xAB	; 171
    15fc:	3a ea       	ldi	r19, 0xAA	; 170
    15fe:	4a e2       	ldi	r20, 0x2A	; 42
    1600:	50 e4       	ldi	r21, 0x40	; 64
    1602:	0e 94 1f 02 	call	0x43e	; 0x43e <__mulsf3>
    1606:	dc 01       	movw	r26, r24
    1608:	cb 01       	movw	r24, r22
    160a:	f8 01       	movw	r30, r16
    160c:	80 83       	st	Z, r24
    160e:	91 83       	std	Z+1, r25	; 0x01
    1610:	a2 83       	std	Z+2, r26	; 0x02
    1612:	b3 83       	std	Z+3, r27	; 0x03
	if (__tmp < 1.0)
    1614:	fe 01       	movw	r30, r28
    1616:	e7 57       	subi	r30, 0x77	; 119
    1618:	ff 4f       	sbci	r31, 0xFF	; 255
    161a:	60 81       	ld	r22, Z
    161c:	71 81       	ldd	r23, Z+1	; 0x01
    161e:	82 81       	ldd	r24, Z+2	; 0x02
    1620:	93 81       	ldd	r25, Z+3	; 0x03
    1622:	20 e0       	ldi	r18, 0x00	; 0
    1624:	30 e0       	ldi	r19, 0x00	; 0
    1626:	40 e8       	ldi	r20, 0x80	; 128
    1628:	5f e3       	ldi	r21, 0x3F	; 63
    162a:	0e 94 25 04 	call	0x84a	; 0x84a <__ltsf2>
    162e:	88 23       	and	r24, r24
    1630:	34 f4       	brge	.+12     	; 0x163e <dht11_read+0x49a>
		__ticks = 1;
    1632:	fe 01       	movw	r30, r28
    1634:	e8 57       	subi	r30, 0x78	; 120
    1636:	ff 4f       	sbci	r31, 0xFF	; 255
    1638:	81 e0       	ldi	r24, 0x01	; 1
    163a:	80 83       	st	Z, r24
    163c:	e0 c0       	rjmp	.+448    	; 0x17fe <dht11_read+0x65a>
	else if (__tmp > 255)
    163e:	fe 01       	movw	r30, r28
    1640:	e7 57       	subi	r30, 0x77	; 119
    1642:	ff 4f       	sbci	r31, 0xFF	; 255
    1644:	60 81       	ld	r22, Z
    1646:	71 81       	ldd	r23, Z+1	; 0x01
    1648:	82 81       	ldd	r24, Z+2	; 0x02
    164a:	93 81       	ldd	r25, Z+3	; 0x03
    164c:	20 e0       	ldi	r18, 0x00	; 0
    164e:	30 e0       	ldi	r19, 0x00	; 0
    1650:	4f e7       	ldi	r20, 0x7F	; 127
    1652:	53 e4       	ldi	r21, 0x43	; 67
    1654:	0e 94 c5 03 	call	0x78a	; 0x78a <__gtsf2>
    1658:	18 16       	cp	r1, r24
    165a:	0c f0       	brlt	.+2      	; 0x165e <dht11_read+0x4ba>
    165c:	c0 c0       	rjmp	.+384    	; 0x17de <dht11_read+0x63a>
	{
		_delay_ms(__us / 1000.0);
    165e:	fe 01       	movw	r30, r28
    1660:	e3 57       	subi	r30, 0x73	; 115
    1662:	ff 4f       	sbci	r31, 0xFF	; 255
    1664:	60 81       	ld	r22, Z
    1666:	71 81       	ldd	r23, Z+1	; 0x01
    1668:	82 81       	ldd	r24, Z+2	; 0x02
    166a:	93 81       	ldd	r25, Z+3	; 0x03
    166c:	20 e0       	ldi	r18, 0x00	; 0
    166e:	30 e0       	ldi	r19, 0x00	; 0
    1670:	4a e7       	ldi	r20, 0x7A	; 122
    1672:	54 e4       	ldi	r21, 0x44	; 68
    1674:	0e 94 19 03 	call	0x632	; 0x632 <__divsf3>
    1678:	dc 01       	movw	r26, r24
    167a:	cb 01       	movw	r24, r22
    167c:	fe 01       	movw	r30, r28
    167e:	ec 57       	subi	r30, 0x7C	; 124
    1680:	ff 4f       	sbci	r31, 0xFF	; 255
    1682:	80 83       	st	Z, r24
    1684:	91 83       	std	Z+1, r25	; 0x01
    1686:	a2 83       	std	Z+2, r26	; 0x02
    1688:	b3 83       	std	Z+3, r27	; 0x03
 */
void
_delay_ms(double __ms)
{
	uint16_t __ticks;
	double __tmp = ((F_CPU) / 4e3) * __ms;
    168a:	8e 01       	movw	r16, r28
    168c:	00 58       	subi	r16, 0x80	; 128
    168e:	1f 4f       	sbci	r17, 0xFF	; 255
    1690:	fe 01       	movw	r30, r28
    1692:	ec 57       	subi	r30, 0x7C	; 124
    1694:	ff 4f       	sbci	r31, 0xFF	; 255
    1696:	60 81       	ld	r22, Z
    1698:	71 81       	ldd	r23, Z+1	; 0x01
    169a:	82 81       	ldd	r24, Z+2	; 0x02
    169c:	93 81       	ldd	r25, Z+3	; 0x03
    169e:	20 e0       	ldi	r18, 0x00	; 0
    16a0:	30 e0       	ldi	r19, 0x00	; 0
    16a2:	4a ef       	ldi	r20, 0xFA	; 250
    16a4:	54 e4       	ldi	r21, 0x44	; 68
    16a6:	0e 94 1f 02 	call	0x43e	; 0x43e <__mulsf3>
    16aa:	dc 01       	movw	r26, r24
    16ac:	cb 01       	movw	r24, r22
    16ae:	f8 01       	movw	r30, r16
    16b0:	80 83       	st	Z, r24
    16b2:	91 83       	std	Z+1, r25	; 0x01
    16b4:	a2 83       	std	Z+2, r26	; 0x02
    16b6:	b3 83       	std	Z+3, r27	; 0x03
	if (__tmp < 1.0)
    16b8:	fe 01       	movw	r30, r28
    16ba:	e0 58       	subi	r30, 0x80	; 128
    16bc:	ff 4f       	sbci	r31, 0xFF	; 255
    16be:	60 81       	ld	r22, Z
    16c0:	71 81       	ldd	r23, Z+1	; 0x01
    16c2:	82 81       	ldd	r24, Z+2	; 0x02
    16c4:	93 81       	ldd	r25, Z+3	; 0x03
    16c6:	20 e0       	ldi	r18, 0x00	; 0
    16c8:	30 e0       	ldi	r19, 0x00	; 0
    16ca:	40 e8       	ldi	r20, 0x80	; 128
    16cc:	5f e3       	ldi	r21, 0x3F	; 63
    16ce:	0e 94 25 04 	call	0x84a	; 0x84a <__ltsf2>
    16d2:	88 23       	and	r24, r24
    16d4:	44 f4       	brge	.+16     	; 0x16e6 <dht11_read+0x542>
		__ticks = 1;
    16d6:	fe 01       	movw	r30, r28
    16d8:	e2 58       	subi	r30, 0x82	; 130
    16da:	ff 4f       	sbci	r31, 0xFF	; 255
    16dc:	81 e0       	ldi	r24, 0x01	; 1
    16de:	90 e0       	ldi	r25, 0x00	; 0
    16e0:	91 83       	std	Z+1, r25	; 0x01
    16e2:	80 83       	st	Z, r24
    16e4:	64 c0       	rjmp	.+200    	; 0x17ae <dht11_read+0x60a>
	else if (__tmp > 65535)
    16e6:	fe 01       	movw	r30, r28
    16e8:	e0 58       	subi	r30, 0x80	; 128
    16ea:	ff 4f       	sbci	r31, 0xFF	; 255
    16ec:	60 81       	ld	r22, Z
    16ee:	71 81       	ldd	r23, Z+1	; 0x01
    16f0:	82 81       	ldd	r24, Z+2	; 0x02
    16f2:	93 81       	ldd	r25, Z+3	; 0x03
    16f4:	20 e0       	ldi	r18, 0x00	; 0
    16f6:	3f ef       	ldi	r19, 0xFF	; 255
    16f8:	4f e7       	ldi	r20, 0x7F	; 127
    16fa:	57 e4       	ldi	r21, 0x47	; 71
    16fc:	0e 94 c5 03 	call	0x78a	; 0x78a <__gtsf2>
    1700:	18 16       	cp	r1, r24
    1702:	0c f0       	brlt	.+2      	; 0x1706 <dht11_read+0x562>
    1704:	43 c0       	rjmp	.+134    	; 0x178c <dht11_read+0x5e8>
	{
		//	__ticks = requested delay in 1/10 ms
		__ticks = (uint16_t) (__ms * 10.0);
    1706:	fe 01       	movw	r30, r28
    1708:	ec 57       	subi	r30, 0x7C	; 124
    170a:	ff 4f       	sbci	r31, 0xFF	; 255
    170c:	60 81       	ld	r22, Z
    170e:	71 81       	ldd	r23, Z+1	; 0x01
    1710:	82 81       	ldd	r24, Z+2	; 0x02
    1712:	93 81       	ldd	r25, Z+3	; 0x03
    1714:	20 e0       	ldi	r18, 0x00	; 0
    1716:	30 e0       	ldi	r19, 0x00	; 0
    1718:	40 e2       	ldi	r20, 0x20	; 32
    171a:	51 e4       	ldi	r21, 0x41	; 65
    171c:	0e 94 1f 02 	call	0x43e	; 0x43e <__mulsf3>
    1720:	dc 01       	movw	r26, r24
    1722:	cb 01       	movw	r24, r22
    1724:	8e 01       	movw	r16, r28
    1726:	02 58       	subi	r16, 0x82	; 130
    1728:	1f 4f       	sbci	r17, 0xFF	; 255
    172a:	bc 01       	movw	r22, r24
    172c:	cd 01       	movw	r24, r26
    172e:	0e 94 49 00 	call	0x92	; 0x92 <__fixunssfsi>
    1732:	dc 01       	movw	r26, r24
    1734:	cb 01       	movw	r24, r22
    1736:	f8 01       	movw	r30, r16
    1738:	91 83       	std	Z+1, r25	; 0x01
    173a:	80 83       	st	Z, r24
    173c:	1f c0       	rjmp	.+62     	; 0x177c <dht11_read+0x5d8>
    173e:	fe 01       	movw	r30, r28
    1740:	e4 58       	subi	r30, 0x84	; 132
    1742:	ff 4f       	sbci	r31, 0xFF	; 255
    1744:	88 ec       	ldi	r24, 0xC8	; 200
    1746:	90 e0       	ldi	r25, 0x00	; 0
    1748:	91 83       	std	Z+1, r25	; 0x01
    174a:	80 83       	st	Z, r24
    milliseconds can be achieved.
 */
void
_delay_loop_2(uint16_t __count)
{
	__asm__ volatile (
    174c:	fe 01       	movw	r30, r28
    174e:	e4 58       	subi	r30, 0x84	; 132
    1750:	ff 4f       	sbci	r31, 0xFF	; 255
    1752:	80 81       	ld	r24, Z
    1754:	91 81       	ldd	r25, Z+1	; 0x01
    1756:	01 97       	sbiw	r24, 0x01	; 1
    1758:	f1 f7       	brne	.-4      	; 0x1756 <dht11_read+0x5b2>
    175a:	fe 01       	movw	r30, r28
    175c:	e4 58       	subi	r30, 0x84	; 132
    175e:	ff 4f       	sbci	r31, 0xFF	; 255
    1760:	91 83       	std	Z+1, r25	; 0x01
    1762:	80 83       	st	Z, r24
		while(__ticks)
		{
			// wait 1/10 ms
			_delay_loop_2(((F_CPU) / 4e3) / 10);
			__ticks --;
    1764:	de 01       	movw	r26, r28
    1766:	a2 58       	subi	r26, 0x82	; 130
    1768:	bf 4f       	sbci	r27, 0xFF	; 255
    176a:	fe 01       	movw	r30, r28
    176c:	e2 58       	subi	r30, 0x82	; 130
    176e:	ff 4f       	sbci	r31, 0xFF	; 255
    1770:	80 81       	ld	r24, Z
    1772:	91 81       	ldd	r25, Z+1	; 0x01
    1774:	01 97       	sbiw	r24, 0x01	; 1
    1776:	11 96       	adiw	r26, 0x01	; 1
    1778:	9c 93       	st	X, r25
    177a:	8e 93       	st	-X, r24
		__ticks = 1;
	else if (__tmp > 65535)
	{
		//	__ticks = requested delay in 1/10 ms
		__ticks = (uint16_t) (__ms * 10.0);
		while(__ticks)
    177c:	fe 01       	movw	r30, r28
    177e:	e2 58       	subi	r30, 0x82	; 130
    1780:	ff 4f       	sbci	r31, 0xFF	; 255
    1782:	80 81       	ld	r24, Z
    1784:	91 81       	ldd	r25, Z+1	; 0x01
    1786:	00 97       	sbiw	r24, 0x00	; 0
    1788:	d1 f6       	brne	.-76     	; 0x173e <dht11_read+0x59a>
    178a:	4b c0       	rjmp	.+150    	; 0x1822 <dht11_read+0x67e>
			__ticks --;
		}
		return;
	}
	else
		__ticks = (uint16_t)__tmp;
    178c:	8e 01       	movw	r16, r28
    178e:	02 58       	subi	r16, 0x82	; 130
    1790:	1f 4f       	sbci	r17, 0xFF	; 255
    1792:	fe 01       	movw	r30, r28
    1794:	e0 58       	subi	r30, 0x80	; 128
    1796:	ff 4f       	sbci	r31, 0xFF	; 255
    1798:	60 81       	ld	r22, Z
    179a:	71 81       	ldd	r23, Z+1	; 0x01
    179c:	82 81       	ldd	r24, Z+2	; 0x02
    179e:	93 81       	ldd	r25, Z+3	; 0x03
    17a0:	0e 94 49 00 	call	0x92	; 0x92 <__fixunssfsi>
    17a4:	dc 01       	movw	r26, r24
    17a6:	cb 01       	movw	r24, r22
    17a8:	f8 01       	movw	r30, r16
    17aa:	91 83       	std	Z+1, r25	; 0x01
    17ac:	80 83       	st	Z, r24
    17ae:	de 01       	movw	r26, r28
    17b0:	a6 58       	subi	r26, 0x86	; 134
    17b2:	bf 4f       	sbci	r27, 0xFF	; 255
    17b4:	fe 01       	movw	r30, r28
    17b6:	e2 58       	subi	r30, 0x82	; 130
    17b8:	ff 4f       	sbci	r31, 0xFF	; 255
    17ba:	80 81       	ld	r24, Z
    17bc:	91 81       	ldd	r25, Z+1	; 0x01
    17be:	11 96       	adiw	r26, 0x01	; 1
    17c0:	9c 93       	st	X, r25
    17c2:	8e 93       	st	-X, r24
    17c4:	fe 01       	movw	r30, r28
    17c6:	e6 58       	subi	r30, 0x86	; 134
    17c8:	ff 4f       	sbci	r31, 0xFF	; 255
    17ca:	80 81       	ld	r24, Z
    17cc:	91 81       	ldd	r25, Z+1	; 0x01
    17ce:	01 97       	sbiw	r24, 0x01	; 1
    17d0:	f1 f7       	brne	.-4      	; 0x17ce <dht11_read+0x62a>
    17d2:	fe 01       	movw	r30, r28
    17d4:	e6 58       	subi	r30, 0x86	; 134
    17d6:	ff 4f       	sbci	r31, 0xFF	; 255
    17d8:	91 83       	std	Z+1, r25	; 0x01
    17da:	80 83       	st	Z, r24
    17dc:	22 c0       	rjmp	.+68     	; 0x1822 <dht11_read+0x67e>
	{
		_delay_ms(__us / 1000.0);
		return;
	}
	else
		__ticks = (uint8_t)__tmp;
    17de:	8e 01       	movw	r16, r28
    17e0:	08 57       	subi	r16, 0x78	; 120
    17e2:	1f 4f       	sbci	r17, 0xFF	; 255
    17e4:	fe 01       	movw	r30, r28
    17e6:	e7 57       	subi	r30, 0x77	; 119
    17e8:	ff 4f       	sbci	r31, 0xFF	; 255
    17ea:	60 81       	ld	r22, Z
    17ec:	71 81       	ldd	r23, Z+1	; 0x01
    17ee:	82 81       	ldd	r24, Z+2	; 0x02
    17f0:	93 81       	ldd	r25, Z+3	; 0x03
    17f2:	0e 94 49 00 	call	0x92	; 0x92 <__fixunssfsi>
    17f6:	dc 01       	movw	r26, r24
    17f8:	cb 01       	movw	r24, r22
    17fa:	f8 01       	movw	r30, r16
    17fc:	80 83       	st	Z, r24
    17fe:	de 01       	movw	r26, r28
    1800:	a7 58       	subi	r26, 0x87	; 135
    1802:	bf 4f       	sbci	r27, 0xFF	; 255
    1804:	fe 01       	movw	r30, r28
    1806:	e8 57       	subi	r30, 0x78	; 120
    1808:	ff 4f       	sbci	r31, 0xFF	; 255
    180a:	80 81       	ld	r24, Z
    180c:	8c 93       	st	X, r24
    can be achieved.
*/
void
_delay_loop_1(uint8_t __count)
{
	__asm__ volatile (
    180e:	fe 01       	movw	r30, r28
    1810:	e7 58       	subi	r30, 0x87	; 135
    1812:	ff 4f       	sbci	r31, 0xFF	; 255
    1814:	80 81       	ld	r24, Z
    1816:	8a 95       	dec	r24
    1818:	f1 f7       	brne	.-4      	; 0x1816 <dht11_read+0x672>
    181a:	fe 01       	movw	r30, r28
    181c:	e7 58       	subi	r30, 0x87	; 135
    181e:	ff 4f       	sbci	r31, 0xFF	; 255
    1820:	80 83       	st	Z, r24
    _delay_us(40);

    // Wait for sensor response (low)
    timeout = 1000;
    1822:	fe 01       	movw	r30, r28
    1824:	e9 54       	subi	r30, 0x49	; 73
    1826:	ff 4f       	sbci	r31, 0xFF	; 255
    1828:	88 ee       	ldi	r24, 0xE8	; 232
    182a:	93 e0       	ldi	r25, 0x03	; 3
    182c:	91 83       	std	Z+1, r25	; 0x01
    182e:	80 83       	st	Z, r24
    1830:	29 c1       	rjmp	.+594    	; 0x1a84 <dht11_read+0x8e0>
    while(DHT11_PIN_REG & (1<<DHT11_PIN) && --timeout)
    1832:	fe 01       	movw	r30, r28
    1834:	eb 58       	subi	r30, 0x8B	; 139
    1836:	ff 4f       	sbci	r31, 0xFF	; 255
    1838:	80 e0       	ldi	r24, 0x00	; 0
    183a:	90 e0       	ldi	r25, 0x00	; 0
    183c:	a0 e8       	ldi	r26, 0x80	; 128
    183e:	bf e3       	ldi	r27, 0x3F	; 63
    1840:	80 83       	st	Z, r24
    1842:	91 83       	std	Z+1, r25	; 0x01
    1844:	a2 83       	std	Z+2, r26	; 0x02
    1846:	b3 83       	std	Z+3, r27	; 0x03
 */
void
_delay_us(double __us)
{
	uint8_t __ticks;
	double __tmp = ((F_CPU) / 3e6) * __us;
    1848:	8e 01       	movw	r16, r28
    184a:	0f 58       	subi	r16, 0x8F	; 143
    184c:	1f 4f       	sbci	r17, 0xFF	; 255
    184e:	fe 01       	movw	r30, r28
    1850:	eb 58       	subi	r30, 0x8B	; 139
    1852:	ff 4f       	sbci	r31, 0xFF	; 255
    1854:	60 81       	ld	r22, Z
    1856:	71 81       	ldd	r23, Z+1	; 0x01
    1858:	82 81       	ldd	r24, Z+2	; 0x02
    185a:	93 81       	ldd	r25, Z+3	; 0x03
    185c:	2b ea       	ldi	r18, 0xAB	; 171
    185e:	3a ea       	ldi	r19, 0xAA	; 170
    1860:	4a e2       	ldi	r20, 0x2A	; 42
    1862:	50 e4       	ldi	r21, 0x40	; 64
    1864:	0e 94 1f 02 	call	0x43e	; 0x43e <__mulsf3>
    1868:	dc 01       	movw	r26, r24
    186a:	cb 01       	movw	r24, r22
    186c:	f8 01       	movw	r30, r16
    186e:	80 83       	st	Z, r24
    1870:	91 83       	std	Z+1, r25	; 0x01
    1872:	a2 83       	std	Z+2, r26	; 0x02
    1874:	b3 83       	std	Z+3, r27	; 0x03
	if (__tmp < 1.0)
    1876:	fe 01       	movw	r30, r28
    1878:	ef 58       	subi	r30, 0x8F	; 143
    187a:	ff 4f       	sbci	r31, 0xFF	; 255
    187c:	60 81       	ld	r22, Z
    187e:	71 81       	ldd	r23, Z+1	; 0x01
    1880:	82 81       	ldd	r24, Z+2	; 0x02
    1882:	93 81       	ldd	r25, Z+3	; 0x03
    1884:	20 e0       	ldi	r18, 0x00	; 0
    1886:	30 e0       	ldi	r19, 0x00	; 0
    1888:	40 e8       	ldi	r20, 0x80	; 128
    188a:	5f e3       	ldi	r21, 0x3F	; 63
    188c:	0e 94 25 04 	call	0x84a	; 0x84a <__ltsf2>
    1890:	88 23       	and	r24, r24
    1892:	34 f4       	brge	.+12     	; 0x18a0 <dht11_read+0x6fc>
		__ticks = 1;
    1894:	fe 01       	movw	r30, r28
    1896:	e0 59       	subi	r30, 0x90	; 144
    1898:	ff 4f       	sbci	r31, 0xFF	; 255
    189a:	81 e0       	ldi	r24, 0x01	; 1
    189c:	80 83       	st	Z, r24
    189e:	e0 c0       	rjmp	.+448    	; 0x1a60 <dht11_read+0x8bc>
	else if (__tmp > 255)
    18a0:	fe 01       	movw	r30, r28
    18a2:	ef 58       	subi	r30, 0x8F	; 143
    18a4:	ff 4f       	sbci	r31, 0xFF	; 255
    18a6:	60 81       	ld	r22, Z
    18a8:	71 81       	ldd	r23, Z+1	; 0x01
    18aa:	82 81       	ldd	r24, Z+2	; 0x02
    18ac:	93 81       	ldd	r25, Z+3	; 0x03
    18ae:	20 e0       	ldi	r18, 0x00	; 0
    18b0:	30 e0       	ldi	r19, 0x00	; 0
    18b2:	4f e7       	ldi	r20, 0x7F	; 127
    18b4:	53 e4       	ldi	r21, 0x43	; 67
    18b6:	0e 94 c5 03 	call	0x78a	; 0x78a <__gtsf2>
    18ba:	18 16       	cp	r1, r24
    18bc:	0c f0       	brlt	.+2      	; 0x18c0 <dht11_read+0x71c>
    18be:	c0 c0       	rjmp	.+384    	; 0x1a40 <dht11_read+0x89c>
	{
		_delay_ms(__us / 1000.0);
    18c0:	fe 01       	movw	r30, r28
    18c2:	eb 58       	subi	r30, 0x8B	; 139
    18c4:	ff 4f       	sbci	r31, 0xFF	; 255
    18c6:	60 81       	ld	r22, Z
    18c8:	71 81       	ldd	r23, Z+1	; 0x01
    18ca:	82 81       	ldd	r24, Z+2	; 0x02
    18cc:	93 81       	ldd	r25, Z+3	; 0x03
    18ce:	20 e0       	ldi	r18, 0x00	; 0
    18d0:	30 e0       	ldi	r19, 0x00	; 0
    18d2:	4a e7       	ldi	r20, 0x7A	; 122
    18d4:	54 e4       	ldi	r21, 0x44	; 68
    18d6:	0e 94 19 03 	call	0x632	; 0x632 <__divsf3>
    18da:	dc 01       	movw	r26, r24
    18dc:	cb 01       	movw	r24, r22
    18de:	fe 01       	movw	r30, r28
    18e0:	e4 59       	subi	r30, 0x94	; 148
    18e2:	ff 4f       	sbci	r31, 0xFF	; 255
    18e4:	80 83       	st	Z, r24
    18e6:	91 83       	std	Z+1, r25	; 0x01
    18e8:	a2 83       	std	Z+2, r26	; 0x02
    18ea:	b3 83       	std	Z+3, r27	; 0x03
 */
void
_delay_ms(double __ms)
{
	uint16_t __ticks;
	double __tmp = ((F_CPU) / 4e3) * __ms;
    18ec:	8e 01       	movw	r16, r28
    18ee:	08 59       	subi	r16, 0x98	; 152
    18f0:	1f 4f       	sbci	r17, 0xFF	; 255
    18f2:	fe 01       	movw	r30, r28
    18f4:	e4 59       	subi	r30, 0x94	; 148
    18f6:	ff 4f       	sbci	r31, 0xFF	; 255
    18f8:	60 81       	ld	r22, Z
    18fa:	71 81       	ldd	r23, Z+1	; 0x01
    18fc:	82 81       	ldd	r24, Z+2	; 0x02
    18fe:	93 81       	ldd	r25, Z+3	; 0x03
    1900:	20 e0       	ldi	r18, 0x00	; 0
    1902:	30 e0       	ldi	r19, 0x00	; 0
    1904:	4a ef       	ldi	r20, 0xFA	; 250
    1906:	54 e4       	ldi	r21, 0x44	; 68
    1908:	0e 94 1f 02 	call	0x43e	; 0x43e <__mulsf3>
    190c:	dc 01       	movw	r26, r24
    190e:	cb 01       	movw	r24, r22
    1910:	f8 01       	movw	r30, r16
    1912:	80 83       	st	Z, r24
    1914:	91 83       	std	Z+1, r25	; 0x01
    1916:	a2 83       	std	Z+2, r26	; 0x02
    1918:	b3 83       	std	Z+3, r27	; 0x03
	if (__tmp < 1.0)
    191a:	fe 01       	movw	r30, r28
    191c:	e8 59       	subi	r30, 0x98	; 152
    191e:	ff 4f       	sbci	r31, 0xFF	; 255
    1920:	60 81       	ld	r22, Z
    1922:	71 81       	ldd	r23, Z+1	; 0x01
    1924:	82 81       	ldd	r24, Z+2	; 0x02
    1926:	93 81       	ldd	r25, Z+3	; 0x03
    1928:	20 e0       	ldi	r18, 0x00	; 0
    192a:	30 e0       	ldi	r19, 0x00	; 0
    192c:	40 e8       	ldi	r20, 0x80	; 128
    192e:	5f e3       	ldi	r21, 0x3F	; 63
    1930:	0e 94 25 04 	call	0x84a	; 0x84a <__ltsf2>
    1934:	88 23       	and	r24, r24
    1936:	44 f4       	brge	.+16     	; 0x1948 <dht11_read+0x7a4>
		__ticks = 1;
    1938:	fe 01       	movw	r30, r28
    193a:	ea 59       	subi	r30, 0x9A	; 154
    193c:	ff 4f       	sbci	r31, 0xFF	; 255
    193e:	81 e0       	ldi	r24, 0x01	; 1
    1940:	90 e0       	ldi	r25, 0x00	; 0
    1942:	91 83       	std	Z+1, r25	; 0x01
    1944:	80 83       	st	Z, r24
    1946:	64 c0       	rjmp	.+200    	; 0x1a10 <dht11_read+0x86c>
	else if (__tmp > 65535)
    1948:	fe 01       	movw	r30, r28
    194a:	e8 59       	subi	r30, 0x98	; 152
    194c:	ff 4f       	sbci	r31, 0xFF	; 255
    194e:	60 81       	ld	r22, Z
    1950:	71 81       	ldd	r23, Z+1	; 0x01
    1952:	82 81       	ldd	r24, Z+2	; 0x02
    1954:	93 81       	ldd	r25, Z+3	; 0x03
    1956:	20 e0       	ldi	r18, 0x00	; 0
    1958:	3f ef       	ldi	r19, 0xFF	; 255
    195a:	4f e7       	ldi	r20, 0x7F	; 127
    195c:	57 e4       	ldi	r21, 0x47	; 71
    195e:	0e 94 c5 03 	call	0x78a	; 0x78a <__gtsf2>
    1962:	18 16       	cp	r1, r24
    1964:	0c f0       	brlt	.+2      	; 0x1968 <dht11_read+0x7c4>
    1966:	43 c0       	rjmp	.+134    	; 0x19ee <dht11_read+0x84a>
	{
		//	__ticks = requested delay in 1/10 ms
		__ticks = (uint16_t) (__ms * 10.0);
    1968:	fe 01       	movw	r30, r28
    196a:	e4 59       	subi	r30, 0x94	; 148
    196c:	ff 4f       	sbci	r31, 0xFF	; 255
    196e:	60 81       	ld	r22, Z
    1970:	71 81       	ldd	r23, Z+1	; 0x01
    1972:	82 81       	ldd	r24, Z+2	; 0x02
    1974:	93 81       	ldd	r25, Z+3	; 0x03
    1976:	20 e0       	ldi	r18, 0x00	; 0
    1978:	30 e0       	ldi	r19, 0x00	; 0
    197a:	40 e2       	ldi	r20, 0x20	; 32
    197c:	51 e4       	ldi	r21, 0x41	; 65
    197e:	0e 94 1f 02 	call	0x43e	; 0x43e <__mulsf3>
    1982:	dc 01       	movw	r26, r24
    1984:	cb 01       	movw	r24, r22
    1986:	8e 01       	movw	r16, r28
    1988:	0a 59       	subi	r16, 0x9A	; 154
    198a:	1f 4f       	sbci	r17, 0xFF	; 255
    198c:	bc 01       	movw	r22, r24
    198e:	cd 01       	movw	r24, r26
    1990:	0e 94 49 00 	call	0x92	; 0x92 <__fixunssfsi>
    1994:	dc 01       	movw	r26, r24
    1996:	cb 01       	movw	r24, r22
    1998:	f8 01       	movw	r30, r16
    199a:	91 83       	std	Z+1, r25	; 0x01
    199c:	80 83       	st	Z, r24
    199e:	1f c0       	rjmp	.+62     	; 0x19de <dht11_read+0x83a>
    19a0:	fe 01       	movw	r30, r28
    19a2:	ec 59       	subi	r30, 0x9C	; 156
    19a4:	ff 4f       	sbci	r31, 0xFF	; 255
    19a6:	88 ec       	ldi	r24, 0xC8	; 200
    19a8:	90 e0       	ldi	r25, 0x00	; 0
    19aa:	91 83       	std	Z+1, r25	; 0x01
    19ac:	80 83       	st	Z, r24
    milliseconds can be achieved.
 */
void
_delay_loop_2(uint16_t __count)
{
	__asm__ volatile (
    19ae:	fe 01       	movw	r30, r28
    19b0:	ec 59       	subi	r30, 0x9C	; 156
    19b2:	ff 4f       	sbci	r31, 0xFF	; 255
    19b4:	80 81       	ld	r24, Z
    19b6:	91 81       	ldd	r25, Z+1	; 0x01
    19b8:	01 97       	sbiw	r24, 0x01	; 1
    19ba:	f1 f7       	brne	.-4      	; 0x19b8 <dht11_read+0x814>
    19bc:	fe 01       	movw	r30, r28
    19be:	ec 59       	subi	r30, 0x9C	; 156
    19c0:	ff 4f       	sbci	r31, 0xFF	; 255
    19c2:	91 83       	std	Z+1, r25	; 0x01
    19c4:	80 83       	st	Z, r24
		while(__ticks)
		{
			// wait 1/10 ms
			_delay_loop_2(((F_CPU) / 4e3) / 10);
			__ticks --;
    19c6:	de 01       	movw	r26, r28
    19c8:	aa 59       	subi	r26, 0x9A	; 154
    19ca:	bf 4f       	sbci	r27, 0xFF	; 255
    19cc:	fe 01       	movw	r30, r28
    19ce:	ea 59       	subi	r30, 0x9A	; 154
    19d0:	ff 4f       	sbci	r31, 0xFF	; 255
    19d2:	80 81       	ld	r24, Z
    19d4:	91 81       	ldd	r25, Z+1	; 0x01
    19d6:	01 97       	sbiw	r24, 0x01	; 1
    19d8:	11 96       	adiw	r26, 0x01	; 1
    19da:	9c 93       	st	X, r25
    19dc:	8e 93       	st	-X, r24
		__ticks = 1;
	else if (__tmp > 65535)
	{
		//	__ticks = requested delay in 1/10 ms
		__ticks = (uint16_t) (__ms * 10.0);
		while(__ticks)
    19de:	fe 01       	movw	r30, r28
    19e0:	ea 59       	subi	r30, 0x9A	; 154
    19e2:	ff 4f       	sbci	r31, 0xFF	; 255
    19e4:	80 81       	ld	r24, Z
    19e6:	91 81       	ldd	r25, Z+1	; 0x01
    19e8:	00 97       	sbiw	r24, 0x00	; 0
    19ea:	d1 f6       	brne	.-76     	; 0x19a0 <dht11_read+0x7fc>
    19ec:	4b c0       	rjmp	.+150    	; 0x1a84 <dht11_read+0x8e0>
			__ticks --;
		}
		return;
	}
	else
		__ticks = (uint16_t)__tmp;
    19ee:	8e 01       	movw	r16, r28
    19f0:	0a 59       	subi	r16, 0x9A	; 154
    19f2:	1f 4f       	sbci	r17, 0xFF	; 255
    19f4:	fe 01       	movw	r30, r28
    19f6:	e8 59       	subi	r30, 0x98	; 152
    19f8:	ff 4f       	sbci	r31, 0xFF	; 255
    19fa:	60 81       	ld	r22, Z
    19fc:	71 81       	ldd	r23, Z+1	; 0x01
    19fe:	82 81       	ldd	r24, Z+2	; 0x02
    1a00:	93 81       	ldd	r25, Z+3	; 0x03
    1a02:	0e 94 49 00 	call	0x92	; 0x92 <__fixunssfsi>
    1a06:	dc 01       	movw	r26, r24
    1a08:	cb 01       	movw	r24, r22
    1a0a:	f8 01       	movw	r30, r16
    1a0c:	91 83       	std	Z+1, r25	; 0x01
    1a0e:	80 83       	st	Z, r24
    1a10:	de 01       	movw	r26, r28
    1a12:	ae 59       	subi	r26, 0x9E	; 158
    1a14:	bf 4f       	sbci	r27, 0xFF	; 255
    1a16:	fe 01       	movw	r30, r28
    1a18:	ea 59       	subi	r30, 0x9A	; 154
    1a1a:	ff 4f       	sbci	r31, 0xFF	; 255
    1a1c:	80 81       	ld	r24, Z
    1a1e:	91 81       	ldd	r25, Z+1	; 0x01
    1a20:	11 96       	adiw	r26, 0x01	; 1
    1a22:	9c 93       	st	X, r25
    1a24:	8e 93       	st	-X, r24
    1a26:	fe 01       	movw	r30, r28
    1a28:	ee 59       	subi	r30, 0x9E	; 158
    1a2a:	ff 4f       	sbci	r31, 0xFF	; 255
    1a2c:	80 81       	ld	r24, Z
    1a2e:	91 81       	ldd	r25, Z+1	; 0x01
    1a30:	01 97       	sbiw	r24, 0x01	; 1
    1a32:	f1 f7       	brne	.-4      	; 0x1a30 <dht11_read+0x88c>
    1a34:	fe 01       	movw	r30, r28
    1a36:	ee 59       	subi	r30, 0x9E	; 158
    1a38:	ff 4f       	sbci	r31, 0xFF	; 255
    1a3a:	91 83       	std	Z+1, r25	; 0x01
    1a3c:	80 83       	st	Z, r24
    1a3e:	22 c0       	rjmp	.+68     	; 0x1a84 <dht11_read+0x8e0>
	{
		_delay_ms(__us / 1000.0);
		return;
	}
	else
		__ticks = (uint8_t)__tmp;
    1a40:	8e 01       	movw	r16, r28
    1a42:	00 59       	subi	r16, 0x90	; 144
    1a44:	1f 4f       	sbci	r17, 0xFF	; 255
    1a46:	fe 01       	movw	r30, r28
    1a48:	ef 58       	subi	r30, 0x8F	; 143
    1a4a:	ff 4f       	sbci	r31, 0xFF	; 255
    1a4c:	60 81       	ld	r22, Z
    1a4e:	71 81       	ldd	r23, Z+1	; 0x01
    1a50:	82 81       	ldd	r24, Z+2	; 0x02
    1a52:	93 81       	ldd	r25, Z+3	; 0x03
    1a54:	0e 94 49 00 	call	0x92	; 0x92 <__fixunssfsi>
    1a58:	dc 01       	movw	r26, r24
    1a5a:	cb 01       	movw	r24, r22
    1a5c:	f8 01       	movw	r30, r16
    1a5e:	80 83       	st	Z, r24
    1a60:	de 01       	movw	r26, r28
    1a62:	af 59       	subi	r26, 0x9F	; 159
    1a64:	bf 4f       	sbci	r27, 0xFF	; 255
    1a66:	fe 01       	movw	r30, r28
    1a68:	e0 59       	subi	r30, 0x90	; 144
    1a6a:	ff 4f       	sbci	r31, 0xFF	; 255
    1a6c:	80 81       	ld	r24, Z
    1a6e:	8c 93       	st	X, r24
    can be achieved.
*/
void
_delay_loop_1(uint8_t __count)
{
	__asm__ volatile (
    1a70:	fe 01       	movw	r30, r28
    1a72:	ef 59       	subi	r30, 0x9F	; 159
    1a74:	ff 4f       	sbci	r31, 0xFF	; 255
    1a76:	80 81       	ld	r24, Z
    1a78:	8a 95       	dec	r24
    1a7a:	f1 f7       	brne	.-4      	; 0x1a78 <dht11_read+0x8d4>
    1a7c:	fe 01       	movw	r30, r28
    1a7e:	ef 59       	subi	r30, 0x9F	; 159
    1a80:	ff 4f       	sbci	r31, 0xFF	; 255
    1a82:	80 83       	st	Z, r24
    1a84:	e0 e3       	ldi	r30, 0x30	; 48
    1a86:	f0 e0       	ldi	r31, 0x00	; 0
    1a88:	80 81       	ld	r24, Z
    1a8a:	88 2f       	mov	r24, r24
    1a8c:	90 e0       	ldi	r25, 0x00	; 0
    1a8e:	84 70       	andi	r24, 0x04	; 4
    1a90:	90 70       	andi	r25, 0x00	; 0
    1a92:	00 97       	sbiw	r24, 0x00	; 0
    1a94:	a1 f0       	breq	.+40     	; 0x1abe <dht11_read+0x91a>
    1a96:	de 01       	movw	r26, r28
    1a98:	a9 54       	subi	r26, 0x49	; 73
    1a9a:	bf 4f       	sbci	r27, 0xFF	; 255
    1a9c:	fe 01       	movw	r30, r28
    1a9e:	e9 54       	subi	r30, 0x49	; 73
    1aa0:	ff 4f       	sbci	r31, 0xFF	; 255
    1aa2:	80 81       	ld	r24, Z
    1aa4:	91 81       	ldd	r25, Z+1	; 0x01
    1aa6:	01 97       	sbiw	r24, 0x01	; 1
    1aa8:	11 96       	adiw	r26, 0x01	; 1
    1aaa:	9c 93       	st	X, r25
    1aac:	8e 93       	st	-X, r24
    1aae:	fe 01       	movw	r30, r28
    1ab0:	e9 54       	subi	r30, 0x49	; 73
    1ab2:	ff 4f       	sbci	r31, 0xFF	; 255
    1ab4:	80 81       	ld	r24, Z
    1ab6:	91 81       	ldd	r25, Z+1	; 0x01
    1ab8:	00 97       	sbiw	r24, 0x00	; 0
    1aba:	09 f0       	breq	.+2      	; 0x1abe <dht11_read+0x91a>
    1abc:	ba ce       	rjmp	.-652    	; 0x1832 <dht11_read+0x68e>
        _delay_us(1);
    if(timeout == 0) return 0;
    1abe:	fe 01       	movw	r30, r28
    1ac0:	e9 54       	subi	r30, 0x49	; 73
    1ac2:	ff 4f       	sbci	r31, 0xFF	; 255
    1ac4:	80 81       	ld	r24, Z
    1ac6:	91 81       	ldd	r25, Z+1	; 0x01
    1ac8:	00 97       	sbiw	r24, 0x00	; 0
    1aca:	31 f4       	brne	.+12     	; 0x1ad8 <dht11_read+0x934>
    1acc:	c0 54       	subi	r28, 0x40	; 64
    1ace:	df 4f       	sbci	r29, 0xFF	; 255
    1ad0:	18 82       	st	Y, r1
    1ad2:	c0 5c       	subi	r28, 0xC0	; 192
    1ad4:	d0 40       	sbci	r29, 0x00	; 0
    1ad6:	c4 c4       	rjmp	.+2440   	; 0x2460 <dht11_read+0x12bc>

    // Wait for sensor response (high)
    timeout = 1000;
    1ad8:	fe 01       	movw	r30, r28
    1ada:	e9 54       	subi	r30, 0x49	; 73
    1adc:	ff 4f       	sbci	r31, 0xFF	; 255
    1ade:	88 ee       	ldi	r24, 0xE8	; 232
    1ae0:	93 e0       	ldi	r25, 0x03	; 3
    1ae2:	91 83       	std	Z+1, r25	; 0x01
    1ae4:	80 83       	st	Z, r24
    1ae6:	29 c1       	rjmp	.+594    	; 0x1d3a <dht11_read+0xb96>
    while(!(DHT11_PIN_REG & (1<<DHT11_PIN)) && --timeout)
    1ae8:	fe 01       	movw	r30, r28
    1aea:	e3 5a       	subi	r30, 0xA3	; 163
    1aec:	ff 4f       	sbci	r31, 0xFF	; 255
    1aee:	80 e0       	ldi	r24, 0x00	; 0
    1af0:	90 e0       	ldi	r25, 0x00	; 0
    1af2:	a0 e8       	ldi	r26, 0x80	; 128
    1af4:	bf e3       	ldi	r27, 0x3F	; 63
    1af6:	80 83       	st	Z, r24
    1af8:	91 83       	std	Z+1, r25	; 0x01
    1afa:	a2 83       	std	Z+2, r26	; 0x02
    1afc:	b3 83       	std	Z+3, r27	; 0x03
 */
void
_delay_us(double __us)
{
	uint8_t __ticks;
	double __tmp = ((F_CPU) / 3e6) * __us;
    1afe:	8e 01       	movw	r16, r28
    1b00:	07 5a       	subi	r16, 0xA7	; 167
    1b02:	1f 4f       	sbci	r17, 0xFF	; 255
    1b04:	fe 01       	movw	r30, r28
    1b06:	e3 5a       	subi	r30, 0xA3	; 163
    1b08:	ff 4f       	sbci	r31, 0xFF	; 255
    1b0a:	60 81       	ld	r22, Z
    1b0c:	71 81       	ldd	r23, Z+1	; 0x01
    1b0e:	82 81       	ldd	r24, Z+2	; 0x02
    1b10:	93 81       	ldd	r25, Z+3	; 0x03
    1b12:	2b ea       	ldi	r18, 0xAB	; 171
    1b14:	3a ea       	ldi	r19, 0xAA	; 170
    1b16:	4a e2       	ldi	r20, 0x2A	; 42
    1b18:	50 e4       	ldi	r21, 0x40	; 64
    1b1a:	0e 94 1f 02 	call	0x43e	; 0x43e <__mulsf3>
    1b1e:	dc 01       	movw	r26, r24
    1b20:	cb 01       	movw	r24, r22
    1b22:	f8 01       	movw	r30, r16
    1b24:	80 83       	st	Z, r24
    1b26:	91 83       	std	Z+1, r25	; 0x01
    1b28:	a2 83       	std	Z+2, r26	; 0x02
    1b2a:	b3 83       	std	Z+3, r27	; 0x03
	if (__tmp < 1.0)
    1b2c:	fe 01       	movw	r30, r28
    1b2e:	e7 5a       	subi	r30, 0xA7	; 167
    1b30:	ff 4f       	sbci	r31, 0xFF	; 255
    1b32:	60 81       	ld	r22, Z
    1b34:	71 81       	ldd	r23, Z+1	; 0x01
    1b36:	82 81       	ldd	r24, Z+2	; 0x02
    1b38:	93 81       	ldd	r25, Z+3	; 0x03
    1b3a:	20 e0       	ldi	r18, 0x00	; 0
    1b3c:	30 e0       	ldi	r19, 0x00	; 0
    1b3e:	40 e8       	ldi	r20, 0x80	; 128
    1b40:	5f e3       	ldi	r21, 0x3F	; 63
    1b42:	0e 94 25 04 	call	0x84a	; 0x84a <__ltsf2>
    1b46:	88 23       	and	r24, r24
    1b48:	34 f4       	brge	.+12     	; 0x1b56 <dht11_read+0x9b2>
		__ticks = 1;
    1b4a:	fe 01       	movw	r30, r28
    1b4c:	e8 5a       	subi	r30, 0xA8	; 168
    1b4e:	ff 4f       	sbci	r31, 0xFF	; 255
    1b50:	81 e0       	ldi	r24, 0x01	; 1
    1b52:	80 83       	st	Z, r24
    1b54:	e0 c0       	rjmp	.+448    	; 0x1d16 <dht11_read+0xb72>
	else if (__tmp > 255)
    1b56:	fe 01       	movw	r30, r28
    1b58:	e7 5a       	subi	r30, 0xA7	; 167
    1b5a:	ff 4f       	sbci	r31, 0xFF	; 255
    1b5c:	60 81       	ld	r22, Z
    1b5e:	71 81       	ldd	r23, Z+1	; 0x01
    1b60:	82 81       	ldd	r24, Z+2	; 0x02
    1b62:	93 81       	ldd	r25, Z+3	; 0x03
    1b64:	20 e0       	ldi	r18, 0x00	; 0
    1b66:	30 e0       	ldi	r19, 0x00	; 0
    1b68:	4f e7       	ldi	r20, 0x7F	; 127
    1b6a:	53 e4       	ldi	r21, 0x43	; 67
    1b6c:	0e 94 c5 03 	call	0x78a	; 0x78a <__gtsf2>
    1b70:	18 16       	cp	r1, r24
    1b72:	0c f0       	brlt	.+2      	; 0x1b76 <dht11_read+0x9d2>
    1b74:	c0 c0       	rjmp	.+384    	; 0x1cf6 <dht11_read+0xb52>
	{
		_delay_ms(__us / 1000.0);
    1b76:	fe 01       	movw	r30, r28
    1b78:	e3 5a       	subi	r30, 0xA3	; 163
    1b7a:	ff 4f       	sbci	r31, 0xFF	; 255
    1b7c:	60 81       	ld	r22, Z
    1b7e:	71 81       	ldd	r23, Z+1	; 0x01
    1b80:	82 81       	ldd	r24, Z+2	; 0x02
    1b82:	93 81       	ldd	r25, Z+3	; 0x03
    1b84:	20 e0       	ldi	r18, 0x00	; 0
    1b86:	30 e0       	ldi	r19, 0x00	; 0
    1b88:	4a e7       	ldi	r20, 0x7A	; 122
    1b8a:	54 e4       	ldi	r21, 0x44	; 68
    1b8c:	0e 94 19 03 	call	0x632	; 0x632 <__divsf3>
    1b90:	dc 01       	movw	r26, r24
    1b92:	cb 01       	movw	r24, r22
    1b94:	fe 01       	movw	r30, r28
    1b96:	ec 5a       	subi	r30, 0xAC	; 172
    1b98:	ff 4f       	sbci	r31, 0xFF	; 255
    1b9a:	80 83       	st	Z, r24
    1b9c:	91 83       	std	Z+1, r25	; 0x01
    1b9e:	a2 83       	std	Z+2, r26	; 0x02
    1ba0:	b3 83       	std	Z+3, r27	; 0x03
 */
void
_delay_ms(double __ms)
{
	uint16_t __ticks;
	double __tmp = ((F_CPU) / 4e3) * __ms;
    1ba2:	8e 01       	movw	r16, r28
    1ba4:	00 5b       	subi	r16, 0xB0	; 176
    1ba6:	1f 4f       	sbci	r17, 0xFF	; 255
    1ba8:	fe 01       	movw	r30, r28
    1baa:	ec 5a       	subi	r30, 0xAC	; 172
    1bac:	ff 4f       	sbci	r31, 0xFF	; 255
    1bae:	60 81       	ld	r22, Z
    1bb0:	71 81       	ldd	r23, Z+1	; 0x01
    1bb2:	82 81       	ldd	r24, Z+2	; 0x02
    1bb4:	93 81       	ldd	r25, Z+3	; 0x03
    1bb6:	20 e0       	ldi	r18, 0x00	; 0
    1bb8:	30 e0       	ldi	r19, 0x00	; 0
    1bba:	4a ef       	ldi	r20, 0xFA	; 250
    1bbc:	54 e4       	ldi	r21, 0x44	; 68
    1bbe:	0e 94 1f 02 	call	0x43e	; 0x43e <__mulsf3>
    1bc2:	dc 01       	movw	r26, r24
    1bc4:	cb 01       	movw	r24, r22
    1bc6:	f8 01       	movw	r30, r16
    1bc8:	80 83       	st	Z, r24
    1bca:	91 83       	std	Z+1, r25	; 0x01
    1bcc:	a2 83       	std	Z+2, r26	; 0x02
    1bce:	b3 83       	std	Z+3, r27	; 0x03
	if (__tmp < 1.0)
    1bd0:	fe 01       	movw	r30, r28
    1bd2:	e0 5b       	subi	r30, 0xB0	; 176
    1bd4:	ff 4f       	sbci	r31, 0xFF	; 255
    1bd6:	60 81       	ld	r22, Z
    1bd8:	71 81       	ldd	r23, Z+1	; 0x01
    1bda:	82 81       	ldd	r24, Z+2	; 0x02
    1bdc:	93 81       	ldd	r25, Z+3	; 0x03
    1bde:	20 e0       	ldi	r18, 0x00	; 0
    1be0:	30 e0       	ldi	r19, 0x00	; 0
    1be2:	40 e8       	ldi	r20, 0x80	; 128
    1be4:	5f e3       	ldi	r21, 0x3F	; 63
    1be6:	0e 94 25 04 	call	0x84a	; 0x84a <__ltsf2>
    1bea:	88 23       	and	r24, r24
    1bec:	44 f4       	brge	.+16     	; 0x1bfe <dht11_read+0xa5a>
		__ticks = 1;
    1bee:	fe 01       	movw	r30, r28
    1bf0:	e2 5b       	subi	r30, 0xB2	; 178
    1bf2:	ff 4f       	sbci	r31, 0xFF	; 255
    1bf4:	81 e0       	ldi	r24, 0x01	; 1
    1bf6:	90 e0       	ldi	r25, 0x00	; 0
    1bf8:	91 83       	std	Z+1, r25	; 0x01
    1bfa:	80 83       	st	Z, r24
    1bfc:	64 c0       	rjmp	.+200    	; 0x1cc6 <dht11_read+0xb22>
	else if (__tmp > 65535)
    1bfe:	fe 01       	movw	r30, r28
    1c00:	e0 5b       	subi	r30, 0xB0	; 176
    1c02:	ff 4f       	sbci	r31, 0xFF	; 255
    1c04:	60 81       	ld	r22, Z
    1c06:	71 81       	ldd	r23, Z+1	; 0x01
    1c08:	82 81       	ldd	r24, Z+2	; 0x02
    1c0a:	93 81       	ldd	r25, Z+3	; 0x03
    1c0c:	20 e0       	ldi	r18, 0x00	; 0
    1c0e:	3f ef       	ldi	r19, 0xFF	; 255
    1c10:	4f e7       	ldi	r20, 0x7F	; 127
    1c12:	57 e4       	ldi	r21, 0x47	; 71
    1c14:	0e 94 c5 03 	call	0x78a	; 0x78a <__gtsf2>
    1c18:	18 16       	cp	r1, r24
    1c1a:	0c f0       	brlt	.+2      	; 0x1c1e <dht11_read+0xa7a>
    1c1c:	43 c0       	rjmp	.+134    	; 0x1ca4 <dht11_read+0xb00>
	{
		//	__ticks = requested delay in 1/10 ms
		__ticks = (uint16_t) (__ms * 10.0);
    1c1e:	fe 01       	movw	r30, r28
    1c20:	ec 5a       	subi	r30, 0xAC	; 172
    1c22:	ff 4f       	sbci	r31, 0xFF	; 255
    1c24:	60 81       	ld	r22, Z
    1c26:	71 81       	ldd	r23, Z+1	; 0x01
    1c28:	82 81       	ldd	r24, Z+2	; 0x02
    1c2a:	93 81       	ldd	r25, Z+3	; 0x03
    1c2c:	20 e0       	ldi	r18, 0x00	; 0
    1c2e:	30 e0       	ldi	r19, 0x00	; 0
    1c30:	40 e2       	ldi	r20, 0x20	; 32
    1c32:	51 e4       	ldi	r21, 0x41	; 65
    1c34:	0e 94 1f 02 	call	0x43e	; 0x43e <__mulsf3>
    1c38:	dc 01       	movw	r26, r24
    1c3a:	cb 01       	movw	r24, r22
    1c3c:	8e 01       	movw	r16, r28
    1c3e:	02 5b       	subi	r16, 0xB2	; 178
    1c40:	1f 4f       	sbci	r17, 0xFF	; 255
    1c42:	bc 01       	movw	r22, r24
    1c44:	cd 01       	movw	r24, r26
    1c46:	0e 94 49 00 	call	0x92	; 0x92 <__fixunssfsi>
    1c4a:	dc 01       	movw	r26, r24
    1c4c:	cb 01       	movw	r24, r22
    1c4e:	f8 01       	movw	r30, r16
    1c50:	91 83       	std	Z+1, r25	; 0x01
    1c52:	80 83       	st	Z, r24
    1c54:	1f c0       	rjmp	.+62     	; 0x1c94 <dht11_read+0xaf0>
    1c56:	fe 01       	movw	r30, r28
    1c58:	e4 5b       	subi	r30, 0xB4	; 180
    1c5a:	ff 4f       	sbci	r31, 0xFF	; 255
    1c5c:	88 ec       	ldi	r24, 0xC8	; 200
    1c5e:	90 e0       	ldi	r25, 0x00	; 0
    1c60:	91 83       	std	Z+1, r25	; 0x01
    1c62:	80 83       	st	Z, r24
    milliseconds can be achieved.
 */
void
_delay_loop_2(uint16_t __count)
{
	__asm__ volatile (
    1c64:	fe 01       	movw	r30, r28
    1c66:	e4 5b       	subi	r30, 0xB4	; 180
    1c68:	ff 4f       	sbci	r31, 0xFF	; 255
    1c6a:	80 81       	ld	r24, Z
    1c6c:	91 81       	ldd	r25, Z+1	; 0x01
    1c6e:	01 97       	sbiw	r24, 0x01	; 1
    1c70:	f1 f7       	brne	.-4      	; 0x1c6e <dht11_read+0xaca>
    1c72:	fe 01       	movw	r30, r28
    1c74:	e4 5b       	subi	r30, 0xB4	; 180
    1c76:	ff 4f       	sbci	r31, 0xFF	; 255
    1c78:	91 83       	std	Z+1, r25	; 0x01
    1c7a:	80 83       	st	Z, r24
		while(__ticks)
		{
			// wait 1/10 ms
			_delay_loop_2(((F_CPU) / 4e3) / 10);
			__ticks --;
    1c7c:	de 01       	movw	r26, r28
    1c7e:	a2 5b       	subi	r26, 0xB2	; 178
    1c80:	bf 4f       	sbci	r27, 0xFF	; 255
    1c82:	fe 01       	movw	r30, r28
    1c84:	e2 5b       	subi	r30, 0xB2	; 178
    1c86:	ff 4f       	sbci	r31, 0xFF	; 255
    1c88:	80 81       	ld	r24, Z
    1c8a:	91 81       	ldd	r25, Z+1	; 0x01
    1c8c:	01 97       	sbiw	r24, 0x01	; 1
    1c8e:	11 96       	adiw	r26, 0x01	; 1
    1c90:	9c 93       	st	X, r25
    1c92:	8e 93       	st	-X, r24
		__ticks = 1;
	else if (__tmp > 65535)
	{
		//	__ticks = requested delay in 1/10 ms
		__ticks = (uint16_t) (__ms * 10.0);
		while(__ticks)
    1c94:	fe 01       	movw	r30, r28
    1c96:	e2 5b       	subi	r30, 0xB2	; 178
    1c98:	ff 4f       	sbci	r31, 0xFF	; 255
    1c9a:	80 81       	ld	r24, Z
    1c9c:	91 81       	ldd	r25, Z+1	; 0x01
    1c9e:	00 97       	sbiw	r24, 0x00	; 0
    1ca0:	d1 f6       	brne	.-76     	; 0x1c56 <dht11_read+0xab2>
    1ca2:	4b c0       	rjmp	.+150    	; 0x1d3a <dht11_read+0xb96>
			__ticks --;
		}
		return;
	}
	else
		__ticks = (uint16_t)__tmp;
    1ca4:	8e 01       	movw	r16, r28
    1ca6:	02 5b       	subi	r16, 0xB2	; 178
    1ca8:	1f 4f       	sbci	r17, 0xFF	; 255
    1caa:	fe 01       	movw	r30, r28
    1cac:	e0 5b       	subi	r30, 0xB0	; 176
    1cae:	ff 4f       	sbci	r31, 0xFF	; 255
    1cb0:	60 81       	ld	r22, Z
    1cb2:	71 81       	ldd	r23, Z+1	; 0x01
    1cb4:	82 81       	ldd	r24, Z+2	; 0x02
    1cb6:	93 81       	ldd	r25, Z+3	; 0x03
    1cb8:	0e 94 49 00 	call	0x92	; 0x92 <__fixunssfsi>
    1cbc:	dc 01       	movw	r26, r24
    1cbe:	cb 01       	movw	r24, r22
    1cc0:	f8 01       	movw	r30, r16
    1cc2:	91 83       	std	Z+1, r25	; 0x01
    1cc4:	80 83       	st	Z, r24
    1cc6:	de 01       	movw	r26, r28
    1cc8:	a6 5b       	subi	r26, 0xB6	; 182
    1cca:	bf 4f       	sbci	r27, 0xFF	; 255
    1ccc:	fe 01       	movw	r30, r28
    1cce:	e2 5b       	subi	r30, 0xB2	; 178
    1cd0:	ff 4f       	sbci	r31, 0xFF	; 255
    1cd2:	80 81       	ld	r24, Z
    1cd4:	91 81       	ldd	r25, Z+1	; 0x01
    1cd6:	11 96       	adiw	r26, 0x01	; 1
    1cd8:	9c 93       	st	X, r25
    1cda:	8e 93       	st	-X, r24
    1cdc:	fe 01       	movw	r30, r28
    1cde:	e6 5b       	subi	r30, 0xB6	; 182
    1ce0:	ff 4f       	sbci	r31, 0xFF	; 255
    1ce2:	80 81       	ld	r24, Z
    1ce4:	91 81       	ldd	r25, Z+1	; 0x01
    1ce6:	01 97       	sbiw	r24, 0x01	; 1
    1ce8:	f1 f7       	brne	.-4      	; 0x1ce6 <dht11_read+0xb42>
    1cea:	fe 01       	movw	r30, r28
    1cec:	e6 5b       	subi	r30, 0xB6	; 182
    1cee:	ff 4f       	sbci	r31, 0xFF	; 255
    1cf0:	91 83       	std	Z+1, r25	; 0x01
    1cf2:	80 83       	st	Z, r24
    1cf4:	22 c0       	rjmp	.+68     	; 0x1d3a <dht11_read+0xb96>
	{
		_delay_ms(__us / 1000.0);
		return;
	}
	else
		__ticks = (uint8_t)__tmp;
    1cf6:	8e 01       	movw	r16, r28
    1cf8:	08 5a       	subi	r16, 0xA8	; 168
    1cfa:	1f 4f       	sbci	r17, 0xFF	; 255
    1cfc:	fe 01       	movw	r30, r28
    1cfe:	e7 5a       	subi	r30, 0xA7	; 167
    1d00:	ff 4f       	sbci	r31, 0xFF	; 255
    1d02:	60 81       	ld	r22, Z
    1d04:	71 81       	ldd	r23, Z+1	; 0x01
    1d06:	82 81       	ldd	r24, Z+2	; 0x02
    1d08:	93 81       	ldd	r25, Z+3	; 0x03
    1d0a:	0e 94 49 00 	call	0x92	; 0x92 <__fixunssfsi>
    1d0e:	dc 01       	movw	r26, r24
    1d10:	cb 01       	movw	r24, r22
    1d12:	f8 01       	movw	r30, r16
    1d14:	80 83       	st	Z, r24
    1d16:	de 01       	movw	r26, r28
    1d18:	a7 5b       	subi	r26, 0xB7	; 183
    1d1a:	bf 4f       	sbci	r27, 0xFF	; 255
    1d1c:	fe 01       	movw	r30, r28
    1d1e:	e8 5a       	subi	r30, 0xA8	; 168
    1d20:	ff 4f       	sbci	r31, 0xFF	; 255
    1d22:	80 81       	ld	r24, Z
    1d24:	8c 93       	st	X, r24
    can be achieved.
*/
void
_delay_loop_1(uint8_t __count)
{
	__asm__ volatile (
    1d26:	fe 01       	movw	r30, r28
    1d28:	e7 5b       	subi	r30, 0xB7	; 183
    1d2a:	ff 4f       	sbci	r31, 0xFF	; 255
    1d2c:	80 81       	ld	r24, Z
    1d2e:	8a 95       	dec	r24
    1d30:	f1 f7       	brne	.-4      	; 0x1d2e <dht11_read+0xb8a>
    1d32:	fe 01       	movw	r30, r28
    1d34:	e7 5b       	subi	r30, 0xB7	; 183
    1d36:	ff 4f       	sbci	r31, 0xFF	; 255
    1d38:	80 83       	st	Z, r24
    1d3a:	e0 e3       	ldi	r30, 0x30	; 48
    1d3c:	f0 e0       	ldi	r31, 0x00	; 0
    1d3e:	80 81       	ld	r24, Z
    1d40:	88 2f       	mov	r24, r24
    1d42:	90 e0       	ldi	r25, 0x00	; 0
    1d44:	84 70       	andi	r24, 0x04	; 4
    1d46:	90 70       	andi	r25, 0x00	; 0
    1d48:	00 97       	sbiw	r24, 0x00	; 0
    1d4a:	a1 f4       	brne	.+40     	; 0x1d74 <dht11_read+0xbd0>
    1d4c:	de 01       	movw	r26, r28
    1d4e:	a9 54       	subi	r26, 0x49	; 73
    1d50:	bf 4f       	sbci	r27, 0xFF	; 255
    1d52:	fe 01       	movw	r30, r28
    1d54:	e9 54       	subi	r30, 0x49	; 73
    1d56:	ff 4f       	sbci	r31, 0xFF	; 255
    1d58:	80 81       	ld	r24, Z
    1d5a:	91 81       	ldd	r25, Z+1	; 0x01
    1d5c:	01 97       	sbiw	r24, 0x01	; 1
    1d5e:	11 96       	adiw	r26, 0x01	; 1
    1d60:	9c 93       	st	X, r25
    1d62:	8e 93       	st	-X, r24
    1d64:	fe 01       	movw	r30, r28
    1d66:	e9 54       	subi	r30, 0x49	; 73
    1d68:	ff 4f       	sbci	r31, 0xFF	; 255
    1d6a:	80 81       	ld	r24, Z
    1d6c:	91 81       	ldd	r25, Z+1	; 0x01
    1d6e:	00 97       	sbiw	r24, 0x00	; 0
    1d70:	09 f0       	breq	.+2      	; 0x1d74 <dht11_read+0xbd0>
    1d72:	ba ce       	rjmp	.-652    	; 0x1ae8 <dht11_read+0x944>
        _delay_us(1);
    if(timeout == 0) return 0;
    1d74:	fe 01       	movw	r30, r28
    1d76:	e9 54       	subi	r30, 0x49	; 73
    1d78:	ff 4f       	sbci	r31, 0xFF	; 255
    1d7a:	80 81       	ld	r24, Z
    1d7c:	91 81       	ldd	r25, Z+1	; 0x01
    1d7e:	00 97       	sbiw	r24, 0x00	; 0
    1d80:	31 f4       	brne	.+12     	; 0x1d8e <dht11_read+0xbea>
    1d82:	c0 54       	subi	r28, 0x40	; 64
    1d84:	df 4f       	sbci	r29, 0xFF	; 255
    1d86:	18 82       	st	Y, r1
    1d88:	c0 5c       	subi	r28, 0xC0	; 192
    1d8a:	d0 40       	sbci	r29, 0x00	; 0
    1d8c:	69 c3       	rjmp	.+1746   	; 0x2460 <dht11_read+0x12bc>

    // Read 40 bits of data
    for(j=0; j<5; j++) {
    1d8e:	fe 01       	movw	r30, r28
    1d90:	e7 54       	subi	r30, 0x47	; 71
    1d92:	ff 4f       	sbci	r31, 0xFF	; 255
    1d94:	10 82       	st	Z, r1
    1d96:	15 c3       	rjmp	.+1578   	; 0x23c2 <dht11_read+0x121e>
        for(i=0; i<8; i++) {
    1d98:	fe 01       	movw	r30, r28
    1d9a:	e6 54       	subi	r30, 0x46	; 70
    1d9c:	ff 4f       	sbci	r31, 0xFF	; 255
    1d9e:	10 82       	st	Z, r1
    1da0:	00 c3       	rjmp	.+1536   	; 0x23a2 <dht11_read+0x11fe>
            // Wait for start of bit (low)
            timeout = 1000;
    1da2:	fe 01       	movw	r30, r28
    1da4:	e9 54       	subi	r30, 0x49	; 73
    1da6:	ff 4f       	sbci	r31, 0xFF	; 255
    1da8:	88 ee       	ldi	r24, 0xE8	; 232
    1daa:	93 e0       	ldi	r25, 0x03	; 3
    1dac:	91 83       	std	Z+1, r25	; 0x01
    1dae:	80 83       	st	Z, r24
    1db0:	dd c0       	rjmp	.+442    	; 0x1f6c <dht11_read+0xdc8>
            while(!(DHT11_PIN_REG & (1<<DHT11_PIN)) && --timeout)
    1db2:	fe 01       	movw	r30, r28
    1db4:	eb 5b       	subi	r30, 0xBB	; 187
    1db6:	ff 4f       	sbci	r31, 0xFF	; 255
    1db8:	80 e0       	ldi	r24, 0x00	; 0
    1dba:	90 e0       	ldi	r25, 0x00	; 0
    1dbc:	a0 e8       	ldi	r26, 0x80	; 128
    1dbe:	bf e3       	ldi	r27, 0x3F	; 63
    1dc0:	80 83       	st	Z, r24
    1dc2:	91 83       	std	Z+1, r25	; 0x01
    1dc4:	a2 83       	std	Z+2, r26	; 0x02
    1dc6:	b3 83       	std	Z+3, r27	; 0x03
 */
void
_delay_us(double __us)
{
	uint8_t __ticks;
	double __tmp = ((F_CPU) / 3e6) * __us;
    1dc8:	8e 01       	movw	r16, r28
    1dca:	0f 5b       	subi	r16, 0xBF	; 191
    1dcc:	1f 4f       	sbci	r17, 0xFF	; 255
    1dce:	fe 01       	movw	r30, r28
    1dd0:	eb 5b       	subi	r30, 0xBB	; 187
    1dd2:	ff 4f       	sbci	r31, 0xFF	; 255
    1dd4:	60 81       	ld	r22, Z
    1dd6:	71 81       	ldd	r23, Z+1	; 0x01
    1dd8:	82 81       	ldd	r24, Z+2	; 0x02
    1dda:	93 81       	ldd	r25, Z+3	; 0x03
    1ddc:	2b ea       	ldi	r18, 0xAB	; 171
    1dde:	3a ea       	ldi	r19, 0xAA	; 170
    1de0:	4a e2       	ldi	r20, 0x2A	; 42
    1de2:	50 e4       	ldi	r21, 0x40	; 64
    1de4:	0e 94 1f 02 	call	0x43e	; 0x43e <__mulsf3>
    1de8:	dc 01       	movw	r26, r24
    1dea:	cb 01       	movw	r24, r22
    1dec:	f8 01       	movw	r30, r16
    1dee:	80 83       	st	Z, r24
    1df0:	91 83       	std	Z+1, r25	; 0x01
    1df2:	a2 83       	std	Z+2, r26	; 0x02
    1df4:	b3 83       	std	Z+3, r27	; 0x03
	if (__tmp < 1.0)
    1df6:	fe 01       	movw	r30, r28
    1df8:	ef 5b       	subi	r30, 0xBF	; 191
    1dfa:	ff 4f       	sbci	r31, 0xFF	; 255
    1dfc:	60 81       	ld	r22, Z
    1dfe:	71 81       	ldd	r23, Z+1	; 0x01
    1e00:	82 81       	ldd	r24, Z+2	; 0x02
    1e02:	93 81       	ldd	r25, Z+3	; 0x03
    1e04:	20 e0       	ldi	r18, 0x00	; 0
    1e06:	30 e0       	ldi	r19, 0x00	; 0
    1e08:	40 e8       	ldi	r20, 0x80	; 128
    1e0a:	5f e3       	ldi	r21, 0x3F	; 63
    1e0c:	0e 94 25 04 	call	0x84a	; 0x84a <__ltsf2>
    1e10:	88 23       	and	r24, r24
    1e12:	34 f4       	brge	.+12     	; 0x1e20 <dht11_read+0xc7c>
		__ticks = 1;
    1e14:	81 e0       	ldi	r24, 0x01	; 1
    1e16:	fe 01       	movw	r30, r28
    1e18:	e0 5c       	subi	r30, 0xC0	; 192
    1e1a:	ff 4f       	sbci	r31, 0xFF	; 255
    1e1c:	80 83       	st	Z, r24
    1e1e:	9d c0       	rjmp	.+314    	; 0x1f5a <dht11_read+0xdb6>
	else if (__tmp > 255)
    1e20:	fe 01       	movw	r30, r28
    1e22:	ef 5b       	subi	r30, 0xBF	; 191
    1e24:	ff 4f       	sbci	r31, 0xFF	; 255
    1e26:	60 81       	ld	r22, Z
    1e28:	71 81       	ldd	r23, Z+1	; 0x01
    1e2a:	82 81       	ldd	r24, Z+2	; 0x02
    1e2c:	93 81       	ldd	r25, Z+3	; 0x03
    1e2e:	20 e0       	ldi	r18, 0x00	; 0
    1e30:	30 e0       	ldi	r19, 0x00	; 0
    1e32:	4f e7       	ldi	r20, 0x7F	; 127
    1e34:	53 e4       	ldi	r21, 0x43	; 67
    1e36:	0e 94 c5 03 	call	0x78a	; 0x78a <__gtsf2>
    1e3a:	18 16       	cp	r1, r24
    1e3c:	0c f0       	brlt	.+2      	; 0x1e40 <dht11_read+0xc9c>
    1e3e:	7e c0       	rjmp	.+252    	; 0x1f3c <dht11_read+0xd98>
	{
		_delay_ms(__us / 1000.0);
    1e40:	fe 01       	movw	r30, r28
    1e42:	eb 5b       	subi	r30, 0xBB	; 187
    1e44:	ff 4f       	sbci	r31, 0xFF	; 255
    1e46:	60 81       	ld	r22, Z
    1e48:	71 81       	ldd	r23, Z+1	; 0x01
    1e4a:	82 81       	ldd	r24, Z+2	; 0x02
    1e4c:	93 81       	ldd	r25, Z+3	; 0x03
    1e4e:	20 e0       	ldi	r18, 0x00	; 0
    1e50:	30 e0       	ldi	r19, 0x00	; 0
    1e52:	4a e7       	ldi	r20, 0x7A	; 122
    1e54:	54 e4       	ldi	r21, 0x44	; 68
    1e56:	0e 94 19 03 	call	0x632	; 0x632 <__divsf3>
    1e5a:	dc 01       	movw	r26, r24
    1e5c:	cb 01       	movw	r24, r22
    1e5e:	8c af       	std	Y+60, r24	; 0x3c
    1e60:	9d af       	std	Y+61, r25	; 0x3d
    1e62:	ae af       	std	Y+62, r26	; 0x3e
    1e64:	bf af       	std	Y+63, r27	; 0x3f
 */
void
_delay_ms(double __ms)
{
	uint16_t __ticks;
	double __tmp = ((F_CPU) / 4e3) * __ms;
    1e66:	6c ad       	ldd	r22, Y+60	; 0x3c
    1e68:	7d ad       	ldd	r23, Y+61	; 0x3d
    1e6a:	8e ad       	ldd	r24, Y+62	; 0x3e
    1e6c:	9f ad       	ldd	r25, Y+63	; 0x3f
    1e6e:	20 e0       	ldi	r18, 0x00	; 0
    1e70:	30 e0       	ldi	r19, 0x00	; 0
    1e72:	4a ef       	ldi	r20, 0xFA	; 250
    1e74:	54 e4       	ldi	r21, 0x44	; 68
    1e76:	0e 94 1f 02 	call	0x43e	; 0x43e <__mulsf3>
    1e7a:	dc 01       	movw	r26, r24
    1e7c:	cb 01       	movw	r24, r22
    1e7e:	88 af       	std	Y+56, r24	; 0x38
    1e80:	99 af       	std	Y+57, r25	; 0x39
    1e82:	aa af       	std	Y+58, r26	; 0x3a
    1e84:	bb af       	std	Y+59, r27	; 0x3b
	if (__tmp < 1.0)
    1e86:	68 ad       	ldd	r22, Y+56	; 0x38
    1e88:	79 ad       	ldd	r23, Y+57	; 0x39
    1e8a:	8a ad       	ldd	r24, Y+58	; 0x3a
    1e8c:	9b ad       	ldd	r25, Y+59	; 0x3b
    1e8e:	20 e0       	ldi	r18, 0x00	; 0
    1e90:	30 e0       	ldi	r19, 0x00	; 0
    1e92:	40 e8       	ldi	r20, 0x80	; 128
    1e94:	5f e3       	ldi	r21, 0x3F	; 63
    1e96:	0e 94 25 04 	call	0x84a	; 0x84a <__ltsf2>
    1e9a:	88 23       	and	r24, r24
    1e9c:	2c f4       	brge	.+10     	; 0x1ea8 <dht11_read+0xd04>
		__ticks = 1;
    1e9e:	81 e0       	ldi	r24, 0x01	; 1
    1ea0:	90 e0       	ldi	r25, 0x00	; 0
    1ea2:	9f ab       	std	Y+55, r25	; 0x37
    1ea4:	8e ab       	std	Y+54, r24	; 0x36
    1ea6:	3f c0       	rjmp	.+126    	; 0x1f26 <dht11_read+0xd82>
	else if (__tmp > 65535)
    1ea8:	68 ad       	ldd	r22, Y+56	; 0x38
    1eaa:	79 ad       	ldd	r23, Y+57	; 0x39
    1eac:	8a ad       	ldd	r24, Y+58	; 0x3a
    1eae:	9b ad       	ldd	r25, Y+59	; 0x3b
    1eb0:	20 e0       	ldi	r18, 0x00	; 0
    1eb2:	3f ef       	ldi	r19, 0xFF	; 255
    1eb4:	4f e7       	ldi	r20, 0x7F	; 127
    1eb6:	57 e4       	ldi	r21, 0x47	; 71
    1eb8:	0e 94 c5 03 	call	0x78a	; 0x78a <__gtsf2>
    1ebc:	18 16       	cp	r1, r24
    1ebe:	4c f5       	brge	.+82     	; 0x1f12 <dht11_read+0xd6e>
	{
		//	__ticks = requested delay in 1/10 ms
		__ticks = (uint16_t) (__ms * 10.0);
    1ec0:	6c ad       	ldd	r22, Y+60	; 0x3c
    1ec2:	7d ad       	ldd	r23, Y+61	; 0x3d
    1ec4:	8e ad       	ldd	r24, Y+62	; 0x3e
    1ec6:	9f ad       	ldd	r25, Y+63	; 0x3f
    1ec8:	20 e0       	ldi	r18, 0x00	; 0
    1eca:	30 e0       	ldi	r19, 0x00	; 0
    1ecc:	40 e2       	ldi	r20, 0x20	; 32
    1ece:	51 e4       	ldi	r21, 0x41	; 65
    1ed0:	0e 94 1f 02 	call	0x43e	; 0x43e <__mulsf3>
    1ed4:	dc 01       	movw	r26, r24
    1ed6:	cb 01       	movw	r24, r22
    1ed8:	bc 01       	movw	r22, r24
    1eda:	cd 01       	movw	r24, r26
    1edc:	0e 94 49 00 	call	0x92	; 0x92 <__fixunssfsi>
    1ee0:	dc 01       	movw	r26, r24
    1ee2:	cb 01       	movw	r24, r22
    1ee4:	9f ab       	std	Y+55, r25	; 0x37
    1ee6:	8e ab       	std	Y+54, r24	; 0x36
    1ee8:	0f c0       	rjmp	.+30     	; 0x1f08 <dht11_read+0xd64>
    1eea:	88 ec       	ldi	r24, 0xC8	; 200
    1eec:	90 e0       	ldi	r25, 0x00	; 0
    1eee:	9d ab       	std	Y+53, r25	; 0x35
    1ef0:	8c ab       	std	Y+52, r24	; 0x34
    milliseconds can be achieved.
 */
void
_delay_loop_2(uint16_t __count)
{
	__asm__ volatile (
    1ef2:	8c a9       	ldd	r24, Y+52	; 0x34
    1ef4:	9d a9       	ldd	r25, Y+53	; 0x35
    1ef6:	01 97       	sbiw	r24, 0x01	; 1
    1ef8:	f1 f7       	brne	.-4      	; 0x1ef6 <dht11_read+0xd52>
    1efa:	9d ab       	std	Y+53, r25	; 0x35
    1efc:	8c ab       	std	Y+52, r24	; 0x34
		while(__ticks)
		{
			// wait 1/10 ms
			_delay_loop_2(((F_CPU) / 4e3) / 10);
			__ticks --;
    1efe:	8e a9       	ldd	r24, Y+54	; 0x36
    1f00:	9f a9       	ldd	r25, Y+55	; 0x37
    1f02:	01 97       	sbiw	r24, 0x01	; 1
    1f04:	9f ab       	std	Y+55, r25	; 0x37
    1f06:	8e ab       	std	Y+54, r24	; 0x36
		__ticks = 1;
	else if (__tmp > 65535)
	{
		//	__ticks = requested delay in 1/10 ms
		__ticks = (uint16_t) (__ms * 10.0);
		while(__ticks)
    1f08:	8e a9       	ldd	r24, Y+54	; 0x36
    1f0a:	9f a9       	ldd	r25, Y+55	; 0x37
    1f0c:	00 97       	sbiw	r24, 0x00	; 0
    1f0e:	69 f7       	brne	.-38     	; 0x1eea <dht11_read+0xd46>
    1f10:	2d c0       	rjmp	.+90     	; 0x1f6c <dht11_read+0xdc8>
			__ticks --;
		}
		return;
	}
	else
		__ticks = (uint16_t)__tmp;
    1f12:	68 ad       	ldd	r22, Y+56	; 0x38
    1f14:	79 ad       	ldd	r23, Y+57	; 0x39
    1f16:	8a ad       	ldd	r24, Y+58	; 0x3a
    1f18:	9b ad       	ldd	r25, Y+59	; 0x3b
    1f1a:	0e 94 49 00 	call	0x92	; 0x92 <__fixunssfsi>
    1f1e:	dc 01       	movw	r26, r24
    1f20:	cb 01       	movw	r24, r22
    1f22:	9f ab       	std	Y+55, r25	; 0x37
    1f24:	8e ab       	std	Y+54, r24	; 0x36
    1f26:	8e a9       	ldd	r24, Y+54	; 0x36
    1f28:	9f a9       	ldd	r25, Y+55	; 0x37
    1f2a:	9b ab       	std	Y+51, r25	; 0x33
    1f2c:	8a ab       	std	Y+50, r24	; 0x32
    1f2e:	8a a9       	ldd	r24, Y+50	; 0x32
    1f30:	9b a9       	ldd	r25, Y+51	; 0x33
    1f32:	01 97       	sbiw	r24, 0x01	; 1
    1f34:	f1 f7       	brne	.-4      	; 0x1f32 <dht11_read+0xd8e>
    1f36:	9b ab       	std	Y+51, r25	; 0x33
    1f38:	8a ab       	std	Y+50, r24	; 0x32
    1f3a:	18 c0       	rjmp	.+48     	; 0x1f6c <dht11_read+0xdc8>
	{
		_delay_ms(__us / 1000.0);
		return;
	}
	else
		__ticks = (uint8_t)__tmp;
    1f3c:	fe 01       	movw	r30, r28
    1f3e:	ef 5b       	subi	r30, 0xBF	; 191
    1f40:	ff 4f       	sbci	r31, 0xFF	; 255
    1f42:	60 81       	ld	r22, Z
    1f44:	71 81       	ldd	r23, Z+1	; 0x01
    1f46:	82 81       	ldd	r24, Z+2	; 0x02
    1f48:	93 81       	ldd	r25, Z+3	; 0x03
    1f4a:	0e 94 49 00 	call	0x92	; 0x92 <__fixunssfsi>
    1f4e:	dc 01       	movw	r26, r24
    1f50:	cb 01       	movw	r24, r22
    1f52:	fe 01       	movw	r30, r28
    1f54:	e0 5c       	subi	r30, 0xC0	; 192
    1f56:	ff 4f       	sbci	r31, 0xFF	; 255
    1f58:	80 83       	st	Z, r24
    1f5a:	fe 01       	movw	r30, r28
    1f5c:	e0 5c       	subi	r30, 0xC0	; 192
    1f5e:	ff 4f       	sbci	r31, 0xFF	; 255
    1f60:	80 81       	ld	r24, Z
    1f62:	89 ab       	std	Y+49, r24	; 0x31
    can be achieved.
*/
void
_delay_loop_1(uint8_t __count)
{
	__asm__ volatile (
    1f64:	89 a9       	ldd	r24, Y+49	; 0x31
    1f66:	8a 95       	dec	r24
    1f68:	f1 f7       	brne	.-4      	; 0x1f66 <dht11_read+0xdc2>
    1f6a:	89 ab       	std	Y+49, r24	; 0x31
    1f6c:	e0 e3       	ldi	r30, 0x30	; 48
    1f6e:	f0 e0       	ldi	r31, 0x00	; 0
    1f70:	80 81       	ld	r24, Z
    1f72:	88 2f       	mov	r24, r24
    1f74:	90 e0       	ldi	r25, 0x00	; 0
    1f76:	84 70       	andi	r24, 0x04	; 4
    1f78:	90 70       	andi	r25, 0x00	; 0
    1f7a:	00 97       	sbiw	r24, 0x00	; 0
    1f7c:	a1 f4       	brne	.+40     	; 0x1fa6 <dht11_read+0xe02>
    1f7e:	de 01       	movw	r26, r28
    1f80:	a9 54       	subi	r26, 0x49	; 73
    1f82:	bf 4f       	sbci	r27, 0xFF	; 255
    1f84:	fe 01       	movw	r30, r28
    1f86:	e9 54       	subi	r30, 0x49	; 73
    1f88:	ff 4f       	sbci	r31, 0xFF	; 255
    1f8a:	80 81       	ld	r24, Z
    1f8c:	91 81       	ldd	r25, Z+1	; 0x01
    1f8e:	01 97       	sbiw	r24, 0x01	; 1
    1f90:	11 96       	adiw	r26, 0x01	; 1
    1f92:	9c 93       	st	X, r25
    1f94:	8e 93       	st	-X, r24
    1f96:	fe 01       	movw	r30, r28
    1f98:	e9 54       	subi	r30, 0x49	; 73
    1f9a:	ff 4f       	sbci	r31, 0xFF	; 255
    1f9c:	80 81       	ld	r24, Z
    1f9e:	91 81       	ldd	r25, Z+1	; 0x01
    1fa0:	00 97       	sbiw	r24, 0x00	; 0
    1fa2:	09 f0       	breq	.+2      	; 0x1fa6 <dht11_read+0xe02>
    1fa4:	06 cf       	rjmp	.-500    	; 0x1db2 <dht11_read+0xc0e>
                _delay_us(1);
            if(timeout == 0) return 0;
    1fa6:	fe 01       	movw	r30, r28
    1fa8:	e9 54       	subi	r30, 0x49	; 73
    1faa:	ff 4f       	sbci	r31, 0xFF	; 255
    1fac:	80 81       	ld	r24, Z
    1fae:	91 81       	ldd	r25, Z+1	; 0x01
    1fb0:	00 97       	sbiw	r24, 0x00	; 0
    1fb2:	31 f4       	brne	.+12     	; 0x1fc0 <dht11_read+0xe1c>
    1fb4:	c0 54       	subi	r28, 0x40	; 64
    1fb6:	df 4f       	sbci	r29, 0xFF	; 255
    1fb8:	18 82       	st	Y, r1
    1fba:	c0 5c       	subi	r28, 0xC0	; 192
    1fbc:	d0 40       	sbci	r29, 0x00	; 0
    1fbe:	50 c2       	rjmp	.+1184   	; 0x2460 <dht11_read+0x12bc>
    1fc0:	80 e0       	ldi	r24, 0x00	; 0
    1fc2:	90 e0       	ldi	r25, 0x00	; 0
    1fc4:	ac e0       	ldi	r26, 0x0C	; 12
    1fc6:	b2 e4       	ldi	r27, 0x42	; 66
    1fc8:	8d a7       	std	Y+45, r24	; 0x2d
    1fca:	9e a7       	std	Y+46, r25	; 0x2e
    1fcc:	af a7       	std	Y+47, r26	; 0x2f
    1fce:	b8 ab       	std	Y+48, r27	; 0x30
 */
void
_delay_us(double __us)
{
	uint8_t __ticks;
	double __tmp = ((F_CPU) / 3e6) * __us;
    1fd0:	6d a5       	ldd	r22, Y+45	; 0x2d
    1fd2:	7e a5       	ldd	r23, Y+46	; 0x2e
    1fd4:	8f a5       	ldd	r24, Y+47	; 0x2f
    1fd6:	98 a9       	ldd	r25, Y+48	; 0x30
    1fd8:	2b ea       	ldi	r18, 0xAB	; 171
    1fda:	3a ea       	ldi	r19, 0xAA	; 170
    1fdc:	4a e2       	ldi	r20, 0x2A	; 42
    1fde:	50 e4       	ldi	r21, 0x40	; 64
    1fe0:	0e 94 1f 02 	call	0x43e	; 0x43e <__mulsf3>
    1fe4:	dc 01       	movw	r26, r24
    1fe6:	cb 01       	movw	r24, r22
    1fe8:	89 a7       	std	Y+41, r24	; 0x29
    1fea:	9a a7       	std	Y+42, r25	; 0x2a
    1fec:	ab a7       	std	Y+43, r26	; 0x2b
    1fee:	bc a7       	std	Y+44, r27	; 0x2c
	if (__tmp < 1.0)
    1ff0:	69 a5       	ldd	r22, Y+41	; 0x29
    1ff2:	7a a5       	ldd	r23, Y+42	; 0x2a
    1ff4:	8b a5       	ldd	r24, Y+43	; 0x2b
    1ff6:	9c a5       	ldd	r25, Y+44	; 0x2c
    1ff8:	20 e0       	ldi	r18, 0x00	; 0
    1ffa:	30 e0       	ldi	r19, 0x00	; 0
    1ffc:	40 e8       	ldi	r20, 0x80	; 128
    1ffe:	5f e3       	ldi	r21, 0x3F	; 63
    2000:	0e 94 25 04 	call	0x84a	; 0x84a <__ltsf2>
    2004:	88 23       	and	r24, r24
    2006:	1c f4       	brge	.+6      	; 0x200e <dht11_read+0xe6a>
		__ticks = 1;
    2008:	81 e0       	ldi	r24, 0x01	; 1
    200a:	88 a7       	std	Y+40, r24	; 0x28
    200c:	91 c0       	rjmp	.+290    	; 0x2130 <dht11_read+0xf8c>
	else if (__tmp > 255)
    200e:	69 a5       	ldd	r22, Y+41	; 0x29
    2010:	7a a5       	ldd	r23, Y+42	; 0x2a
    2012:	8b a5       	ldd	r24, Y+43	; 0x2b
    2014:	9c a5       	ldd	r25, Y+44	; 0x2c
    2016:	20 e0       	ldi	r18, 0x00	; 0
    2018:	30 e0       	ldi	r19, 0x00	; 0
    201a:	4f e7       	ldi	r20, 0x7F	; 127
    201c:	53 e4       	ldi	r21, 0x43	; 67
    201e:	0e 94 c5 03 	call	0x78a	; 0x78a <__gtsf2>
    2022:	18 16       	cp	r1, r24
    2024:	0c f0       	brlt	.+2      	; 0x2028 <dht11_read+0xe84>
    2026:	7b c0       	rjmp	.+246    	; 0x211e <dht11_read+0xf7a>
	{
		_delay_ms(__us / 1000.0);
    2028:	6d a5       	ldd	r22, Y+45	; 0x2d
    202a:	7e a5       	ldd	r23, Y+46	; 0x2e
    202c:	8f a5       	ldd	r24, Y+47	; 0x2f
    202e:	98 a9       	ldd	r25, Y+48	; 0x30
    2030:	20 e0       	ldi	r18, 0x00	; 0
    2032:	30 e0       	ldi	r19, 0x00	; 0
    2034:	4a e7       	ldi	r20, 0x7A	; 122
    2036:	54 e4       	ldi	r21, 0x44	; 68
    2038:	0e 94 19 03 	call	0x632	; 0x632 <__divsf3>
    203c:	dc 01       	movw	r26, r24
    203e:	cb 01       	movw	r24, r22
    2040:	8c a3       	std	Y+36, r24	; 0x24
    2042:	9d a3       	std	Y+37, r25	; 0x25
    2044:	ae a3       	std	Y+38, r26	; 0x26
    2046:	bf a3       	std	Y+39, r27	; 0x27
 */
void
_delay_ms(double __ms)
{
	uint16_t __ticks;
	double __tmp = ((F_CPU) / 4e3) * __ms;
    2048:	6c a1       	ldd	r22, Y+36	; 0x24
    204a:	7d a1       	ldd	r23, Y+37	; 0x25
    204c:	8e a1       	ldd	r24, Y+38	; 0x26
    204e:	9f a1       	ldd	r25, Y+39	; 0x27
    2050:	20 e0       	ldi	r18, 0x00	; 0
    2052:	30 e0       	ldi	r19, 0x00	; 0
    2054:	4a ef       	ldi	r20, 0xFA	; 250
    2056:	54 e4       	ldi	r21, 0x44	; 68
    2058:	0e 94 1f 02 	call	0x43e	; 0x43e <__mulsf3>
    205c:	dc 01       	movw	r26, r24
    205e:	cb 01       	movw	r24, r22
    2060:	88 a3       	std	Y+32, r24	; 0x20
    2062:	99 a3       	std	Y+33, r25	; 0x21
    2064:	aa a3       	std	Y+34, r26	; 0x22
    2066:	bb a3       	std	Y+35, r27	; 0x23
	if (__tmp < 1.0)
    2068:	68 a1       	ldd	r22, Y+32	; 0x20
    206a:	79 a1       	ldd	r23, Y+33	; 0x21
    206c:	8a a1       	ldd	r24, Y+34	; 0x22
    206e:	9b a1       	ldd	r25, Y+35	; 0x23
    2070:	20 e0       	ldi	r18, 0x00	; 0
    2072:	30 e0       	ldi	r19, 0x00	; 0
    2074:	40 e8       	ldi	r20, 0x80	; 128
    2076:	5f e3       	ldi	r21, 0x3F	; 63
    2078:	0e 94 25 04 	call	0x84a	; 0x84a <__ltsf2>
    207c:	88 23       	and	r24, r24
    207e:	2c f4       	brge	.+10     	; 0x208a <dht11_read+0xee6>
		__ticks = 1;
    2080:	81 e0       	ldi	r24, 0x01	; 1
    2082:	90 e0       	ldi	r25, 0x00	; 0
    2084:	9f 8f       	std	Y+31, r25	; 0x1f
    2086:	8e 8f       	std	Y+30, r24	; 0x1e
    2088:	3f c0       	rjmp	.+126    	; 0x2108 <dht11_read+0xf64>
	else if (__tmp > 65535)
    208a:	68 a1       	ldd	r22, Y+32	; 0x20
    208c:	79 a1       	ldd	r23, Y+33	; 0x21
    208e:	8a a1       	ldd	r24, Y+34	; 0x22
    2090:	9b a1       	ldd	r25, Y+35	; 0x23
    2092:	20 e0       	ldi	r18, 0x00	; 0
    2094:	3f ef       	ldi	r19, 0xFF	; 255
    2096:	4f e7       	ldi	r20, 0x7F	; 127
    2098:	57 e4       	ldi	r21, 0x47	; 71
    209a:	0e 94 c5 03 	call	0x78a	; 0x78a <__gtsf2>
    209e:	18 16       	cp	r1, r24
    20a0:	4c f5       	brge	.+82     	; 0x20f4 <dht11_read+0xf50>
	{
		//	__ticks = requested delay in 1/10 ms
		__ticks = (uint16_t) (__ms * 10.0);
    20a2:	6c a1       	ldd	r22, Y+36	; 0x24
    20a4:	7d a1       	ldd	r23, Y+37	; 0x25
    20a6:	8e a1       	ldd	r24, Y+38	; 0x26
    20a8:	9f a1       	ldd	r25, Y+39	; 0x27
    20aa:	20 e0       	ldi	r18, 0x00	; 0
    20ac:	30 e0       	ldi	r19, 0x00	; 0
    20ae:	40 e2       	ldi	r20, 0x20	; 32
    20b0:	51 e4       	ldi	r21, 0x41	; 65
    20b2:	0e 94 1f 02 	call	0x43e	; 0x43e <__mulsf3>
    20b6:	dc 01       	movw	r26, r24
    20b8:	cb 01       	movw	r24, r22
    20ba:	bc 01       	movw	r22, r24
    20bc:	cd 01       	movw	r24, r26
    20be:	0e 94 49 00 	call	0x92	; 0x92 <__fixunssfsi>
    20c2:	dc 01       	movw	r26, r24
    20c4:	cb 01       	movw	r24, r22
    20c6:	9f 8f       	std	Y+31, r25	; 0x1f
    20c8:	8e 8f       	std	Y+30, r24	; 0x1e
    20ca:	0f c0       	rjmp	.+30     	; 0x20ea <dht11_read+0xf46>
    20cc:	88 ec       	ldi	r24, 0xC8	; 200
    20ce:	90 e0       	ldi	r25, 0x00	; 0
    20d0:	9d 8f       	std	Y+29, r25	; 0x1d
    20d2:	8c 8f       	std	Y+28, r24	; 0x1c
    milliseconds can be achieved.
 */
void
_delay_loop_2(uint16_t __count)
{
	__asm__ volatile (
    20d4:	8c 8d       	ldd	r24, Y+28	; 0x1c
    20d6:	9d 8d       	ldd	r25, Y+29	; 0x1d
    20d8:	01 97       	sbiw	r24, 0x01	; 1
    20da:	f1 f7       	brne	.-4      	; 0x20d8 <dht11_read+0xf34>
    20dc:	9d 8f       	std	Y+29, r25	; 0x1d
    20de:	8c 8f       	std	Y+28, r24	; 0x1c
		while(__ticks)
		{
			// wait 1/10 ms
			_delay_loop_2(((F_CPU) / 4e3) / 10);
			__ticks --;
    20e0:	8e 8d       	ldd	r24, Y+30	; 0x1e
    20e2:	9f 8d       	ldd	r25, Y+31	; 0x1f
    20e4:	01 97       	sbiw	r24, 0x01	; 1
    20e6:	9f 8f       	std	Y+31, r25	; 0x1f
    20e8:	8e 8f       	std	Y+30, r24	; 0x1e
		__ticks = 1;
	else if (__tmp > 65535)
	{
		//	__ticks = requested delay in 1/10 ms
		__ticks = (uint16_t) (__ms * 10.0);
		while(__ticks)
    20ea:	8e 8d       	ldd	r24, Y+30	; 0x1e
    20ec:	9f 8d       	ldd	r25, Y+31	; 0x1f
    20ee:	00 97       	sbiw	r24, 0x00	; 0
    20f0:	69 f7       	brne	.-38     	; 0x20cc <dht11_read+0xf28>
    20f2:	24 c0       	rjmp	.+72     	; 0x213c <dht11_read+0xf98>
			__ticks --;
		}
		return;
	}
	else
		__ticks = (uint16_t)__tmp;
    20f4:	68 a1       	ldd	r22, Y+32	; 0x20
    20f6:	79 a1       	ldd	r23, Y+33	; 0x21
    20f8:	8a a1       	ldd	r24, Y+34	; 0x22
    20fa:	9b a1       	ldd	r25, Y+35	; 0x23
    20fc:	0e 94 49 00 	call	0x92	; 0x92 <__fixunssfsi>
    2100:	dc 01       	movw	r26, r24
    2102:	cb 01       	movw	r24, r22
    2104:	9f 8f       	std	Y+31, r25	; 0x1f
    2106:	8e 8f       	std	Y+30, r24	; 0x1e
    2108:	8e 8d       	ldd	r24, Y+30	; 0x1e
    210a:	9f 8d       	ldd	r25, Y+31	; 0x1f
    210c:	9b 8f       	std	Y+27, r25	; 0x1b
    210e:	8a 8f       	std	Y+26, r24	; 0x1a
    2110:	8a 8d       	ldd	r24, Y+26	; 0x1a
    2112:	9b 8d       	ldd	r25, Y+27	; 0x1b
    2114:	01 97       	sbiw	r24, 0x01	; 1
    2116:	f1 f7       	brne	.-4      	; 0x2114 <dht11_read+0xf70>
    2118:	9b 8f       	std	Y+27, r25	; 0x1b
    211a:	8a 8f       	std	Y+26, r24	; 0x1a
    211c:	0f c0       	rjmp	.+30     	; 0x213c <dht11_read+0xf98>
	{
		_delay_ms(__us / 1000.0);
		return;
	}
	else
		__ticks = (uint8_t)__tmp;
    211e:	69 a5       	ldd	r22, Y+41	; 0x29
    2120:	7a a5       	ldd	r23, Y+42	; 0x2a
    2122:	8b a5       	ldd	r24, Y+43	; 0x2b
    2124:	9c a5       	ldd	r25, Y+44	; 0x2c
    2126:	0e 94 49 00 	call	0x92	; 0x92 <__fixunssfsi>
    212a:	dc 01       	movw	r26, r24
    212c:	cb 01       	movw	r24, r22
    212e:	88 a7       	std	Y+40, r24	; 0x28
    2130:	88 a5       	ldd	r24, Y+40	; 0x28
    2132:	89 8f       	std	Y+25, r24	; 0x19
    can be achieved.
*/
void
_delay_loop_1(uint8_t __count)
{
	__asm__ volatile (
    2134:	89 8d       	ldd	r24, Y+25	; 0x19
    2136:	8a 95       	dec	r24
    2138:	f1 f7       	brne	.-4      	; 0x2136 <dht11_read+0xf92>
    213a:	89 8f       	std	Y+25, r24	; 0x19

            _delay_us(35); // Critical timing threshold between 0 and 1

            if(DHT11_PIN_REG & (1<<DHT11_PIN)) {
    213c:	e0 e3       	ldi	r30, 0x30	; 48
    213e:	f0 e0       	ldi	r31, 0x00	; 0
    2140:	80 81       	ld	r24, Z
    2142:	88 2f       	mov	r24, r24
    2144:	90 e0       	ldi	r25, 0x00	; 0
    2146:	84 70       	andi	r24, 0x04	; 4
    2148:	90 70       	andi	r25, 0x00	; 0
    214a:	00 97       	sbiw	r24, 0x00	; 0
    214c:	09 f4       	brne	.+2      	; 0x2150 <dht11_read+0xfac>
    214e:	20 c1       	rjmp	.+576    	; 0x2390 <dht11_read+0x11ec>
                bits[j] |= (1<<(7-i)); // It's a 1
    2150:	fe 01       	movw	r30, r28
    2152:	e7 54       	subi	r30, 0x47	; 71
    2154:	ff 4f       	sbci	r31, 0xFF	; 255
    2156:	80 81       	ld	r24, Z
    2158:	48 2f       	mov	r20, r24
    215a:	50 e0       	ldi	r21, 0x00	; 0
    215c:	fe 01       	movw	r30, r28
    215e:	e7 54       	subi	r30, 0x47	; 71
    2160:	ff 4f       	sbci	r31, 0xFF	; 255
    2162:	80 81       	ld	r24, Z
    2164:	28 2f       	mov	r18, r24
    2166:	30 e0       	ldi	r19, 0x00	; 0
    2168:	ce 01       	movw	r24, r28
    216a:	85 54       	subi	r24, 0x45	; 69
    216c:	9f 4f       	sbci	r25, 0xFF	; 255
    216e:	fc 01       	movw	r30, r24
    2170:	e2 0f       	add	r30, r18
    2172:	f3 1f       	adc	r31, r19
    2174:	80 81       	ld	r24, Z
    2176:	68 2f       	mov	r22, r24
    2178:	fe 01       	movw	r30, r28
    217a:	e6 54       	subi	r30, 0x46	; 70
    217c:	ff 4f       	sbci	r31, 0xFF	; 255
    217e:	80 81       	ld	r24, Z
    2180:	28 2f       	mov	r18, r24
    2182:	30 e0       	ldi	r19, 0x00	; 0
    2184:	87 e0       	ldi	r24, 0x07	; 7
    2186:	90 e0       	ldi	r25, 0x00	; 0
    2188:	dc 01       	movw	r26, r24
    218a:	a2 1b       	sub	r26, r18
    218c:	b3 0b       	sbc	r27, r19
    218e:	9d 01       	movw	r18, r26
    2190:	81 e0       	ldi	r24, 0x01	; 1
    2192:	90 e0       	ldi	r25, 0x00	; 0
    2194:	02 c0       	rjmp	.+4      	; 0x219a <dht11_read+0xff6>
    2196:	88 0f       	add	r24, r24
    2198:	99 1f       	adc	r25, r25
    219a:	2a 95       	dec	r18
    219c:	e2 f7       	brpl	.-8      	; 0x2196 <dht11_read+0xff2>
    219e:	86 2b       	or	r24, r22
    21a0:	28 2f       	mov	r18, r24
    21a2:	ce 01       	movw	r24, r28
    21a4:	85 54       	subi	r24, 0x45	; 69
    21a6:	9f 4f       	sbci	r25, 0xFF	; 255
    21a8:	fc 01       	movw	r30, r24
    21aa:	e4 0f       	add	r30, r20
    21ac:	f5 1f       	adc	r31, r21
    21ae:	20 83       	st	Z, r18
                timeout = 1000;
    21b0:	fe 01       	movw	r30, r28
    21b2:	e9 54       	subi	r30, 0x49	; 73
    21b4:	ff 4f       	sbci	r31, 0xFF	; 255
    21b6:	88 ee       	ldi	r24, 0xE8	; 232
    21b8:	93 e0       	ldi	r25, 0x03	; 3
    21ba:	91 83       	std	Z+1, r25	; 0x01
    21bc:	80 83       	st	Z, r24
    21be:	be c0       	rjmp	.+380    	; 0x233c <dht11_read+0x1198>
                while(DHT11_PIN_REG & (1<<DHT11_PIN) && --timeout)
    21c0:	80 e0       	ldi	r24, 0x00	; 0
    21c2:	90 e0       	ldi	r25, 0x00	; 0
    21c4:	a0 e8       	ldi	r26, 0x80	; 128
    21c6:	bf e3       	ldi	r27, 0x3F	; 63
    21c8:	8d 8b       	std	Y+21, r24	; 0x15
    21ca:	9e 8b       	std	Y+22, r25	; 0x16
    21cc:	af 8b       	std	Y+23, r26	; 0x17
    21ce:	b8 8f       	std	Y+24, r27	; 0x18
 */
void
_delay_us(double __us)
{
	uint8_t __ticks;
	double __tmp = ((F_CPU) / 3e6) * __us;
    21d0:	6d 89       	ldd	r22, Y+21	; 0x15
    21d2:	7e 89       	ldd	r23, Y+22	; 0x16
    21d4:	8f 89       	ldd	r24, Y+23	; 0x17
    21d6:	98 8d       	ldd	r25, Y+24	; 0x18
    21d8:	2b ea       	ldi	r18, 0xAB	; 171
    21da:	3a ea       	ldi	r19, 0xAA	; 170
    21dc:	4a e2       	ldi	r20, 0x2A	; 42
    21de:	50 e4       	ldi	r21, 0x40	; 64
    21e0:	0e 94 1f 02 	call	0x43e	; 0x43e <__mulsf3>
    21e4:	dc 01       	movw	r26, r24
    21e6:	cb 01       	movw	r24, r22
    21e8:	89 8b       	std	Y+17, r24	; 0x11
    21ea:	9a 8b       	std	Y+18, r25	; 0x12
    21ec:	ab 8b       	std	Y+19, r26	; 0x13
    21ee:	bc 8b       	std	Y+20, r27	; 0x14
	if (__tmp < 1.0)
    21f0:	69 89       	ldd	r22, Y+17	; 0x11
    21f2:	7a 89       	ldd	r23, Y+18	; 0x12
    21f4:	8b 89       	ldd	r24, Y+19	; 0x13
    21f6:	9c 89       	ldd	r25, Y+20	; 0x14
    21f8:	20 e0       	ldi	r18, 0x00	; 0
    21fa:	30 e0       	ldi	r19, 0x00	; 0
    21fc:	40 e8       	ldi	r20, 0x80	; 128
    21fe:	5f e3       	ldi	r21, 0x3F	; 63
    2200:	0e 94 25 04 	call	0x84a	; 0x84a <__ltsf2>
    2204:	88 23       	and	r24, r24
    2206:	1c f4       	brge	.+6      	; 0x220e <dht11_read+0x106a>
		__ticks = 1;
    2208:	81 e0       	ldi	r24, 0x01	; 1
    220a:	88 8b       	std	Y+16, r24	; 0x10
    220c:	91 c0       	rjmp	.+290    	; 0x2330 <dht11_read+0x118c>
	else if (__tmp > 255)
    220e:	69 89       	ldd	r22, Y+17	; 0x11
    2210:	7a 89       	ldd	r23, Y+18	; 0x12
    2212:	8b 89       	ldd	r24, Y+19	; 0x13
    2214:	9c 89       	ldd	r25, Y+20	; 0x14
    2216:	20 e0       	ldi	r18, 0x00	; 0
    2218:	30 e0       	ldi	r19, 0x00	; 0
    221a:	4f e7       	ldi	r20, 0x7F	; 127
    221c:	53 e4       	ldi	r21, 0x43	; 67
    221e:	0e 94 c5 03 	call	0x78a	; 0x78a <__gtsf2>
    2222:	18 16       	cp	r1, r24
    2224:	0c f0       	brlt	.+2      	; 0x2228 <dht11_read+0x1084>
    2226:	7b c0       	rjmp	.+246    	; 0x231e <dht11_read+0x117a>
	{
		_delay_ms(__us / 1000.0);
    2228:	6d 89       	ldd	r22, Y+21	; 0x15
    222a:	7e 89       	ldd	r23, Y+22	; 0x16
    222c:	8f 89       	ldd	r24, Y+23	; 0x17
    222e:	98 8d       	ldd	r25, Y+24	; 0x18
    2230:	20 e0       	ldi	r18, 0x00	; 0
    2232:	30 e0       	ldi	r19, 0x00	; 0
    2234:	4a e7       	ldi	r20, 0x7A	; 122
    2236:	54 e4       	ldi	r21, 0x44	; 68
    2238:	0e 94 19 03 	call	0x632	; 0x632 <__divsf3>
    223c:	dc 01       	movw	r26, r24
    223e:	cb 01       	movw	r24, r22
    2240:	8c 87       	std	Y+12, r24	; 0x0c
    2242:	9d 87       	std	Y+13, r25	; 0x0d
    2244:	ae 87       	std	Y+14, r26	; 0x0e
    2246:	bf 87       	std	Y+15, r27	; 0x0f
 */
void
_delay_ms(double __ms)
{
	uint16_t __ticks;
	double __tmp = ((F_CPU) / 4e3) * __ms;
    2248:	6c 85       	ldd	r22, Y+12	; 0x0c
    224a:	7d 85       	ldd	r23, Y+13	; 0x0d
    224c:	8e 85       	ldd	r24, Y+14	; 0x0e
    224e:	9f 85       	ldd	r25, Y+15	; 0x0f
    2250:	20 e0       	ldi	r18, 0x00	; 0
    2252:	30 e0       	ldi	r19, 0x00	; 0
    2254:	4a ef       	ldi	r20, 0xFA	; 250
    2256:	54 e4       	ldi	r21, 0x44	; 68
    2258:	0e 94 1f 02 	call	0x43e	; 0x43e <__mulsf3>
    225c:	dc 01       	movw	r26, r24
    225e:	cb 01       	movw	r24, r22
    2260:	88 87       	std	Y+8, r24	; 0x08
    2262:	99 87       	std	Y+9, r25	; 0x09
    2264:	aa 87       	std	Y+10, r26	; 0x0a
    2266:	bb 87       	std	Y+11, r27	; 0x0b
	if (__tmp < 1.0)
    2268:	68 85       	ldd	r22, Y+8	; 0x08
    226a:	79 85       	ldd	r23, Y+9	; 0x09
    226c:	8a 85       	ldd	r24, Y+10	; 0x0a
    226e:	9b 85       	ldd	r25, Y+11	; 0x0b
    2270:	20 e0       	ldi	r18, 0x00	; 0
    2272:	30 e0       	ldi	r19, 0x00	; 0
    2274:	40 e8       	ldi	r20, 0x80	; 128
    2276:	5f e3       	ldi	r21, 0x3F	; 63
    2278:	0e 94 25 04 	call	0x84a	; 0x84a <__ltsf2>
    227c:	88 23       	and	r24, r24
    227e:	2c f4       	brge	.+10     	; 0x228a <dht11_read+0x10e6>
		__ticks = 1;
    2280:	81 e0       	ldi	r24, 0x01	; 1
    2282:	90 e0       	ldi	r25, 0x00	; 0
    2284:	9f 83       	std	Y+7, r25	; 0x07
    2286:	8e 83       	std	Y+6, r24	; 0x06
    2288:	3f c0       	rjmp	.+126    	; 0x2308 <dht11_read+0x1164>
	else if (__tmp > 65535)
    228a:	68 85       	ldd	r22, Y+8	; 0x08
    228c:	79 85       	ldd	r23, Y+9	; 0x09
    228e:	8a 85       	ldd	r24, Y+10	; 0x0a
    2290:	9b 85       	ldd	r25, Y+11	; 0x0b
    2292:	20 e0       	ldi	r18, 0x00	; 0
    2294:	3f ef       	ldi	r19, 0xFF	; 255
    2296:	4f e7       	ldi	r20, 0x7F	; 127
    2298:	57 e4       	ldi	r21, 0x47	; 71
    229a:	0e 94 c5 03 	call	0x78a	; 0x78a <__gtsf2>
    229e:	18 16       	cp	r1, r24
    22a0:	4c f5       	brge	.+82     	; 0x22f4 <dht11_read+0x1150>
	{
		//	__ticks = requested delay in 1/10 ms
		__ticks = (uint16_t) (__ms * 10.0);
    22a2:	6c 85       	ldd	r22, Y+12	; 0x0c
    22a4:	7d 85       	ldd	r23, Y+13	; 0x0d
    22a6:	8e 85       	ldd	r24, Y+14	; 0x0e
    22a8:	9f 85       	ldd	r25, Y+15	; 0x0f
    22aa:	20 e0       	ldi	r18, 0x00	; 0
    22ac:	30 e0       	ldi	r19, 0x00	; 0
    22ae:	40 e2       	ldi	r20, 0x20	; 32
    22b0:	51 e4       	ldi	r21, 0x41	; 65
    22b2:	0e 94 1f 02 	call	0x43e	; 0x43e <__mulsf3>
    22b6:	dc 01       	movw	r26, r24
    22b8:	cb 01       	movw	r24, r22
    22ba:	bc 01       	movw	r22, r24
    22bc:	cd 01       	movw	r24, r26
    22be:	0e 94 49 00 	call	0x92	; 0x92 <__fixunssfsi>
    22c2:	dc 01       	movw	r26, r24
    22c4:	cb 01       	movw	r24, r22
    22c6:	9f 83       	std	Y+7, r25	; 0x07
    22c8:	8e 83       	std	Y+6, r24	; 0x06
    22ca:	0f c0       	rjmp	.+30     	; 0x22ea <dht11_read+0x1146>
    22cc:	88 ec       	ldi	r24, 0xC8	; 200
    22ce:	90 e0       	ldi	r25, 0x00	; 0
    22d0:	9d 83       	std	Y+5, r25	; 0x05
    22d2:	8c 83       	std	Y+4, r24	; 0x04
    milliseconds can be achieved.
 */
void
_delay_loop_2(uint16_t __count)
{
	__asm__ volatile (
    22d4:	8c 81       	ldd	r24, Y+4	; 0x04
    22d6:	9d 81       	ldd	r25, Y+5	; 0x05
    22d8:	01 97       	sbiw	r24, 0x01	; 1
    22da:	f1 f7       	brne	.-4      	; 0x22d8 <dht11_read+0x1134>
    22dc:	9d 83       	std	Y+5, r25	; 0x05
    22de:	8c 83       	std	Y+4, r24	; 0x04
		while(__ticks)
		{
			// wait 1/10 ms
			_delay_loop_2(((F_CPU) / 4e3) / 10);
			__ticks --;
    22e0:	8e 81       	ldd	r24, Y+6	; 0x06
    22e2:	9f 81       	ldd	r25, Y+7	; 0x07
    22e4:	01 97       	sbiw	r24, 0x01	; 1
    22e6:	9f 83       	std	Y+7, r25	; 0x07
    22e8:	8e 83       	std	Y+6, r24	; 0x06
		__ticks = 1;
	else if (__tmp > 65535)
	{
		//	__ticks = requested delay in 1/10 ms
		__ticks = (uint16_t) (__ms * 10.0);
		while(__ticks)
    22ea:	8e 81       	ldd	r24, Y+6	; 0x06
    22ec:	9f 81       	ldd	r25, Y+7	; 0x07
    22ee:	00 97       	sbiw	r24, 0x00	; 0
    22f0:	69 f7       	brne	.-38     	; 0x22cc <dht11_read+0x1128>
    22f2:	24 c0       	rjmp	.+72     	; 0x233c <dht11_read+0x1198>
			__ticks --;
		}
		return;
	}
	else
		__ticks = (uint16_t)__tmp;
    22f4:	68 85       	ldd	r22, Y+8	; 0x08
    22f6:	79 85       	ldd	r23, Y+9	; 0x09
    22f8:	8a 85       	ldd	r24, Y+10	; 0x0a
    22fa:	9b 85       	ldd	r25, Y+11	; 0x0b
    22fc:	0e 94 49 00 	call	0x92	; 0x92 <__fixunssfsi>
    2300:	dc 01       	movw	r26, r24
    2302:	cb 01       	movw	r24, r22
    2304:	9f 83       	std	Y+7, r25	; 0x07
    2306:	8e 83       	std	Y+6, r24	; 0x06
    2308:	8e 81       	ldd	r24, Y+6	; 0x06
    230a:	9f 81       	ldd	r25, Y+7	; 0x07
    230c:	9b 83       	std	Y+3, r25	; 0x03
    230e:	8a 83       	std	Y+2, r24	; 0x02
    2310:	8a 81       	ldd	r24, Y+2	; 0x02
    2312:	9b 81       	ldd	r25, Y+3	; 0x03
    2314:	01 97       	sbiw	r24, 0x01	; 1
    2316:	f1 f7       	brne	.-4      	; 0x2314 <dht11_read+0x1170>
    2318:	9b 83       	std	Y+3, r25	; 0x03
    231a:	8a 83       	std	Y+2, r24	; 0x02
    231c:	0f c0       	rjmp	.+30     	; 0x233c <dht11_read+0x1198>
	{
		_delay_ms(__us / 1000.0);
		return;
	}
	else
		__ticks = (uint8_t)__tmp;
    231e:	69 89       	ldd	r22, Y+17	; 0x11
    2320:	7a 89       	ldd	r23, Y+18	; 0x12
    2322:	8b 89       	ldd	r24, Y+19	; 0x13
    2324:	9c 89       	ldd	r25, Y+20	; 0x14
    2326:	0e 94 49 00 	call	0x92	; 0x92 <__fixunssfsi>
    232a:	dc 01       	movw	r26, r24
    232c:	cb 01       	movw	r24, r22
    232e:	88 8b       	std	Y+16, r24	; 0x10
    2330:	88 89       	ldd	r24, Y+16	; 0x10
    2332:	89 83       	std	Y+1, r24	; 0x01
    can be achieved.
*/
void
_delay_loop_1(uint8_t __count)
{
	__asm__ volatile (
    2334:	89 81       	ldd	r24, Y+1	; 0x01
    2336:	8a 95       	dec	r24
    2338:	f1 f7       	brne	.-4      	; 0x2336 <dht11_read+0x1192>
    233a:	89 83       	std	Y+1, r24	; 0x01
    233c:	e0 e3       	ldi	r30, 0x30	; 48
    233e:	f0 e0       	ldi	r31, 0x00	; 0
    2340:	80 81       	ld	r24, Z
    2342:	88 2f       	mov	r24, r24
    2344:	90 e0       	ldi	r25, 0x00	; 0
    2346:	84 70       	andi	r24, 0x04	; 4
    2348:	90 70       	andi	r25, 0x00	; 0
    234a:	00 97       	sbiw	r24, 0x00	; 0
    234c:	a1 f0       	breq	.+40     	; 0x2376 <dht11_read+0x11d2>
    234e:	de 01       	movw	r26, r28
    2350:	a9 54       	subi	r26, 0x49	; 73
    2352:	bf 4f       	sbci	r27, 0xFF	; 255
    2354:	fe 01       	movw	r30, r28
    2356:	e9 54       	subi	r30, 0x49	; 73
    2358:	ff 4f       	sbci	r31, 0xFF	; 255
    235a:	80 81       	ld	r24, Z
    235c:	91 81       	ldd	r25, Z+1	; 0x01
    235e:	01 97       	sbiw	r24, 0x01	; 1
    2360:	11 96       	adiw	r26, 0x01	; 1
    2362:	9c 93       	st	X, r25
    2364:	8e 93       	st	-X, r24
    2366:	fe 01       	movw	r30, r28
    2368:	e9 54       	subi	r30, 0x49	; 73
    236a:	ff 4f       	sbci	r31, 0xFF	; 255
    236c:	80 81       	ld	r24, Z
    236e:	91 81       	ldd	r25, Z+1	; 0x01
    2370:	00 97       	sbiw	r24, 0x00	; 0
    2372:	09 f0       	breq	.+2      	; 0x2376 <dht11_read+0x11d2>
    2374:	25 cf       	rjmp	.-438    	; 0x21c0 <dht11_read+0x101c>
                    _delay_us(1);
                if(timeout == 0) return 0;
    2376:	fe 01       	movw	r30, r28
    2378:	e9 54       	subi	r30, 0x49	; 73
    237a:	ff 4f       	sbci	r31, 0xFF	; 255
    237c:	80 81       	ld	r24, Z
    237e:	91 81       	ldd	r25, Z+1	; 0x01
    2380:	00 97       	sbiw	r24, 0x00	; 0
    2382:	31 f4       	brne	.+12     	; 0x2390 <dht11_read+0x11ec>
    2384:	c0 54       	subi	r28, 0x40	; 64
    2386:	df 4f       	sbci	r29, 0xFF	; 255
    2388:	18 82       	st	Y, r1
    238a:	c0 5c       	subi	r28, 0xC0	; 192
    238c:	d0 40       	sbci	r29, 0x00	; 0
    238e:	68 c0       	rjmp	.+208    	; 0x2460 <dht11_read+0x12bc>
        _delay_us(1);
    if(timeout == 0) return 0;

    // Read 40 bits of data
    for(j=0; j<5; j++) {
        for(i=0; i<8; i++) {
    2390:	de 01       	movw	r26, r28
    2392:	a6 54       	subi	r26, 0x46	; 70
    2394:	bf 4f       	sbci	r27, 0xFF	; 255
    2396:	fe 01       	movw	r30, r28
    2398:	e6 54       	subi	r30, 0x46	; 70
    239a:	ff 4f       	sbci	r31, 0xFF	; 255
    239c:	80 81       	ld	r24, Z
    239e:	8f 5f       	subi	r24, 0xFF	; 255
    23a0:	8c 93       	st	X, r24
    23a2:	fe 01       	movw	r30, r28
    23a4:	e6 54       	subi	r30, 0x46	; 70
    23a6:	ff 4f       	sbci	r31, 0xFF	; 255
    23a8:	80 81       	ld	r24, Z
    23aa:	88 30       	cpi	r24, 0x08	; 8
    23ac:	08 f4       	brcc	.+2      	; 0x23b0 <dht11_read+0x120c>
    23ae:	f9 cc       	rjmp	.-1550   	; 0x1da2 <dht11_read+0xbfe>
    while(!(DHT11_PIN_REG & (1<<DHT11_PIN)) && --timeout)
        _delay_us(1);
    if(timeout == 0) return 0;

    // Read 40 bits of data
    for(j=0; j<5; j++) {
    23b0:	de 01       	movw	r26, r28
    23b2:	a7 54       	subi	r26, 0x47	; 71
    23b4:	bf 4f       	sbci	r27, 0xFF	; 255
    23b6:	fe 01       	movw	r30, r28
    23b8:	e7 54       	subi	r30, 0x47	; 71
    23ba:	ff 4f       	sbci	r31, 0xFF	; 255
    23bc:	80 81       	ld	r24, Z
    23be:	8f 5f       	subi	r24, 0xFF	; 255
    23c0:	8c 93       	st	X, r24
    23c2:	fe 01       	movw	r30, r28
    23c4:	e7 54       	subi	r30, 0x47	; 71
    23c6:	ff 4f       	sbci	r31, 0xFF	; 255
    23c8:	80 81       	ld	r24, Z
    23ca:	85 30       	cpi	r24, 0x05	; 5
    23cc:	08 f4       	brcc	.+2      	; 0x23d0 <dht11_read+0x122c>
    23ce:	e4 cc       	rjmp	.-1592   	; 0x1d98 <dht11_read+0xbf4>
            }
        }
    }

    // Verify checksum
    if(bits[4] != ((bits[0] + bits[1] + bits[2] + bits[3]) & 0xFF))
    23d0:	fe 01       	movw	r30, r28
    23d2:	e5 54       	subi	r30, 0x45	; 69
    23d4:	ff 4f       	sbci	r31, 0xFF	; 255
    23d6:	84 81       	ldd	r24, Z+4	; 0x04
    23d8:	48 2f       	mov	r20, r24
    23da:	50 e0       	ldi	r21, 0x00	; 0
    23dc:	fe 01       	movw	r30, r28
    23de:	e5 54       	subi	r30, 0x45	; 69
    23e0:	ff 4f       	sbci	r31, 0xFF	; 255
    23e2:	80 81       	ld	r24, Z
    23e4:	28 2f       	mov	r18, r24
    23e6:	30 e0       	ldi	r19, 0x00	; 0
    23e8:	fe 01       	movw	r30, r28
    23ea:	e5 54       	subi	r30, 0x45	; 69
    23ec:	ff 4f       	sbci	r31, 0xFF	; 255
    23ee:	81 81       	ldd	r24, Z+1	; 0x01
    23f0:	88 2f       	mov	r24, r24
    23f2:	90 e0       	ldi	r25, 0x00	; 0
    23f4:	28 0f       	add	r18, r24
    23f6:	39 1f       	adc	r19, r25
    23f8:	fe 01       	movw	r30, r28
    23fa:	e5 54       	subi	r30, 0x45	; 69
    23fc:	ff 4f       	sbci	r31, 0xFF	; 255
    23fe:	82 81       	ldd	r24, Z+2	; 0x02
    2400:	88 2f       	mov	r24, r24
    2402:	90 e0       	ldi	r25, 0x00	; 0
    2404:	28 0f       	add	r18, r24
    2406:	39 1f       	adc	r19, r25
    2408:	fe 01       	movw	r30, r28
    240a:	e5 54       	subi	r30, 0x45	; 69
    240c:	ff 4f       	sbci	r31, 0xFF	; 255
    240e:	83 81       	ldd	r24, Z+3	; 0x03
    2410:	88 2f       	mov	r24, r24
    2412:	90 e0       	ldi	r25, 0x00	; 0
    2414:	82 0f       	add	r24, r18
    2416:	93 1f       	adc	r25, r19
    2418:	90 70       	andi	r25, 0x00	; 0
    241a:	48 17       	cp	r20, r24
    241c:	59 07       	cpc	r21, r25
    241e:	31 f0       	breq	.+12     	; 0x242c <dht11_read+0x1288>
        return 0;
    2420:	c0 54       	subi	r28, 0x40	; 64
    2422:	df 4f       	sbci	r29, 0xFF	; 255
    2424:	18 82       	st	Y, r1
    2426:	c0 5c       	subi	r28, 0xC0	; 192
    2428:	d0 40       	sbci	r29, 0x00	; 0
    242a:	1a c0       	rjmp	.+52     	; 0x2460 <dht11_read+0x12bc>

    humidity = bits[0];
    242c:	fe 01       	movw	r30, r28
    242e:	e5 54       	subi	r30, 0x45	; 69
    2430:	ff 4f       	sbci	r31, 0xFF	; 255
    2432:	80 81       	ld	r24, Z
    2434:	88 2f       	mov	r24, r24
    2436:	90 e0       	ldi	r25, 0x00	; 0
    2438:	90 93 74 01 	sts	0x0174, r25
    243c:	80 93 73 01 	sts	0x0173, r24
    temperature = bits[2];
    2440:	fe 01       	movw	r30, r28
    2442:	e5 54       	subi	r30, 0x45	; 69
    2444:	ff 4f       	sbci	r31, 0xFF	; 255
    2446:	82 81       	ldd	r24, Z+2	; 0x02
    2448:	88 2f       	mov	r24, r24
    244a:	90 e0       	ldi	r25, 0x00	; 0
    244c:	90 93 72 01 	sts	0x0172, r25
    2450:	80 93 71 01 	sts	0x0171, r24
    return 1;
    2454:	b1 e0       	ldi	r27, 0x01	; 1
    2456:	c0 54       	subi	r28, 0x40	; 64
    2458:	df 4f       	sbci	r29, 0xFF	; 255
    245a:	b8 83       	st	Y, r27
    245c:	c0 5c       	subi	r28, 0xC0	; 192
    245e:	d0 40       	sbci	r29, 0x00	; 0
    2460:	c0 54       	subi	r28, 0x40	; 64
    2462:	df 4f       	sbci	r29, 0xFF	; 255
    2464:	88 81       	ld	r24, Y
    2466:	c0 5c       	subi	r28, 0xC0	; 192
    2468:	d0 40       	sbci	r29, 0x00	; 0
}
    246a:	c0 54       	subi	r28, 0x40	; 64
    246c:	df 4f       	sbci	r29, 0xFF	; 255
    246e:	0f b6       	in	r0, 0x3f	; 63
    2470:	f8 94       	cli
    2472:	de bf       	out	0x3e, r29	; 62
    2474:	0f be       	out	0x3f, r0	; 63
    2476:	cd bf       	out	0x3d, r28	; 61
    2478:	cf 91       	pop	r28
    247a:	df 91       	pop	r29
    247c:	1f 91       	pop	r17
    247e:	0f 91       	pop	r16
    2480:	08 95       	ret

00002482 <init_components>:

/* Initialize all hardware components */
void init_components() {
    2482:	df 93       	push	r29
    2484:	cf 93       	push	r28
    2486:	cd b7       	in	r28, 0x3d	; 61
    2488:	de b7       	in	r29, 0x3e	; 62
    // Stepper motor initialization
    STEPPER_DDR |= (1<<IN1)|(1<<IN2)|(1<<IN3)|(1<<IN4);
    248a:	a7 e3       	ldi	r26, 0x37	; 55
    248c:	b0 e0       	ldi	r27, 0x00	; 0
    248e:	e7 e3       	ldi	r30, 0x37	; 55
    2490:	f0 e0       	ldi	r31, 0x00	; 0
    2492:	80 81       	ld	r24, Z
    2494:	88 67       	ori	r24, 0x78	; 120
    2496:	8c 93       	st	X, r24
    STEPPER_PORT &= ~((1<<IN1)|(1<<IN2)|(1<<IN3)|(1<<IN4));
    2498:	a8 e3       	ldi	r26, 0x38	; 56
    249a:	b0 e0       	ldi	r27, 0x00	; 0
    249c:	e8 e3       	ldi	r30, 0x38	; 56
    249e:	f0 e0       	ldi	r31, 0x00	; 0
    24a0:	80 81       	ld	r24, Z
    24a2:	87 78       	andi	r24, 0x87	; 135
    24a4:	8c 93       	st	X, r24

    // DHT11 sensor initialization
    DHT11_DDR |= (1<<DHT11_PIN);
    24a6:	a1 e3       	ldi	r26, 0x31	; 49
    24a8:	b0 e0       	ldi	r27, 0x00	; 0
    24aa:	e1 e3       	ldi	r30, 0x31	; 49
    24ac:	f0 e0       	ldi	r31, 0x00	; 0
    24ae:	80 81       	ld	r24, Z
    24b0:	84 60       	ori	r24, 0x04	; 4
    24b2:	8c 93       	st	X, r24
    DHT11_PORT |= (1<<DHT11_PIN);
    24b4:	a2 e3       	ldi	r26, 0x32	; 50
    24b6:	b0 e0       	ldi	r27, 0x00	; 0
    24b8:	e2 e3       	ldi	r30, 0x32	; 50
    24ba:	f0 e0       	ldi	r31, 0x00	; 0
    24bc:	80 81       	ld	r24, Z
    24be:	84 60       	ori	r24, 0x04	; 4
    24c0:	8c 93       	st	X, r24

    // Servo and buzzer setup
    DDRB |= (1<<SERVO_PIN)|(1<<BUZZER_PIN);
    24c2:	a7 e3       	ldi	r26, 0x37	; 55
    24c4:	b0 e0       	ldi	r27, 0x00	; 0
    24c6:	e7 e3       	ldi	r30, 0x37	; 55
    24c8:	f0 e0       	ldi	r31, 0x00	; 0
    24ca:	80 81       	ld	r24, Z
    24cc:	83 60       	ori	r24, 0x03	; 3
    24ce:	8c 93       	st	X, r24
    // Configure Timer1 for servo control (50Hz PWM)
    TCCR1A = (1<<COM1A1)|(1<<WGM11);
    24d0:	ef e4       	ldi	r30, 0x4F	; 79
    24d2:	f0 e0       	ldi	r31, 0x00	; 0
    24d4:	82 e8       	ldi	r24, 0x82	; 130
    24d6:	80 83       	st	Z, r24
    TCCR1B = (1<<WGM13)|(1<<WGM12)|(1<<CS11);
    24d8:	ee e4       	ldi	r30, 0x4E	; 78
    24da:	f0 e0       	ldi	r31, 0x00	; 0
    24dc:	8a e1       	ldi	r24, 0x1A	; 26
    24de:	80 83       	st	Z, r24
    ICR1 = 19999;    // 50Hz frequency (20ms period)
    24e0:	e6 e4       	ldi	r30, 0x46	; 70
    24e2:	f0 e0       	ldi	r31, 0x00	; 0
    24e4:	8f e1       	ldi	r24, 0x1F	; 31
    24e6:	9e e4       	ldi	r25, 0x4E	; 78
    24e8:	91 83       	std	Z+1, r25	; 0x01
    24ea:	80 83       	st	Z, r24
    OCR1A = 1500;    // Neutral position (90°)
    24ec:	ea e4       	ldi	r30, 0x4A	; 74
    24ee:	f0 e0       	ldi	r31, 0x00	; 0
    24f0:	8c ed       	ldi	r24, 0xDC	; 220
    24f2:	95 e0       	ldi	r25, 0x05	; 5
    24f4:	91 83       	std	Z+1, r25	; 0x01
    24f6:	80 83       	st	Z, r24

    // Ground floor components initialization
    DDRC |= (1<<FAN_PIN1)|(1<<FAN_PIN2)|(1<<FAN_ENABLE);
    24f8:	a4 e3       	ldi	r26, 0x34	; 52
    24fa:	b0 e0       	ldi	r27, 0x00	; 0
    24fc:	e4 e3       	ldi	r30, 0x34	; 52
    24fe:	f0 e0       	ldi	r31, 0x00	; 0
    2500:	80 81       	ld	r24, Z
    2502:	87 60       	ori	r24, 0x07	; 7
    2504:	8c 93       	st	X, r24
    DDRD |= (1<<LED_RED)|(1<<LED_GREEN)|(1<<LED_BLUE); // RGB LEDs on PORTD
    2506:	a1 e3       	ldi	r26, 0x31	; 49
    2508:	b0 e0       	ldi	r27, 0x00	; 0
    250a:	e1 e3       	ldi	r30, 0x31	; 49
    250c:	f0 e0       	ldi	r31, 0x00	; 0
    250e:	80 81       	ld	r24, Z
    2510:	88 63       	ori	r24, 0x38	; 56
    2512:	8c 93       	st	X, r24
    DDRC |= (1<<FLOOR_LED)|(1<<FIRST_FLOOR_LED);
    2514:	a4 e3       	ldi	r26, 0x34	; 52
    2516:	b0 e0       	ldi	r27, 0x00	; 0
    2518:	e4 e3       	ldi	r30, 0x34	; 52
    251a:	f0 e0       	ldi	r31, 0x00	; 0
    251c:	80 81       	ld	r24, Z
    251e:	80 6c       	ori	r24, 0xC0	; 192
    2520:	8c 93       	st	X, r24

    // First floor components initialization
    DDRA |= (1<<FIRST_FAN_PIN1)|(1<<FIRST_FAN_PIN2)|(1<<FIRST_FAN_ENABLE);
    2522:	aa e3       	ldi	r26, 0x3A	; 58
    2524:	b0 e0       	ldi	r27, 0x00	; 0
    2526:	ea e3       	ldi	r30, 0x3A	; 58
    2528:	f0 e0       	ldi	r31, 0x00	; 0
    252a:	80 81       	ld	r24, Z
    252c:	8c 61       	ori	r24, 0x1C	; 28
    252e:	8c 93       	st	X, r24
    DDRA |= (1<<FIRST_LED_RED)|(1<<FIRST_LED_GREEN)|(1<<FIRST_LED_BLUE);
    2530:	aa e3       	ldi	r26, 0x3A	; 58
    2532:	b0 e0       	ldi	r27, 0x00	; 0
    2534:	ea e3       	ldi	r30, 0x3A	; 58
    2536:	f0 e0       	ldi	r31, 0x00	; 0
    2538:	80 81       	ld	r24, Z
    253a:	80 6e       	ori	r24, 0xE0	; 224
    253c:	8c 93       	st	X, r24

    // Initial state
    current_floor = GROUND_FLOOR;
    253e:	10 92 70 01 	sts	0x0170, r1
    PORTC |= (1<<FLOOR_LED);       // Ground floor LED on
    2542:	a5 e3       	ldi	r26, 0x35	; 53
    2544:	b0 e0       	ldi	r27, 0x00	; 0
    2546:	e5 e3       	ldi	r30, 0x35	; 53
    2548:	f0 e0       	ldi	r31, 0x00	; 0
    254a:	80 81       	ld	r24, Z
    254c:	80 64       	ori	r24, 0x40	; 64
    254e:	8c 93       	st	X, r24
    PORTC &= ~(1<<FIRST_FLOOR_LED); // First floor LED off
    2550:	a5 e3       	ldi	r26, 0x35	; 53
    2552:	b0 e0       	ldi	r27, 0x00	; 0
    2554:	e5 e3       	ldi	r30, 0x35	; 53
    2556:	f0 e0       	ldi	r31, 0x00	; 0
    2558:	80 81       	ld	r24, Z
    255a:	8f 77       	andi	r24, 0x7F	; 127
    255c:	8c 93       	st	X, r24
    buzzer_beep(200);              // Startup confirmation beep
    255e:	88 ec       	ldi	r24, 0xC8	; 200
    2560:	90 e0       	ldi	r25, 0x00	; 0
    2562:	0e 94 2c 08 	call	0x1058	; 0x1058 <buzzer_beep>
}
    2566:	cf 91       	pop	r28
    2568:	df 91       	pop	r29
    256a:	08 95       	ret

0000256c <set_servo_position>:

/* Servo control with position limits */
void set_servo_position(uint16_t pos) {
    256c:	df 93       	push	r29
    256e:	cf 93       	push	r28
    2570:	cd b7       	in	r28, 0x3d	; 61
    2572:	de b7       	in	r29, 0x3e	; 62
    2574:	60 97       	sbiw	r28, 0x10	; 16
    2576:	0f b6       	in	r0, 0x3f	; 63
    2578:	f8 94       	cli
    257a:	de bf       	out	0x3e, r29	; 62
    257c:	0f be       	out	0x3f, r0	; 63
    257e:	cd bf       	out	0x3d, r28	; 61
    2580:	98 8b       	std	Y+16, r25	; 0x10
    2582:	8f 87       	std	Y+15, r24	; 0x0f
    if(pos < 1000) pos = 1000;  // Minimum pulse width (0°)
    2584:	8f 85       	ldd	r24, Y+15	; 0x0f
    2586:	98 89       	ldd	r25, Y+16	; 0x10
    2588:	23 e0       	ldi	r18, 0x03	; 3
    258a:	88 3e       	cpi	r24, 0xE8	; 232
    258c:	92 07       	cpc	r25, r18
    258e:	20 f4       	brcc	.+8      	; 0x2598 <set_servo_position+0x2c>
    2590:	88 ee       	ldi	r24, 0xE8	; 232
    2592:	93 e0       	ldi	r25, 0x03	; 3
    2594:	98 8b       	std	Y+16, r25	; 0x10
    2596:	8f 87       	std	Y+15, r24	; 0x0f
    if(pos > 2000) pos = 2000;  // Maximum pulse width (180°)
    2598:	8f 85       	ldd	r24, Y+15	; 0x0f
    259a:	98 89       	ldd	r25, Y+16	; 0x10
    259c:	27 e0       	ldi	r18, 0x07	; 7
    259e:	81 3d       	cpi	r24, 0xD1	; 209
    25a0:	92 07       	cpc	r25, r18
    25a2:	20 f0       	brcs	.+8      	; 0x25ac <set_servo_position+0x40>
    25a4:	80 ed       	ldi	r24, 0xD0	; 208
    25a6:	97 e0       	ldi	r25, 0x07	; 7
    25a8:	98 8b       	std	Y+16, r25	; 0x10
    25aa:	8f 87       	std	Y+15, r24	; 0x0f
    OCR1A = pos;
    25ac:	ea e4       	ldi	r30, 0x4A	; 74
    25ae:	f0 e0       	ldi	r31, 0x00	; 0
    25b0:	8f 85       	ldd	r24, Y+15	; 0x0f
    25b2:	98 89       	ldd	r25, Y+16	; 0x10
    25b4:	91 83       	std	Z+1, r25	; 0x01
    25b6:	80 83       	st	Z, r24
    25b8:	80 e0       	ldi	r24, 0x00	; 0
    25ba:	90 e0       	ldi	r25, 0x00	; 0
    25bc:	a0 e7       	ldi	r26, 0x70	; 112
    25be:	b1 e4       	ldi	r27, 0x41	; 65
    25c0:	8b 87       	std	Y+11, r24	; 0x0b
    25c2:	9c 87       	std	Y+12, r25	; 0x0c
    25c4:	ad 87       	std	Y+13, r26	; 0x0d
    25c6:	be 87       	std	Y+14, r27	; 0x0e
 */
void
_delay_ms(double __ms)
{
	uint16_t __ticks;
	double __tmp = ((F_CPU) / 4e3) * __ms;
    25c8:	6b 85       	ldd	r22, Y+11	; 0x0b
    25ca:	7c 85       	ldd	r23, Y+12	; 0x0c
    25cc:	8d 85       	ldd	r24, Y+13	; 0x0d
    25ce:	9e 85       	ldd	r25, Y+14	; 0x0e
    25d0:	20 e0       	ldi	r18, 0x00	; 0
    25d2:	30 e0       	ldi	r19, 0x00	; 0
    25d4:	4a ef       	ldi	r20, 0xFA	; 250
    25d6:	54 e4       	ldi	r21, 0x44	; 68
    25d8:	0e 94 1f 02 	call	0x43e	; 0x43e <__mulsf3>
    25dc:	dc 01       	movw	r26, r24
    25de:	cb 01       	movw	r24, r22
    25e0:	8f 83       	std	Y+7, r24	; 0x07
    25e2:	98 87       	std	Y+8, r25	; 0x08
    25e4:	a9 87       	std	Y+9, r26	; 0x09
    25e6:	ba 87       	std	Y+10, r27	; 0x0a
	if (__tmp < 1.0)
    25e8:	6f 81       	ldd	r22, Y+7	; 0x07
    25ea:	78 85       	ldd	r23, Y+8	; 0x08
    25ec:	89 85       	ldd	r24, Y+9	; 0x09
    25ee:	9a 85       	ldd	r25, Y+10	; 0x0a
    25f0:	20 e0       	ldi	r18, 0x00	; 0
    25f2:	30 e0       	ldi	r19, 0x00	; 0
    25f4:	40 e8       	ldi	r20, 0x80	; 128
    25f6:	5f e3       	ldi	r21, 0x3F	; 63
    25f8:	0e 94 25 04 	call	0x84a	; 0x84a <__ltsf2>
    25fc:	88 23       	and	r24, r24
    25fe:	2c f4       	brge	.+10     	; 0x260a <set_servo_position+0x9e>
		__ticks = 1;
    2600:	81 e0       	ldi	r24, 0x01	; 1
    2602:	90 e0       	ldi	r25, 0x00	; 0
    2604:	9e 83       	std	Y+6, r25	; 0x06
    2606:	8d 83       	std	Y+5, r24	; 0x05
    2608:	3f c0       	rjmp	.+126    	; 0x2688 <set_servo_position+0x11c>
	else if (__tmp > 65535)
    260a:	6f 81       	ldd	r22, Y+7	; 0x07
    260c:	78 85       	ldd	r23, Y+8	; 0x08
    260e:	89 85       	ldd	r24, Y+9	; 0x09
    2610:	9a 85       	ldd	r25, Y+10	; 0x0a
    2612:	20 e0       	ldi	r18, 0x00	; 0
    2614:	3f ef       	ldi	r19, 0xFF	; 255
    2616:	4f e7       	ldi	r20, 0x7F	; 127
    2618:	57 e4       	ldi	r21, 0x47	; 71
    261a:	0e 94 c5 03 	call	0x78a	; 0x78a <__gtsf2>
    261e:	18 16       	cp	r1, r24
    2620:	4c f5       	brge	.+82     	; 0x2674 <set_servo_position+0x108>
	{
		//	__ticks = requested delay in 1/10 ms
		__ticks = (uint16_t) (__ms * 10.0);
    2622:	6b 85       	ldd	r22, Y+11	; 0x0b
    2624:	7c 85       	ldd	r23, Y+12	; 0x0c
    2626:	8d 85       	ldd	r24, Y+13	; 0x0d
    2628:	9e 85       	ldd	r25, Y+14	; 0x0e
    262a:	20 e0       	ldi	r18, 0x00	; 0
    262c:	30 e0       	ldi	r19, 0x00	; 0
    262e:	40 e2       	ldi	r20, 0x20	; 32
    2630:	51 e4       	ldi	r21, 0x41	; 65
    2632:	0e 94 1f 02 	call	0x43e	; 0x43e <__mulsf3>
    2636:	dc 01       	movw	r26, r24
    2638:	cb 01       	movw	r24, r22
    263a:	bc 01       	movw	r22, r24
    263c:	cd 01       	movw	r24, r26
    263e:	0e 94 49 00 	call	0x92	; 0x92 <__fixunssfsi>
    2642:	dc 01       	movw	r26, r24
    2644:	cb 01       	movw	r24, r22
    2646:	9e 83       	std	Y+6, r25	; 0x06
    2648:	8d 83       	std	Y+5, r24	; 0x05
    264a:	0f c0       	rjmp	.+30     	; 0x266a <set_servo_position+0xfe>
    264c:	88 ec       	ldi	r24, 0xC8	; 200
    264e:	90 e0       	ldi	r25, 0x00	; 0
    2650:	9c 83       	std	Y+4, r25	; 0x04
    2652:	8b 83       	std	Y+3, r24	; 0x03
    milliseconds can be achieved.
 */
void
_delay_loop_2(uint16_t __count)
{
	__asm__ volatile (
    2654:	8b 81       	ldd	r24, Y+3	; 0x03
    2656:	9c 81       	ldd	r25, Y+4	; 0x04
    2658:	01 97       	sbiw	r24, 0x01	; 1
    265a:	f1 f7       	brne	.-4      	; 0x2658 <set_servo_position+0xec>
    265c:	9c 83       	std	Y+4, r25	; 0x04
    265e:	8b 83       	std	Y+3, r24	; 0x03
		while(__ticks)
		{
			// wait 1/10 ms
			_delay_loop_2(((F_CPU) / 4e3) / 10);
			__ticks --;
    2660:	8d 81       	ldd	r24, Y+5	; 0x05
    2662:	9e 81       	ldd	r25, Y+6	; 0x06
    2664:	01 97       	sbiw	r24, 0x01	; 1
    2666:	9e 83       	std	Y+6, r25	; 0x06
    2668:	8d 83       	std	Y+5, r24	; 0x05
		__ticks = 1;
	else if (__tmp > 65535)
	{
		//	__ticks = requested delay in 1/10 ms
		__ticks = (uint16_t) (__ms * 10.0);
		while(__ticks)
    266a:	8d 81       	ldd	r24, Y+5	; 0x05
    266c:	9e 81       	ldd	r25, Y+6	; 0x06
    266e:	00 97       	sbiw	r24, 0x00	; 0
    2670:	69 f7       	brne	.-38     	; 0x264c <set_servo_position+0xe0>
    2672:	14 c0       	rjmp	.+40     	; 0x269c <set_servo_position+0x130>
			__ticks --;
		}
		return;
	}
	else
		__ticks = (uint16_t)__tmp;
    2674:	6f 81       	ldd	r22, Y+7	; 0x07
    2676:	78 85       	ldd	r23, Y+8	; 0x08
    2678:	89 85       	ldd	r24, Y+9	; 0x09
    267a:	9a 85       	ldd	r25, Y+10	; 0x0a
    267c:	0e 94 49 00 	call	0x92	; 0x92 <__fixunssfsi>
    2680:	dc 01       	movw	r26, r24
    2682:	cb 01       	movw	r24, r22
    2684:	9e 83       	std	Y+6, r25	; 0x06
    2686:	8d 83       	std	Y+5, r24	; 0x05
    2688:	8d 81       	ldd	r24, Y+5	; 0x05
    268a:	9e 81       	ldd	r25, Y+6	; 0x06
    268c:	9a 83       	std	Y+2, r25	; 0x02
    268e:	89 83       	std	Y+1, r24	; 0x01
    2690:	89 81       	ldd	r24, Y+1	; 0x01
    2692:	9a 81       	ldd	r25, Y+2	; 0x02
    2694:	01 97       	sbiw	r24, 0x01	; 1
    2696:	f1 f7       	brne	.-4      	; 0x2694 <set_servo_position+0x128>
    2698:	9a 83       	std	Y+2, r25	; 0x02
    269a:	89 83       	std	Y+1, r24	; 0x01
    _delay_ms(15);  // Allow time for movement
    buzzer_beep(50); // Audible feedback
    269c:	82 e3       	ldi	r24, 0x32	; 50
    269e:	90 e0       	ldi	r25, 0x00	; 0
    26a0:	0e 94 2c 08 	call	0x1058	; 0x1058 <buzzer_beep>
}
    26a4:	60 96       	adiw	r28, 0x10	; 16
    26a6:	0f b6       	in	r0, 0x3f	; 63
    26a8:	f8 94       	cli
    26aa:	de bf       	out	0x3e, r29	; 62
    26ac:	0f be       	out	0x3f, r0	; 63
    26ae:	cd bf       	out	0x3d, r28	; 61
    26b0:	cf 91       	pop	r28
    26b2:	df 91       	pop	r29
    26b4:	08 95       	ret

000026b6 <set_fan_speed>:

/* Fan speed control for both floors */
void set_fan_speed(uint8_t floor, uint8_t speed) {
    26b6:	df 93       	push	r29
    26b8:	cf 93       	push	r28
    26ba:	00 d0       	rcall	.+0      	; 0x26bc <set_fan_speed+0x6>
    26bc:	00 d0       	rcall	.+0      	; 0x26be <set_fan_speed+0x8>
    26be:	00 d0       	rcall	.+0      	; 0x26c0 <set_fan_speed+0xa>
    26c0:	cd b7       	in	r28, 0x3d	; 61
    26c2:	de b7       	in	r29, 0x3e	; 62
    26c4:	89 83       	std	Y+1, r24	; 0x01
    26c6:	6a 83       	std	Y+2, r22	; 0x02
    if(floor == GROUND_FLOOR) {
    26c8:	89 81       	ldd	r24, Y+1	; 0x01
    26ca:	88 23       	and	r24, r24
    26cc:	39 f5       	brne	.+78     	; 0x271c <set_fan_speed+0x66>
        PORTC &= ~((1<<FAN_PIN1)|(1<<FAN_PIN2)|(1<<FAN_ENABLE));
    26ce:	a5 e3       	ldi	r26, 0x35	; 53
    26d0:	b0 e0       	ldi	r27, 0x00	; 0
    26d2:	e5 e3       	ldi	r30, 0x35	; 53
    26d4:	f0 e0       	ldi	r31, 0x00	; 0
    26d6:	80 81       	ld	r24, Z
    26d8:	88 7f       	andi	r24, 0xF8	; 248
    26da:	8c 93       	st	X, r24

        switch(speed) {
    26dc:	8a 81       	ldd	r24, Y+2	; 0x02
    26de:	28 2f       	mov	r18, r24
    26e0:	30 e0       	ldi	r19, 0x00	; 0
    26e2:	3e 83       	std	Y+6, r19	; 0x06
    26e4:	2d 83       	std	Y+5, r18	; 0x05
    26e6:	8d 81       	ldd	r24, Y+5	; 0x05
    26e8:	9e 81       	ldd	r25, Y+6	; 0x06
    26ea:	81 33       	cpi	r24, 0x31	; 49
    26ec:	91 05       	cpc	r25, r1
    26ee:	31 f0       	breq	.+12     	; 0x26fc <set_fan_speed+0x46>
    26f0:	2d 81       	ldd	r18, Y+5	; 0x05
    26f2:	3e 81       	ldd	r19, Y+6	; 0x06
    26f4:	22 33       	cpi	r18, 0x32	; 50
    26f6:	31 05       	cpc	r19, r1
    26f8:	49 f0       	breq	.+18     	; 0x270c <set_fan_speed+0x56>
    26fa:	36 c0       	rjmp	.+108    	; 0x2768 <set_fan_speed+0xb2>
            case '1': // Low speed
                PORTC |= (1<<FAN_PIN1)|(1<<FAN_ENABLE);
    26fc:	a5 e3       	ldi	r26, 0x35	; 53
    26fe:	b0 e0       	ldi	r27, 0x00	; 0
    2700:	e5 e3       	ldi	r30, 0x35	; 53
    2702:	f0 e0       	ldi	r31, 0x00	; 0
    2704:	80 81       	ld	r24, Z
    2706:	85 60       	ori	r24, 0x05	; 5
    2708:	8c 93       	st	X, r24
    270a:	2e c0       	rjmp	.+92     	; 0x2768 <set_fan_speed+0xb2>
                break;
            case '2': // High speed
                PORTC |= (1<<FAN_PIN2)|(1<<FAN_ENABLE);
    270c:	a5 e3       	ldi	r26, 0x35	; 53
    270e:	b0 e0       	ldi	r27, 0x00	; 0
    2710:	e5 e3       	ldi	r30, 0x35	; 53
    2712:	f0 e0       	ldi	r31, 0x00	; 0
    2714:	80 81       	ld	r24, Z
    2716:	86 60       	ori	r24, 0x06	; 6
    2718:	8c 93       	st	X, r24
    271a:	26 c0       	rjmp	.+76     	; 0x2768 <set_fan_speed+0xb2>
                break;
            default: // Off
                break;
        }
    } else {
        PORTA &= ~((1<<FIRST_FAN_PIN1)|(1<<FIRST_FAN_PIN2)|(1<<FIRST_FAN_ENABLE));
    271c:	ab e3       	ldi	r26, 0x3B	; 59
    271e:	b0 e0       	ldi	r27, 0x00	; 0
    2720:	eb e3       	ldi	r30, 0x3B	; 59
    2722:	f0 e0       	ldi	r31, 0x00	; 0
    2724:	80 81       	ld	r24, Z
    2726:	83 7e       	andi	r24, 0xE3	; 227
    2728:	8c 93       	st	X, r24

        switch(speed) {
    272a:	8a 81       	ldd	r24, Y+2	; 0x02
    272c:	28 2f       	mov	r18, r24
    272e:	30 e0       	ldi	r19, 0x00	; 0
    2730:	3c 83       	std	Y+4, r19	; 0x04
    2732:	2b 83       	std	Y+3, r18	; 0x03
    2734:	8b 81       	ldd	r24, Y+3	; 0x03
    2736:	9c 81       	ldd	r25, Y+4	; 0x04
    2738:	81 33       	cpi	r24, 0x31	; 49
    273a:	91 05       	cpc	r25, r1
    273c:	31 f0       	breq	.+12     	; 0x274a <set_fan_speed+0x94>
    273e:	2b 81       	ldd	r18, Y+3	; 0x03
    2740:	3c 81       	ldd	r19, Y+4	; 0x04
    2742:	22 33       	cpi	r18, 0x32	; 50
    2744:	31 05       	cpc	r19, r1
    2746:	49 f0       	breq	.+18     	; 0x275a <set_fan_speed+0xa4>
    2748:	0f c0       	rjmp	.+30     	; 0x2768 <set_fan_speed+0xb2>
            case '1': // Low speed
                PORTA |= (1<<FIRST_FAN_PIN1)|(1<<FIRST_FAN_ENABLE);
    274a:	ab e3       	ldi	r26, 0x3B	; 59
    274c:	b0 e0       	ldi	r27, 0x00	; 0
    274e:	eb e3       	ldi	r30, 0x3B	; 59
    2750:	f0 e0       	ldi	r31, 0x00	; 0
    2752:	80 81       	ld	r24, Z
    2754:	84 61       	ori	r24, 0x14	; 20
    2756:	8c 93       	st	X, r24
    2758:	07 c0       	rjmp	.+14     	; 0x2768 <set_fan_speed+0xb2>
                break;
            case '2': // High speed
                PORTA |= (1<<FIRST_FAN_PIN2)|(1<<FIRST_FAN_ENABLE);
    275a:	ab e3       	ldi	r26, 0x3B	; 59
    275c:	b0 e0       	ldi	r27, 0x00	; 0
    275e:	eb e3       	ldi	r30, 0x3B	; 59
    2760:	f0 e0       	ldi	r31, 0x00	; 0
    2762:	80 81       	ld	r24, Z
    2764:	88 61       	ori	r24, 0x18	; 24
    2766:	8c 93       	st	X, r24
                break;
            default: // Off
                break;
        }
    }
    buzzer_beep(100); // Operation feedback
    2768:	84 e6       	ldi	r24, 0x64	; 100
    276a:	90 e0       	ldi	r25, 0x00	; 0
    276c:	0e 94 2c 08 	call	0x1058	; 0x1058 <buzzer_beep>
}
    2770:	26 96       	adiw	r28, 0x06	; 6
    2772:	0f b6       	in	r0, 0x3f	; 63
    2774:	f8 94       	cli
    2776:	de bf       	out	0x3e, r29	; 62
    2778:	0f be       	out	0x3f, r0	; 63
    277a:	cd bf       	out	0x3d, r28	; 61
    277c:	cf 91       	pop	r28
    277e:	df 91       	pop	r29
    2780:	08 95       	ret

00002782 <set_led_color>:

/* LED color control for both floors - fixed ground floor LED flickering */
void set_led_color(uint8_t floor, char color) {
    2782:	df 93       	push	r29
    2784:	cf 93       	push	r28
    2786:	cd b7       	in	r28, 0x3d	; 61
    2788:	de b7       	in	r29, 0x3e	; 62
    278a:	27 97       	sbiw	r28, 0x07	; 7
    278c:	0f b6       	in	r0, 0x3f	; 63
    278e:	f8 94       	cli
    2790:	de bf       	out	0x3e, r29	; 62
    2792:	0f be       	out	0x3f, r0	; 63
    2794:	cd bf       	out	0x3d, r28	; 61
    2796:	8a 83       	std	Y+2, r24	; 0x02
    2798:	6b 83       	std	Y+3, r22	; 0x03
    if(floor == GROUND_FLOOR) {
    279a:	8a 81       	ldd	r24, Y+2	; 0x02
    279c:	88 23       	and	r24, r24
    279e:	c9 f5       	brne	.+114    	; 0x2812 <set_led_color+0x90>
        // Atomic operation to prevent flickering
        uint8_t current = PORTD & ~((1<<LED_RED)|(1<<LED_GREEN)|(1<<LED_BLUE));
    27a0:	e2 e3       	ldi	r30, 0x32	; 50
    27a2:	f0 e0       	ldi	r31, 0x00	; 0
    27a4:	80 81       	ld	r24, Z
    27a6:	87 7c       	andi	r24, 0xC7	; 199
    27a8:	89 83       	std	Y+1, r24	; 0x01

        switch(color) {
    27aa:	8b 81       	ldd	r24, Y+3	; 0x03
    27ac:	28 2f       	mov	r18, r24
    27ae:	30 e0       	ldi	r19, 0x00	; 0
    27b0:	3f 83       	std	Y+7, r19	; 0x07
    27b2:	2e 83       	std	Y+6, r18	; 0x06
    27b4:	8e 81       	ldd	r24, Y+6	; 0x06
    27b6:	9f 81       	ldd	r25, Y+7	; 0x07
    27b8:	87 34       	cpi	r24, 0x47	; 71
    27ba:	91 05       	cpc	r25, r1
    27bc:	d1 f0       	breq	.+52     	; 0x27f2 <set_led_color+0x70>
    27be:	2e 81       	ldd	r18, Y+6	; 0x06
    27c0:	3f 81       	ldd	r19, Y+7	; 0x07
    27c2:	28 34       	cpi	r18, 0x48	; 72
    27c4:	31 05       	cpc	r19, r1
    27c6:	34 f4       	brge	.+12     	; 0x27d4 <set_led_color+0x52>
    27c8:	8e 81       	ldd	r24, Y+6	; 0x06
    27ca:	9f 81       	ldd	r25, Y+7	; 0x07
    27cc:	82 34       	cpi	r24, 0x42	; 66
    27ce:	91 05       	cpc	r25, r1
    27d0:	a1 f0       	breq	.+40     	; 0x27fa <set_led_color+0x78>
    27d2:	1a c0       	rjmp	.+52     	; 0x2808 <set_led_color+0x86>
    27d4:	2e 81       	ldd	r18, Y+6	; 0x06
    27d6:	3f 81       	ldd	r19, Y+7	; 0x07
    27d8:	22 35       	cpi	r18, 0x52	; 82
    27da:	31 05       	cpc	r19, r1
    27dc:	31 f0       	breq	.+12     	; 0x27ea <set_led_color+0x68>
    27de:	8e 81       	ldd	r24, Y+6	; 0x06
    27e0:	9f 81       	ldd	r25, Y+7	; 0x07
    27e2:	87 35       	cpi	r24, 0x57	; 87
    27e4:	91 05       	cpc	r25, r1
    27e6:	69 f0       	breq	.+26     	; 0x2802 <set_led_color+0x80>
    27e8:	0f c0       	rjmp	.+30     	; 0x2808 <set_led_color+0x86>
            case 'R': current |= (1<<LED_RED); break;
    27ea:	89 81       	ldd	r24, Y+1	; 0x01
    27ec:	88 60       	ori	r24, 0x08	; 8
    27ee:	89 83       	std	Y+1, r24	; 0x01
    27f0:	0b c0       	rjmp	.+22     	; 0x2808 <set_led_color+0x86>
            case 'G': current |= (1<<LED_GREEN); break;
    27f2:	89 81       	ldd	r24, Y+1	; 0x01
    27f4:	80 61       	ori	r24, 0x10	; 16
    27f6:	89 83       	std	Y+1, r24	; 0x01
    27f8:	07 c0       	rjmp	.+14     	; 0x2808 <set_led_color+0x86>
            case 'B': current |= (1<<LED_BLUE); break;
    27fa:	89 81       	ldd	r24, Y+1	; 0x01
    27fc:	80 62       	ori	r24, 0x20	; 32
    27fe:	89 83       	std	Y+1, r24	; 0x01
    2800:	03 c0       	rjmp	.+6      	; 0x2808 <set_led_color+0x86>
            case 'W': current |= (1<<LED_RED)|(1<<LED_GREEN)|(1<<LED_BLUE); break;
    2802:	89 81       	ldd	r24, Y+1	; 0x01
    2804:	88 63       	ori	r24, 0x38	; 56
    2806:	89 83       	std	Y+1, r24	; 0x01
            default: break; // Off
        }
        PORTD = current; // Single write to PORTD
    2808:	e2 e3       	ldi	r30, 0x32	; 50
    280a:	f0 e0       	ldi	r31, 0x00	; 0
    280c:	89 81       	ldd	r24, Y+1	; 0x01
    280e:	80 83       	st	Z, r24
    2810:	46 c0       	rjmp	.+140    	; 0x289e <set_led_color+0x11c>
    } else {
        PORTA &= ~((1<<FIRST_LED_RED)|(1<<FIRST_LED_GREEN)|(1<<FIRST_LED_BLUE));
    2812:	ab e3       	ldi	r26, 0x3B	; 59
    2814:	b0 e0       	ldi	r27, 0x00	; 0
    2816:	eb e3       	ldi	r30, 0x3B	; 59
    2818:	f0 e0       	ldi	r31, 0x00	; 0
    281a:	80 81       	ld	r24, Z
    281c:	8f 71       	andi	r24, 0x1F	; 31
    281e:	8c 93       	st	X, r24

        switch(color) {
    2820:	8b 81       	ldd	r24, Y+3	; 0x03
    2822:	28 2f       	mov	r18, r24
    2824:	30 e0       	ldi	r19, 0x00	; 0
    2826:	3d 83       	std	Y+5, r19	; 0x05
    2828:	2c 83       	std	Y+4, r18	; 0x04
    282a:	8c 81       	ldd	r24, Y+4	; 0x04
    282c:	9d 81       	ldd	r25, Y+5	; 0x05
    282e:	87 34       	cpi	r24, 0x47	; 71
    2830:	91 05       	cpc	r25, r1
    2832:	f1 f0       	breq	.+60     	; 0x2870 <set_led_color+0xee>
    2834:	2c 81       	ldd	r18, Y+4	; 0x04
    2836:	3d 81       	ldd	r19, Y+5	; 0x05
    2838:	28 34       	cpi	r18, 0x48	; 72
    283a:	31 05       	cpc	r19, r1
    283c:	34 f4       	brge	.+12     	; 0x284a <set_led_color+0xc8>
    283e:	8c 81       	ldd	r24, Y+4	; 0x04
    2840:	9d 81       	ldd	r25, Y+5	; 0x05
    2842:	82 34       	cpi	r24, 0x42	; 66
    2844:	91 05       	cpc	r25, r1
    2846:	e1 f0       	breq	.+56     	; 0x2880 <set_led_color+0xfe>
    2848:	2a c0       	rjmp	.+84     	; 0x289e <set_led_color+0x11c>
    284a:	2c 81       	ldd	r18, Y+4	; 0x04
    284c:	3d 81       	ldd	r19, Y+5	; 0x05
    284e:	22 35       	cpi	r18, 0x52	; 82
    2850:	31 05       	cpc	r19, r1
    2852:	31 f0       	breq	.+12     	; 0x2860 <set_led_color+0xde>
    2854:	8c 81       	ldd	r24, Y+4	; 0x04
    2856:	9d 81       	ldd	r25, Y+5	; 0x05
    2858:	87 35       	cpi	r24, 0x57	; 87
    285a:	91 05       	cpc	r25, r1
    285c:	c9 f0       	breq	.+50     	; 0x2890 <set_led_color+0x10e>
    285e:	1f c0       	rjmp	.+62     	; 0x289e <set_led_color+0x11c>
            case 'R': PORTA |= (1<<FIRST_LED_RED); break;
    2860:	ab e3       	ldi	r26, 0x3B	; 59
    2862:	b0 e0       	ldi	r27, 0x00	; 0
    2864:	eb e3       	ldi	r30, 0x3B	; 59
    2866:	f0 e0       	ldi	r31, 0x00	; 0
    2868:	80 81       	ld	r24, Z
    286a:	80 62       	ori	r24, 0x20	; 32
    286c:	8c 93       	st	X, r24
    286e:	17 c0       	rjmp	.+46     	; 0x289e <set_led_color+0x11c>
            case 'G': PORTA |= (1<<FIRST_LED_GREEN); break;
    2870:	ab e3       	ldi	r26, 0x3B	; 59
    2872:	b0 e0       	ldi	r27, 0x00	; 0
    2874:	eb e3       	ldi	r30, 0x3B	; 59
    2876:	f0 e0       	ldi	r31, 0x00	; 0
    2878:	80 81       	ld	r24, Z
    287a:	80 64       	ori	r24, 0x40	; 64
    287c:	8c 93       	st	X, r24
    287e:	0f c0       	rjmp	.+30     	; 0x289e <set_led_color+0x11c>
            case 'B': PORTA |= (1<<FIRST_LED_BLUE); break;
    2880:	ab e3       	ldi	r26, 0x3B	; 59
    2882:	b0 e0       	ldi	r27, 0x00	; 0
    2884:	eb e3       	ldi	r30, 0x3B	; 59
    2886:	f0 e0       	ldi	r31, 0x00	; 0
    2888:	80 81       	ld	r24, Z
    288a:	80 68       	ori	r24, 0x80	; 128
    288c:	8c 93       	st	X, r24
    288e:	07 c0       	rjmp	.+14     	; 0x289e <set_led_color+0x11c>
            case 'W': PORTA |= (1<<FIRST_LED_RED)|(1<<FIRST_LED_GREEN)|(1<<FIRST_LED_BLUE); break;
    2890:	ab e3       	ldi	r26, 0x3B	; 59
    2892:	b0 e0       	ldi	r27, 0x00	; 0
    2894:	eb e3       	ldi	r30, 0x3B	; 59
    2896:	f0 e0       	ldi	r31, 0x00	; 0
    2898:	80 81       	ld	r24, Z
    289a:	80 6e       	ori	r24, 0xE0	; 224
    289c:	8c 93       	st	X, r24
            default: break; // Off
        }
    }
    buzzer_beep(50); // Operation feedback
    289e:	82 e3       	ldi	r24, 0x32	; 50
    28a0:	90 e0       	ldi	r25, 0x00	; 0
    28a2:	0e 94 2c 08 	call	0x1058	; 0x1058 <buzzer_beep>
}
    28a6:	27 96       	adiw	r28, 0x07	; 7
    28a8:	0f b6       	in	r0, 0x3f	; 63
    28aa:	f8 94       	cli
    28ac:	de bf       	out	0x3e, r29	; 62
    28ae:	0f be       	out	0x3f, r0	; 63
    28b0:	cd bf       	out	0x3d, r28	; 61
    28b2:	cf 91       	pop	r28
    28b4:	df 91       	pop	r29
    28b6:	08 95       	ret

000028b8 <move_stepper>:
    (1<<IN4),
    (1<<IN4)|(1<<IN1)
};

/* Move stepper motor one step */
void move_stepper(uint8_t dir) {
    28b8:	df 93       	push	r29
    28ba:	cf 93       	push	r28
    28bc:	cd b7       	in	r28, 0x3d	; 61
    28be:	de b7       	in	r29, 0x3e	; 62
    28c0:	60 97       	sbiw	r28, 0x10	; 16
    28c2:	0f b6       	in	r0, 0x3f	; 63
    28c4:	f8 94       	cli
    28c6:	de bf       	out	0x3e, r29	; 62
    28c8:	0f be       	out	0x3f, r0	; 63
    28ca:	cd bf       	out	0x3d, r28	; 61
    28cc:	8f 87       	std	Y+15, r24	; 0x0f
    static uint8_t step = 0;

    if(dir) step = (step + 1) % 8; // Clockwise
    28ce:	8f 85       	ldd	r24, Y+15	; 0x0f
    28d0:	88 23       	and	r24, r24
    28d2:	69 f0       	breq	.+26     	; 0x28ee <move_stepper+0x36>
    28d4:	80 91 76 01 	lds	r24, 0x0176
    28d8:	88 2f       	mov	r24, r24
    28da:	90 e0       	ldi	r25, 0x00	; 0
    28dc:	01 96       	adiw	r24, 0x01	; 1
    28de:	28 e0       	ldi	r18, 0x08	; 8
    28e0:	30 e0       	ldi	r19, 0x00	; 0
    28e2:	b9 01       	movw	r22, r18
    28e4:	0e 94 5b 18 	call	0x30b6	; 0x30b6 <__divmodhi4>
    28e8:	80 93 76 01 	sts	0x0176, r24
    28ec:	0f c0       	rjmp	.+30     	; 0x290c <move_stepper+0x54>
    else step = (step == 0) ? 7 : step - 1; // Counter-clockwise
    28ee:	80 91 76 01 	lds	r24, 0x0176
    28f2:	88 23       	and	r24, r24
    28f4:	31 f0       	breq	.+12     	; 0x2902 <move_stepper+0x4a>
    28f6:	80 91 76 01 	lds	r24, 0x0176
    28fa:	98 2f       	mov	r25, r24
    28fc:	91 50       	subi	r25, 0x01	; 1
    28fe:	98 8b       	std	Y+16, r25	; 0x10
    2900:	02 c0       	rjmp	.+4      	; 0x2906 <move_stepper+0x4e>
    2902:	87 e0       	ldi	r24, 0x07	; 7
    2904:	88 8b       	std	Y+16, r24	; 0x10
    2906:	98 89       	ldd	r25, Y+16	; 0x10
    2908:	90 93 76 01 	sts	0x0176, r25

    STEPPER_PORT = (STEPPER_PORT & ~((1<<IN1)|(1<<IN2)|(1<<IN3)|(1<<IN4))) | stepper_seq[step];
    290c:	a8 e3       	ldi	r26, 0x38	; 56
    290e:	b0 e0       	ldi	r27, 0x00	; 0
    2910:	e8 e3       	ldi	r30, 0x38	; 56
    2912:	f0 e0       	ldi	r31, 0x00	; 0
    2914:	80 81       	ld	r24, Z
    2916:	28 2f       	mov	r18, r24
    2918:	27 78       	andi	r18, 0x87	; 135
    291a:	80 91 76 01 	lds	r24, 0x0176
    291e:	88 2f       	mov	r24, r24
    2920:	90 e0       	ldi	r25, 0x00	; 0
    2922:	fc 01       	movw	r30, r24
    2924:	e8 59       	subi	r30, 0x98	; 152
    2926:	fe 4f       	sbci	r31, 0xFE	; 254
    2928:	80 81       	ld	r24, Z
    292a:	82 2b       	or	r24, r18
    292c:	8c 93       	st	X, r24
    292e:	80 e0       	ldi	r24, 0x00	; 0
    2930:	90 e0       	ldi	r25, 0x00	; 0
    2932:	a0 ea       	ldi	r26, 0xA0	; 160
    2934:	b0 e4       	ldi	r27, 0x40	; 64
    2936:	8b 87       	std	Y+11, r24	; 0x0b
    2938:	9c 87       	std	Y+12, r25	; 0x0c
    293a:	ad 87       	std	Y+13, r26	; 0x0d
    293c:	be 87       	std	Y+14, r27	; 0x0e
 */
void
_delay_ms(double __ms)
{
	uint16_t __ticks;
	double __tmp = ((F_CPU) / 4e3) * __ms;
    293e:	6b 85       	ldd	r22, Y+11	; 0x0b
    2940:	7c 85       	ldd	r23, Y+12	; 0x0c
    2942:	8d 85       	ldd	r24, Y+13	; 0x0d
    2944:	9e 85       	ldd	r25, Y+14	; 0x0e
    2946:	20 e0       	ldi	r18, 0x00	; 0
    2948:	30 e0       	ldi	r19, 0x00	; 0
    294a:	4a ef       	ldi	r20, 0xFA	; 250
    294c:	54 e4       	ldi	r21, 0x44	; 68
    294e:	0e 94 1f 02 	call	0x43e	; 0x43e <__mulsf3>
    2952:	dc 01       	movw	r26, r24
    2954:	cb 01       	movw	r24, r22
    2956:	8f 83       	std	Y+7, r24	; 0x07
    2958:	98 87       	std	Y+8, r25	; 0x08
    295a:	a9 87       	std	Y+9, r26	; 0x09
    295c:	ba 87       	std	Y+10, r27	; 0x0a
	if (__tmp < 1.0)
    295e:	6f 81       	ldd	r22, Y+7	; 0x07
    2960:	78 85       	ldd	r23, Y+8	; 0x08
    2962:	89 85       	ldd	r24, Y+9	; 0x09
    2964:	9a 85       	ldd	r25, Y+10	; 0x0a
    2966:	20 e0       	ldi	r18, 0x00	; 0
    2968:	30 e0       	ldi	r19, 0x00	; 0
    296a:	40 e8       	ldi	r20, 0x80	; 128
    296c:	5f e3       	ldi	r21, 0x3F	; 63
    296e:	0e 94 25 04 	call	0x84a	; 0x84a <__ltsf2>
    2972:	88 23       	and	r24, r24
    2974:	2c f4       	brge	.+10     	; 0x2980 <move_stepper+0xc8>
		__ticks = 1;
    2976:	81 e0       	ldi	r24, 0x01	; 1
    2978:	90 e0       	ldi	r25, 0x00	; 0
    297a:	9e 83       	std	Y+6, r25	; 0x06
    297c:	8d 83       	std	Y+5, r24	; 0x05
    297e:	3f c0       	rjmp	.+126    	; 0x29fe <move_stepper+0x146>
	else if (__tmp > 65535)
    2980:	6f 81       	ldd	r22, Y+7	; 0x07
    2982:	78 85       	ldd	r23, Y+8	; 0x08
    2984:	89 85       	ldd	r24, Y+9	; 0x09
    2986:	9a 85       	ldd	r25, Y+10	; 0x0a
    2988:	20 e0       	ldi	r18, 0x00	; 0
    298a:	3f ef       	ldi	r19, 0xFF	; 255
    298c:	4f e7       	ldi	r20, 0x7F	; 127
    298e:	57 e4       	ldi	r21, 0x47	; 71
    2990:	0e 94 c5 03 	call	0x78a	; 0x78a <__gtsf2>
    2994:	18 16       	cp	r1, r24
    2996:	4c f5       	brge	.+82     	; 0x29ea <move_stepper+0x132>
	{
		//	__ticks = requested delay in 1/10 ms
		__ticks = (uint16_t) (__ms * 10.0);
    2998:	6b 85       	ldd	r22, Y+11	; 0x0b
    299a:	7c 85       	ldd	r23, Y+12	; 0x0c
    299c:	8d 85       	ldd	r24, Y+13	; 0x0d
    299e:	9e 85       	ldd	r25, Y+14	; 0x0e
    29a0:	20 e0       	ldi	r18, 0x00	; 0
    29a2:	30 e0       	ldi	r19, 0x00	; 0
    29a4:	40 e2       	ldi	r20, 0x20	; 32
    29a6:	51 e4       	ldi	r21, 0x41	; 65
    29a8:	0e 94 1f 02 	call	0x43e	; 0x43e <__mulsf3>
    29ac:	dc 01       	movw	r26, r24
    29ae:	cb 01       	movw	r24, r22
    29b0:	bc 01       	movw	r22, r24
    29b2:	cd 01       	movw	r24, r26
    29b4:	0e 94 49 00 	call	0x92	; 0x92 <__fixunssfsi>
    29b8:	dc 01       	movw	r26, r24
    29ba:	cb 01       	movw	r24, r22
    29bc:	9e 83       	std	Y+6, r25	; 0x06
    29be:	8d 83       	std	Y+5, r24	; 0x05
    29c0:	0f c0       	rjmp	.+30     	; 0x29e0 <move_stepper+0x128>
    29c2:	88 ec       	ldi	r24, 0xC8	; 200
    29c4:	90 e0       	ldi	r25, 0x00	; 0
    29c6:	9c 83       	std	Y+4, r25	; 0x04
    29c8:	8b 83       	std	Y+3, r24	; 0x03
    29ca:	8b 81       	ldd	r24, Y+3	; 0x03
    29cc:	9c 81       	ldd	r25, Y+4	; 0x04
    29ce:	01 97       	sbiw	r24, 0x01	; 1
    29d0:	f1 f7       	brne	.-4      	; 0x29ce <move_stepper+0x116>
    29d2:	9c 83       	std	Y+4, r25	; 0x04
    29d4:	8b 83       	std	Y+3, r24	; 0x03
		while(__ticks)
		{
			// wait 1/10 ms
			_delay_loop_2(((F_CPU) / 4e3) / 10);
			__ticks --;
    29d6:	8d 81       	ldd	r24, Y+5	; 0x05
    29d8:	9e 81       	ldd	r25, Y+6	; 0x06
    29da:	01 97       	sbiw	r24, 0x01	; 1
    29dc:	9e 83       	std	Y+6, r25	; 0x06
    29de:	8d 83       	std	Y+5, r24	; 0x05
		__ticks = 1;
	else if (__tmp > 65535)
	{
		//	__ticks = requested delay in 1/10 ms
		__ticks = (uint16_t) (__ms * 10.0);
		while(__ticks)
    29e0:	8d 81       	ldd	r24, Y+5	; 0x05
    29e2:	9e 81       	ldd	r25, Y+6	; 0x06
    29e4:	00 97       	sbiw	r24, 0x00	; 0
    29e6:	69 f7       	brne	.-38     	; 0x29c2 <move_stepper+0x10a>
    29e8:	14 c0       	rjmp	.+40     	; 0x2a12 <move_stepper+0x15a>
			__ticks --;
		}
		return;
	}
	else
		__ticks = (uint16_t)__tmp;
    29ea:	6f 81       	ldd	r22, Y+7	; 0x07
    29ec:	78 85       	ldd	r23, Y+8	; 0x08
    29ee:	89 85       	ldd	r24, Y+9	; 0x09
    29f0:	9a 85       	ldd	r25, Y+10	; 0x0a
    29f2:	0e 94 49 00 	call	0x92	; 0x92 <__fixunssfsi>
    29f6:	dc 01       	movw	r26, r24
    29f8:	cb 01       	movw	r24, r22
    29fa:	9e 83       	std	Y+6, r25	; 0x06
    29fc:	8d 83       	std	Y+5, r24	; 0x05
    29fe:	8d 81       	ldd	r24, Y+5	; 0x05
    2a00:	9e 81       	ldd	r25, Y+6	; 0x06
    2a02:	9a 83       	std	Y+2, r25	; 0x02
    2a04:	89 83       	std	Y+1, r24	; 0x01
    2a06:	89 81       	ldd	r24, Y+1	; 0x01
    2a08:	9a 81       	ldd	r25, Y+2	; 0x02
    2a0a:	01 97       	sbiw	r24, 0x01	; 1
    2a0c:	f1 f7       	brne	.-4      	; 0x2a0a <move_stepper+0x152>
    2a0e:	9a 83       	std	Y+2, r25	; 0x02
    2a10:	89 83       	std	Y+1, r24	; 0x01
    _delay_ms(5); // Adjust for desired motor speed
}
    2a12:	60 96       	adiw	r28, 0x10	; 16
    2a14:	0f b6       	in	r0, 0x3f	; 63
    2a16:	f8 94       	cli
    2a18:	de bf       	out	0x3e, r29	; 62
    2a1a:	0f be       	out	0x3f, r0	; 63
    2a1c:	cd bf       	out	0x3d, r28	; 61
    2a1e:	cf 91       	pop	r28
    2a20:	df 91       	pop	r29
    2a22:	08 95       	ret

00002a24 <move_to_floor>:

/* Move elevator to target floor */
void move_to_floor(uint8_t target) {
    2a24:	df 93       	push	r29
    2a26:	cf 93       	push	r28
    2a28:	cd b7       	in	r28, 0x3d	; 61
    2a2a:	de b7       	in	r29, 0x3e	; 62
    2a2c:	63 97       	sbiw	r28, 0x13	; 19
    2a2e:	0f b6       	in	r0, 0x3f	; 63
    2a30:	f8 94       	cli
    2a32:	de bf       	out	0x3e, r29	; 62
    2a34:	0f be       	out	0x3f, r0	; 63
    2a36:	cd bf       	out	0x3d, r28	; 61
    2a38:	8a 8b       	std	Y+18, r24	; 0x12
    if(current_floor == target) return;
    2a3a:	90 91 70 01 	lds	r25, 0x0170
    2a3e:	8a 89       	ldd	r24, Y+18	; 0x12
    2a40:	98 17       	cp	r25, r24
    2a42:	09 f4       	brne	.+2      	; 0x2a46 <move_to_floor+0x22>
    2a44:	bc c0       	rjmp	.+376    	; 0x2bbe <move_to_floor+0x19a>

    // Visual and audible movement start indication
    PORTC &= ~((1<<FLOOR_LED)|(1<<FIRST_FLOOR_LED));
    2a46:	a5 e3       	ldi	r26, 0x35	; 53
    2a48:	b0 e0       	ldi	r27, 0x00	; 0
    2a4a:	e5 e3       	ldi	r30, 0x35	; 53
    2a4c:	f0 e0       	ldi	r31, 0x00	; 0
    2a4e:	80 81       	ld	r24, Z
    2a50:	8f 73       	andi	r24, 0x3F	; 63
    2a52:	8c 93       	st	X, r24
    buzzer_beep(300);
    2a54:	8c e2       	ldi	r24, 0x2C	; 44
    2a56:	91 e0       	ldi	r25, 0x01	; 1
    2a58:	0e 94 2c 08 	call	0x1058	; 0x1058 <buzzer_beep>

    uint16_t steps = STEPS_PER_FLOOR;
    2a5c:	80 e0       	ldi	r24, 0x00	; 0
    2a5e:	92 e0       	ldi	r25, 0x02	; 2
    2a60:	99 8b       	std	Y+17, r25	; 0x11
    2a62:	88 8b       	std	Y+16, r24	; 0x10
    uint8_t direction = (target == FIRST_FLOOR) ? 1 : 0;
    2a64:	1f 86       	std	Y+15, r1	; 0x0f
    2a66:	8a 89       	ldd	r24, Y+18	; 0x12
    2a68:	81 30       	cpi	r24, 0x01	; 1
    2a6a:	09 f0       	breq	.+2      	; 0x2a6e <move_to_floor+0x4a>
    2a6c:	78 c0       	rjmp	.+240    	; 0x2b5e <move_to_floor+0x13a>
    2a6e:	81 e0       	ldi	r24, 0x01	; 1
    2a70:	8f 87       	std	Y+15, r24	; 0x0f
    2a72:	75 c0       	rjmp	.+234    	; 0x2b5e <move_to_floor+0x13a>

    while(steps--) {
        move_stepper(direction);
    2a74:	8f 85       	ldd	r24, Y+15	; 0x0f
    2a76:	0e 94 5c 14 	call	0x28b8	; 0x28b8 <move_stepper>
    2a7a:	80 e0       	ldi	r24, 0x00	; 0
    2a7c:	90 e0       	ldi	r25, 0x00	; 0
    2a7e:	a0 e2       	ldi	r26, 0x20	; 32
    2a80:	b1 e4       	ldi	r27, 0x41	; 65
    2a82:	8b 87       	std	Y+11, r24	; 0x0b
    2a84:	9c 87       	std	Y+12, r25	; 0x0c
    2a86:	ad 87       	std	Y+13, r26	; 0x0d
    2a88:	be 87       	std	Y+14, r27	; 0x0e
 */
void
_delay_ms(double __ms)
{
	uint16_t __ticks;
	double __tmp = ((F_CPU) / 4e3) * __ms;
    2a8a:	6b 85       	ldd	r22, Y+11	; 0x0b
    2a8c:	7c 85       	ldd	r23, Y+12	; 0x0c
    2a8e:	8d 85       	ldd	r24, Y+13	; 0x0d
    2a90:	9e 85       	ldd	r25, Y+14	; 0x0e
    2a92:	20 e0       	ldi	r18, 0x00	; 0
    2a94:	30 e0       	ldi	r19, 0x00	; 0
    2a96:	4a ef       	ldi	r20, 0xFA	; 250
    2a98:	54 e4       	ldi	r21, 0x44	; 68
    2a9a:	0e 94 1f 02 	call	0x43e	; 0x43e <__mulsf3>
    2a9e:	dc 01       	movw	r26, r24
    2aa0:	cb 01       	movw	r24, r22
    2aa2:	8f 83       	std	Y+7, r24	; 0x07
    2aa4:	98 87       	std	Y+8, r25	; 0x08
    2aa6:	a9 87       	std	Y+9, r26	; 0x09
    2aa8:	ba 87       	std	Y+10, r27	; 0x0a
	if (__tmp < 1.0)
    2aaa:	6f 81       	ldd	r22, Y+7	; 0x07
    2aac:	78 85       	ldd	r23, Y+8	; 0x08
    2aae:	89 85       	ldd	r24, Y+9	; 0x09
    2ab0:	9a 85       	ldd	r25, Y+10	; 0x0a
    2ab2:	20 e0       	ldi	r18, 0x00	; 0
    2ab4:	30 e0       	ldi	r19, 0x00	; 0
    2ab6:	40 e8       	ldi	r20, 0x80	; 128
    2ab8:	5f e3       	ldi	r21, 0x3F	; 63
    2aba:	0e 94 25 04 	call	0x84a	; 0x84a <__ltsf2>
    2abe:	88 23       	and	r24, r24
    2ac0:	2c f4       	brge	.+10     	; 0x2acc <move_to_floor+0xa8>
		__ticks = 1;
    2ac2:	81 e0       	ldi	r24, 0x01	; 1
    2ac4:	90 e0       	ldi	r25, 0x00	; 0
    2ac6:	9e 83       	std	Y+6, r25	; 0x06
    2ac8:	8d 83       	std	Y+5, r24	; 0x05
    2aca:	3f c0       	rjmp	.+126    	; 0x2b4a <move_to_floor+0x126>
	else if (__tmp > 65535)
    2acc:	6f 81       	ldd	r22, Y+7	; 0x07
    2ace:	78 85       	ldd	r23, Y+8	; 0x08
    2ad0:	89 85       	ldd	r24, Y+9	; 0x09
    2ad2:	9a 85       	ldd	r25, Y+10	; 0x0a
    2ad4:	20 e0       	ldi	r18, 0x00	; 0
    2ad6:	3f ef       	ldi	r19, 0xFF	; 255
    2ad8:	4f e7       	ldi	r20, 0x7F	; 127
    2ada:	57 e4       	ldi	r21, 0x47	; 71
    2adc:	0e 94 c5 03 	call	0x78a	; 0x78a <__gtsf2>
    2ae0:	18 16       	cp	r1, r24
    2ae2:	4c f5       	brge	.+82     	; 0x2b36 <move_to_floor+0x112>
	{
		//	__ticks = requested delay in 1/10 ms
		__ticks = (uint16_t) (__ms * 10.0);
    2ae4:	6b 85       	ldd	r22, Y+11	; 0x0b
    2ae6:	7c 85       	ldd	r23, Y+12	; 0x0c
    2ae8:	8d 85       	ldd	r24, Y+13	; 0x0d
    2aea:	9e 85       	ldd	r25, Y+14	; 0x0e
    2aec:	20 e0       	ldi	r18, 0x00	; 0
    2aee:	30 e0       	ldi	r19, 0x00	; 0
    2af0:	40 e2       	ldi	r20, 0x20	; 32
    2af2:	51 e4       	ldi	r21, 0x41	; 65
    2af4:	0e 94 1f 02 	call	0x43e	; 0x43e <__mulsf3>
    2af8:	dc 01       	movw	r26, r24
    2afa:	cb 01       	movw	r24, r22
    2afc:	bc 01       	movw	r22, r24
    2afe:	cd 01       	movw	r24, r26
    2b00:	0e 94 49 00 	call	0x92	; 0x92 <__fixunssfsi>
    2b04:	dc 01       	movw	r26, r24
    2b06:	cb 01       	movw	r24, r22
    2b08:	9e 83       	std	Y+6, r25	; 0x06
    2b0a:	8d 83       	std	Y+5, r24	; 0x05
    2b0c:	0f c0       	rjmp	.+30     	; 0x2b2c <move_to_floor+0x108>
    2b0e:	88 ec       	ldi	r24, 0xC8	; 200
    2b10:	90 e0       	ldi	r25, 0x00	; 0
    2b12:	9c 83       	std	Y+4, r25	; 0x04
    2b14:	8b 83       	std	Y+3, r24	; 0x03
    2b16:	8b 81       	ldd	r24, Y+3	; 0x03
    2b18:	9c 81       	ldd	r25, Y+4	; 0x04
    2b1a:	01 97       	sbiw	r24, 0x01	; 1
    2b1c:	f1 f7       	brne	.-4      	; 0x2b1a <move_to_floor+0xf6>
    2b1e:	9c 83       	std	Y+4, r25	; 0x04
    2b20:	8b 83       	std	Y+3, r24	; 0x03
		while(__ticks)
		{
			// wait 1/10 ms
			_delay_loop_2(((F_CPU) / 4e3) / 10);
			__ticks --;
    2b22:	8d 81       	ldd	r24, Y+5	; 0x05
    2b24:	9e 81       	ldd	r25, Y+6	; 0x06
    2b26:	01 97       	sbiw	r24, 0x01	; 1
    2b28:	9e 83       	std	Y+6, r25	; 0x06
    2b2a:	8d 83       	std	Y+5, r24	; 0x05
		__ticks = 1;
	else if (__tmp > 65535)
	{
		//	__ticks = requested delay in 1/10 ms
		__ticks = (uint16_t) (__ms * 10.0);
		while(__ticks)
    2b2c:	8d 81       	ldd	r24, Y+5	; 0x05
    2b2e:	9e 81       	ldd	r25, Y+6	; 0x06
    2b30:	00 97       	sbiw	r24, 0x00	; 0
    2b32:	69 f7       	brne	.-38     	; 0x2b0e <move_to_floor+0xea>
    2b34:	14 c0       	rjmp	.+40     	; 0x2b5e <move_to_floor+0x13a>
			__ticks --;
		}
		return;
	}
	else
		__ticks = (uint16_t)__tmp;
    2b36:	6f 81       	ldd	r22, Y+7	; 0x07
    2b38:	78 85       	ldd	r23, Y+8	; 0x08
    2b3a:	89 85       	ldd	r24, Y+9	; 0x09
    2b3c:	9a 85       	ldd	r25, Y+10	; 0x0a
    2b3e:	0e 94 49 00 	call	0x92	; 0x92 <__fixunssfsi>
    2b42:	dc 01       	movw	r26, r24
    2b44:	cb 01       	movw	r24, r22
    2b46:	9e 83       	std	Y+6, r25	; 0x06
    2b48:	8d 83       	std	Y+5, r24	; 0x05
    2b4a:	8d 81       	ldd	r24, Y+5	; 0x05
    2b4c:	9e 81       	ldd	r25, Y+6	; 0x06
    2b4e:	9a 83       	std	Y+2, r25	; 0x02
    2b50:	89 83       	std	Y+1, r24	; 0x01
    2b52:	89 81       	ldd	r24, Y+1	; 0x01
    2b54:	9a 81       	ldd	r25, Y+2	; 0x02
    2b56:	01 97       	sbiw	r24, 0x01	; 1
    2b58:	f1 f7       	brne	.-4      	; 0x2b56 <move_to_floor+0x132>
    2b5a:	9a 83       	std	Y+2, r25	; 0x02
    2b5c:	89 83       	std	Y+1, r24	; 0x01
    buzzer_beep(300);

    uint16_t steps = STEPS_PER_FLOOR;
    uint8_t direction = (target == FIRST_FLOOR) ? 1 : 0;

    while(steps--) {
    2b5e:	1b 8a       	std	Y+19, r1	; 0x13
    2b60:	88 89       	ldd	r24, Y+16	; 0x10
    2b62:	99 89       	ldd	r25, Y+17	; 0x11
    2b64:	00 97       	sbiw	r24, 0x00	; 0
    2b66:	11 f0       	breq	.+4      	; 0x2b6c <move_to_floor+0x148>
    2b68:	81 e0       	ldi	r24, 0x01	; 1
    2b6a:	8b 8b       	std	Y+19, r24	; 0x13
    2b6c:	88 89       	ldd	r24, Y+16	; 0x10
    2b6e:	99 89       	ldd	r25, Y+17	; 0x11
    2b70:	01 97       	sbiw	r24, 0x01	; 1
    2b72:	99 8b       	std	Y+17, r25	; 0x11
    2b74:	88 8b       	std	Y+16, r24	; 0x10
    2b76:	8b 89       	ldd	r24, Y+19	; 0x13
    2b78:	88 23       	and	r24, r24
    2b7a:	09 f0       	breq	.+2      	; 0x2b7e <move_to_floor+0x15a>
    2b7c:	7b cf       	rjmp	.-266    	; 0x2a74 <move_to_floor+0x50>
        move_stepper(direction);
        _delay_ms(10); // Adjust for desired elevator speed
    }

    // Update floor and indicators
    current_floor = target;
    2b7e:	8a 89       	ldd	r24, Y+18	; 0x12
    2b80:	80 93 70 01 	sts	0x0170, r24
    if(target == FIRST_FLOOR) {
    2b84:	8a 89       	ldd	r24, Y+18	; 0x12
    2b86:	81 30       	cpi	r24, 0x01	; 1
    2b88:	41 f4       	brne	.+16     	; 0x2b9a <move_to_floor+0x176>
        PORTC |= (1<<FIRST_FLOOR_LED);
    2b8a:	a5 e3       	ldi	r26, 0x35	; 53
    2b8c:	b0 e0       	ldi	r27, 0x00	; 0
    2b8e:	e5 e3       	ldi	r30, 0x35	; 53
    2b90:	f0 e0       	ldi	r31, 0x00	; 0
    2b92:	80 81       	ld	r24, Z
    2b94:	80 68       	ori	r24, 0x80	; 128
    2b96:	8c 93       	st	X, r24
    2b98:	07 c0       	rjmp	.+14     	; 0x2ba8 <move_to_floor+0x184>
    } else {
        PORTC |= (1<<FLOOR_LED);
    2b9a:	a5 e3       	ldi	r26, 0x35	; 53
    2b9c:	b0 e0       	ldi	r27, 0x00	; 0
    2b9e:	e5 e3       	ldi	r30, 0x35	; 53
    2ba0:	f0 e0       	ldi	r31, 0x00	; 0
    2ba2:	80 81       	ld	r24, Z
    2ba4:	80 64       	ori	r24, 0x40	; 64
    2ba6:	8c 93       	st	X, r24
    }

    // Turn off motor coils to save power
    STEPPER_PORT &= ~((1<<IN1)|(1<<IN2)|(1<<IN3)|(1<<IN4));
    2ba8:	a8 e3       	ldi	r26, 0x38	; 56
    2baa:	b0 e0       	ldi	r27, 0x00	; 0
    2bac:	e8 e3       	ldi	r30, 0x38	; 56
    2bae:	f0 e0       	ldi	r31, 0x00	; 0
    2bb0:	80 81       	ld	r24, Z
    2bb2:	87 78       	andi	r24, 0x87	; 135
    2bb4:	8c 93       	st	X, r24
    buzzer_beep(200); // Movement complete
    2bb6:	88 ec       	ldi	r24, 0xC8	; 200
    2bb8:	90 e0       	ldi	r25, 0x00	; 0
    2bba:	0e 94 2c 08 	call	0x1058	; 0x1058 <buzzer_beep>
}
    2bbe:	63 96       	adiw	r28, 0x13	; 19
    2bc0:	0f b6       	in	r0, 0x3f	; 63
    2bc2:	f8 94       	cli
    2bc4:	de bf       	out	0x3e, r29	; 62
    2bc6:	0f be       	out	0x3f, r0	; 63
    2bc8:	cd bf       	out	0x3d, r28	; 61
    2bca:	cf 91       	pop	r28
    2bcc:	df 91       	pop	r29
    2bce:	08 95       	ret

00002bd0 <__vector_13>:

/* USART receive interrupt handler */
ISR(USART_RXC_vect) {
    2bd0:	1f 92       	push	r1
    2bd2:	0f 92       	push	r0
    2bd4:	0f b6       	in	r0, 0x3f	; 63
    2bd6:	0f 92       	push	r0
    2bd8:	11 24       	eor	r1, r1
    2bda:	2f 93       	push	r18
    2bdc:	3f 93       	push	r19
    2bde:	4f 93       	push	r20
    2be0:	5f 93       	push	r21
    2be2:	6f 93       	push	r22
    2be4:	7f 93       	push	r23
    2be6:	8f 93       	push	r24
    2be8:	9f 93       	push	r25
    2bea:	af 93       	push	r26
    2bec:	bf 93       	push	r27
    2bee:	ef 93       	push	r30
    2bf0:	ff 93       	push	r31
    2bf2:	df 93       	push	r29
    2bf4:	cf 93       	push	r28
    2bf6:	cd b7       	in	r28, 0x3d	; 61
    2bf8:	de b7       	in	r29, 0x3e	; 62
    2bfa:	6e 97       	sbiw	r28, 0x1e	; 30
    2bfc:	de bf       	out	0x3e, r29	; 62
    2bfe:	cd bf       	out	0x3d, r28	; 61
    command[byte_count++] = UDR;
    2c00:	30 91 75 01 	lds	r19, 0x0175
    2c04:	83 2f       	mov	r24, r19
    2c06:	90 e0       	ldi	r25, 0x00	; 0
    2c08:	ec e2       	ldi	r30, 0x2C	; 44
    2c0a:	f0 e0       	ldi	r31, 0x00	; 0
    2c0c:	20 81       	ld	r18, Z
    2c0e:	fc 01       	movw	r30, r24
    2c10:	e9 58       	subi	r30, 0x89	; 137
    2c12:	fe 4f       	sbci	r31, 0xFE	; 254
    2c14:	20 83       	st	Z, r18
    2c16:	83 2f       	mov	r24, r19
    2c18:	8f 5f       	subi	r24, 0xFF	; 255
    2c1a:	80 93 75 01 	sts	0x0175, r24

    if(byte_count == 3) { // Complete command received
    2c1e:	80 91 75 01 	lds	r24, 0x0175
    2c22:	83 30       	cpi	r24, 0x03	; 3
    2c24:	09 f0       	breq	.+2      	; 0x2c28 <__vector_13+0x58>
    2c26:	ae c1       	rjmp	.+860    	; 0x2f84 <__vector_13+0x3b4>
        switch(command[0]) {
    2c28:	80 91 77 01 	lds	r24, 0x0177
    2c2c:	28 2f       	mov	r18, r24
    2c2e:	30 e0       	ldi	r19, 0x00	; 0
    2c30:	3e 8f       	std	Y+30, r19	; 0x1e
    2c32:	2d 8f       	std	Y+29, r18	; 0x1d
    2c34:	8d 8d       	ldd	r24, Y+29	; 0x1d
    2c36:	9e 8d       	ldd	r25, Y+30	; 0x1e
    2c38:	86 34       	cpi	r24, 0x46	; 70
    2c3a:	91 05       	cpc	r25, r1
    2c3c:	09 f4       	brne	.+2      	; 0x2c40 <__vector_13+0x70>
    2c3e:	5f c0       	rjmp	.+190    	; 0x2cfe <__vector_13+0x12e>
    2c40:	2d 8d       	ldd	r18, Y+29	; 0x1d
    2c42:	3e 8d       	ldd	r19, Y+30	; 0x1e
    2c44:	27 34       	cpi	r18, 0x47	; 71
    2c46:	31 05       	cpc	r19, r1
    2c48:	64 f4       	brge	.+24     	; 0x2c62 <__vector_13+0x92>
    2c4a:	8d 8d       	ldd	r24, Y+29	; 0x1d
    2c4c:	9e 8d       	ldd	r25, Y+30	; 0x1e
    2c4e:	84 34       	cpi	r24, 0x44	; 68
    2c50:	91 05       	cpc	r25, r1
    2c52:	99 f0       	breq	.+38     	; 0x2c7a <__vector_13+0xaa>
    2c54:	2d 8d       	ldd	r18, Y+29	; 0x1d
    2c56:	3e 8d       	ldd	r19, Y+30	; 0x1e
    2c58:	25 34       	cpi	r18, 0x45	; 69
    2c5a:	31 05       	cpc	r19, r1
    2c5c:	09 f4       	brne	.+2      	; 0x2c60 <__vector_13+0x90>
    2c5e:	7e c0       	rjmp	.+252    	; 0x2d5c <__vector_13+0x18c>
    2c60:	8f c1       	rjmp	.+798    	; 0x2f80 <__vector_13+0x3b0>
    2c62:	8d 8d       	ldd	r24, Y+29	; 0x1d
    2c64:	9e 8d       	ldd	r25, Y+30	; 0x1e
    2c66:	87 34       	cpi	r24, 0x47	; 71
    2c68:	91 05       	cpc	r25, r1
    2c6a:	d1 f0       	breq	.+52     	; 0x2ca0 <__vector_13+0xd0>
    2c6c:	2d 8d       	ldd	r18, Y+29	; 0x1d
    2c6e:	3e 8d       	ldd	r19, Y+30	; 0x1e
    2c70:	23 35       	cpi	r18, 0x53	; 83
    2c72:	31 05       	cpc	r19, r1
    2c74:	09 f4       	brne	.+2      	; 0x2c78 <__vector_13+0xa8>
    2c76:	83 c0       	rjmp	.+262    	; 0x2d7e <__vector_13+0x1ae>
    2c78:	83 c1       	rjmp	.+774    	; 0x2f80 <__vector_13+0x3b0>
            case 'D': // Door control
                if(command[1] == 'O') set_servo_position(1500); // Open
    2c7a:	80 91 78 01 	lds	r24, 0x0178
    2c7e:	8f 34       	cpi	r24, 0x4F	; 79
    2c80:	29 f4       	brne	.+10     	; 0x2c8c <__vector_13+0xbc>
    2c82:	8c ed       	ldi	r24, 0xDC	; 220
    2c84:	95 e0       	ldi	r25, 0x05	; 5
    2c86:	0e 94 b6 12 	call	0x256c	; 0x256c <set_servo_position>
    2c8a:	7a c1       	rjmp	.+756    	; 0x2f80 <__vector_13+0x3b0>
                else if(command[1] == 'C') set_servo_position(1000); // Close
    2c8c:	80 91 78 01 	lds	r24, 0x0178
    2c90:	83 34       	cpi	r24, 0x43	; 67
    2c92:	09 f0       	breq	.+2      	; 0x2c96 <__vector_13+0xc6>
    2c94:	75 c1       	rjmp	.+746    	; 0x2f80 <__vector_13+0x3b0>
    2c96:	88 ee       	ldi	r24, 0xE8	; 232
    2c98:	93 e0       	ldi	r25, 0x03	; 3
    2c9a:	0e 94 b6 12 	call	0x256c	; 0x256c <set_servo_position>
    2c9e:	70 c1       	rjmp	.+736    	; 0x2f80 <__vector_13+0x3b0>
                break;

            case 'G': // Ground floor control
                if(command[1] == 'F') set_fan_speed(GROUND_FLOOR, command[2]);
    2ca0:	80 91 78 01 	lds	r24, 0x0178
    2ca4:	86 34       	cpi	r24, 0x46	; 70
    2ca6:	39 f4       	brne	.+14     	; 0x2cb6 <__vector_13+0xe6>
    2ca8:	90 91 79 01 	lds	r25, 0x0179
    2cac:	80 e0       	ldi	r24, 0x00	; 0
    2cae:	69 2f       	mov	r22, r25
    2cb0:	0e 94 5b 13 	call	0x26b6	; 0x26b6 <set_fan_speed>
    2cb4:	65 c1       	rjmp	.+714    	; 0x2f80 <__vector_13+0x3b0>
                else if(command[1] == 'L') set_led_color(GROUND_FLOOR, command[2]);
    2cb6:	80 91 78 01 	lds	r24, 0x0178
    2cba:	8c 34       	cpi	r24, 0x4C	; 76
    2cbc:	39 f4       	brne	.+14     	; 0x2ccc <__vector_13+0xfc>
    2cbe:	90 91 79 01 	lds	r25, 0x0179
    2cc2:	80 e0       	ldi	r24, 0x00	; 0
    2cc4:	69 2f       	mov	r22, r25
    2cc6:	0e 94 c1 13 	call	0x2782	; 0x2782 <set_led_color>
    2cca:	5a c1       	rjmp	.+692    	; 0x2f80 <__vector_13+0x3b0>
                else if(command[1] == 'I') { // Indicator
    2ccc:	80 91 78 01 	lds	r24, 0x0178
    2cd0:	89 34       	cpi	r24, 0x49	; 73
    2cd2:	09 f0       	breq	.+2      	; 0x2cd6 <__vector_13+0x106>
    2cd4:	55 c1       	rjmp	.+682    	; 0x2f80 <__vector_13+0x3b0>
                    PORTC &= ~((1<<FLOOR_LED)|(1<<FIRST_FLOOR_LED));
    2cd6:	a5 e3       	ldi	r26, 0x35	; 53
    2cd8:	b0 e0       	ldi	r27, 0x00	; 0
    2cda:	e5 e3       	ldi	r30, 0x35	; 53
    2cdc:	f0 e0       	ldi	r31, 0x00	; 0
    2cde:	80 81       	ld	r24, Z
    2ce0:	8f 73       	andi	r24, 0x3F	; 63
    2ce2:	8c 93       	st	X, r24
                    if(command[2] == '1') PORTC |= (1<<FLOOR_LED);
    2ce4:	80 91 79 01 	lds	r24, 0x0179
    2ce8:	81 33       	cpi	r24, 0x31	; 49
    2cea:	09 f0       	breq	.+2      	; 0x2cee <__vector_13+0x11e>
    2cec:	49 c1       	rjmp	.+658    	; 0x2f80 <__vector_13+0x3b0>
    2cee:	a5 e3       	ldi	r26, 0x35	; 53
    2cf0:	b0 e0       	ldi	r27, 0x00	; 0
    2cf2:	e5 e3       	ldi	r30, 0x35	; 53
    2cf4:	f0 e0       	ldi	r31, 0x00	; 0
    2cf6:	80 81       	ld	r24, Z
    2cf8:	80 64       	ori	r24, 0x40	; 64
    2cfa:	8c 93       	st	X, r24
    2cfc:	41 c1       	rjmp	.+642    	; 0x2f80 <__vector_13+0x3b0>
                }
                break;

            case 'F': // First floor control
                if(command[1] == 'F') set_fan_speed(FIRST_FLOOR, command[2]);
    2cfe:	80 91 78 01 	lds	r24, 0x0178
    2d02:	86 34       	cpi	r24, 0x46	; 70
    2d04:	39 f4       	brne	.+14     	; 0x2d14 <__vector_13+0x144>
    2d06:	90 91 79 01 	lds	r25, 0x0179
    2d0a:	81 e0       	ldi	r24, 0x01	; 1
    2d0c:	69 2f       	mov	r22, r25
    2d0e:	0e 94 5b 13 	call	0x26b6	; 0x26b6 <set_fan_speed>
    2d12:	36 c1       	rjmp	.+620    	; 0x2f80 <__vector_13+0x3b0>
                else if(command[1] == 'L') set_led_color(FIRST_FLOOR, command[2]);
    2d14:	80 91 78 01 	lds	r24, 0x0178
    2d18:	8c 34       	cpi	r24, 0x4C	; 76
    2d1a:	39 f4       	brne	.+14     	; 0x2d2a <__vector_13+0x15a>
    2d1c:	90 91 79 01 	lds	r25, 0x0179
    2d20:	81 e0       	ldi	r24, 0x01	; 1
    2d22:	69 2f       	mov	r22, r25
    2d24:	0e 94 c1 13 	call	0x2782	; 0x2782 <set_led_color>
    2d28:	2b c1       	rjmp	.+598    	; 0x2f80 <__vector_13+0x3b0>
                else if(command[1] == 'I') { // Indicator
    2d2a:	80 91 78 01 	lds	r24, 0x0178
    2d2e:	89 34       	cpi	r24, 0x49	; 73
    2d30:	09 f0       	breq	.+2      	; 0x2d34 <__vector_13+0x164>
    2d32:	26 c1       	rjmp	.+588    	; 0x2f80 <__vector_13+0x3b0>
                    PORTC &= ~((1<<FLOOR_LED)|(1<<FIRST_FLOOR_LED));
    2d34:	a5 e3       	ldi	r26, 0x35	; 53
    2d36:	b0 e0       	ldi	r27, 0x00	; 0
    2d38:	e5 e3       	ldi	r30, 0x35	; 53
    2d3a:	f0 e0       	ldi	r31, 0x00	; 0
    2d3c:	80 81       	ld	r24, Z
    2d3e:	8f 73       	andi	r24, 0x3F	; 63
    2d40:	8c 93       	st	X, r24
                    if(command[2] == '1') PORTC |= (1<<FIRST_FLOOR_LED);
    2d42:	80 91 79 01 	lds	r24, 0x0179
    2d46:	81 33       	cpi	r24, 0x31	; 49
    2d48:	09 f0       	breq	.+2      	; 0x2d4c <__vector_13+0x17c>
    2d4a:	1a c1       	rjmp	.+564    	; 0x2f80 <__vector_13+0x3b0>
    2d4c:	a5 e3       	ldi	r26, 0x35	; 53
    2d4e:	b0 e0       	ldi	r27, 0x00	; 0
    2d50:	e5 e3       	ldi	r30, 0x35	; 53
    2d52:	f0 e0       	ldi	r31, 0x00	; 0
    2d54:	80 81       	ld	r24, Z
    2d56:	80 68       	ori	r24, 0x80	; 128
    2d58:	8c 93       	st	X, r24
    2d5a:	12 c1       	rjmp	.+548    	; 0x2f80 <__vector_13+0x3b0>
                }
                break;

            case 'E': // Elevator control
                if(command[1] == 'U') move_to_floor(FIRST_FLOOR);
    2d5c:	80 91 78 01 	lds	r24, 0x0178
    2d60:	85 35       	cpi	r24, 0x55	; 85
    2d62:	21 f4       	brne	.+8      	; 0x2d6c <__vector_13+0x19c>
    2d64:	81 e0       	ldi	r24, 0x01	; 1
    2d66:	0e 94 12 15 	call	0x2a24	; 0x2a24 <move_to_floor>
    2d6a:	0a c1       	rjmp	.+532    	; 0x2f80 <__vector_13+0x3b0>
                else if(command[1] == 'D') move_to_floor(GROUND_FLOOR);
    2d6c:	80 91 78 01 	lds	r24, 0x0178
    2d70:	84 34       	cpi	r24, 0x44	; 68
    2d72:	09 f0       	breq	.+2      	; 0x2d76 <__vector_13+0x1a6>
    2d74:	05 c1       	rjmp	.+522    	; 0x2f80 <__vector_13+0x3b0>
    2d76:	80 e0       	ldi	r24, 0x00	; 0
    2d78:	0e 94 12 15 	call	0x2a24	; 0x2a24 <move_to_floor>
    2d7c:	01 c1       	rjmp	.+514    	; 0x2f80 <__vector_13+0x3b0>
                break;

            case 'S': // Sensor reading
                if(command[1] == 'R') {
    2d7e:	80 91 78 01 	lds	r24, 0x0178
    2d82:	82 35       	cpi	r24, 0x52	; 82
    2d84:	09 f0       	breq	.+2      	; 0x2d88 <__vector_13+0x1b8>
    2d86:	fc c0       	rjmp	.+504    	; 0x2f80 <__vector_13+0x3b0>
                    if(dht11_read()) {
    2d88:	0e 94 d2 08 	call	0x11a4	; 0x11a4 <dht11_read>
    2d8c:	88 23       	and	r24, r24
    2d8e:	09 f4       	brne	.+2      	; 0x2d92 <__vector_13+0x1c2>
    2d90:	7f c0       	rjmp	.+254    	; 0x2e90 <__vector_13+0x2c0>
                        USART_Transmit(temperature);
    2d92:	80 91 71 01 	lds	r24, 0x0171
    2d96:	90 91 72 01 	lds	r25, 0x0172
    2d9a:	0e 94 37 07 	call	0xe6e	; 0xe6e <USART_Transmit>
    2d9e:	80 e0       	ldi	r24, 0x00	; 0
    2da0:	90 e0       	ldi	r25, 0x00	; 0
    2da2:	a0 e2       	ldi	r26, 0x20	; 32
    2da4:	b1 e4       	ldi	r27, 0x41	; 65
    2da6:	89 8f       	std	Y+25, r24	; 0x19
    2da8:	9a 8f       	std	Y+26, r25	; 0x1a
    2daa:	ab 8f       	std	Y+27, r26	; 0x1b
    2dac:	bc 8f       	std	Y+28, r27	; 0x1c
 */
void
_delay_ms(double __ms)
{
	uint16_t __ticks;
	double __tmp = ((F_CPU) / 4e3) * __ms;
    2dae:	69 8d       	ldd	r22, Y+25	; 0x19
    2db0:	7a 8d       	ldd	r23, Y+26	; 0x1a
    2db2:	8b 8d       	ldd	r24, Y+27	; 0x1b
    2db4:	9c 8d       	ldd	r25, Y+28	; 0x1c
    2db6:	20 e0       	ldi	r18, 0x00	; 0
    2db8:	30 e0       	ldi	r19, 0x00	; 0
    2dba:	4a ef       	ldi	r20, 0xFA	; 250
    2dbc:	54 e4       	ldi	r21, 0x44	; 68
    2dbe:	0e 94 1f 02 	call	0x43e	; 0x43e <__mulsf3>
    2dc2:	dc 01       	movw	r26, r24
    2dc4:	cb 01       	movw	r24, r22
    2dc6:	8d 8b       	std	Y+21, r24	; 0x15
    2dc8:	9e 8b       	std	Y+22, r25	; 0x16
    2dca:	af 8b       	std	Y+23, r26	; 0x17
    2dcc:	b8 8f       	std	Y+24, r27	; 0x18
	if (__tmp < 1.0)
    2dce:	6d 89       	ldd	r22, Y+21	; 0x15
    2dd0:	7e 89       	ldd	r23, Y+22	; 0x16
    2dd2:	8f 89       	ldd	r24, Y+23	; 0x17
    2dd4:	98 8d       	ldd	r25, Y+24	; 0x18
    2dd6:	20 e0       	ldi	r18, 0x00	; 0
    2dd8:	30 e0       	ldi	r19, 0x00	; 0
    2dda:	40 e8       	ldi	r20, 0x80	; 128
    2ddc:	5f e3       	ldi	r21, 0x3F	; 63
    2dde:	0e 94 25 04 	call	0x84a	; 0x84a <__ltsf2>
    2de2:	88 23       	and	r24, r24
    2de4:	2c f4       	brge	.+10     	; 0x2df0 <__vector_13+0x220>
		__ticks = 1;
    2de6:	81 e0       	ldi	r24, 0x01	; 1
    2de8:	90 e0       	ldi	r25, 0x00	; 0
    2dea:	9c 8b       	std	Y+20, r25	; 0x14
    2dec:	8b 8b       	std	Y+19, r24	; 0x13
    2dee:	3f c0       	rjmp	.+126    	; 0x2e6e <__vector_13+0x29e>
	else if (__tmp > 65535)
    2df0:	6d 89       	ldd	r22, Y+21	; 0x15
    2df2:	7e 89       	ldd	r23, Y+22	; 0x16
    2df4:	8f 89       	ldd	r24, Y+23	; 0x17
    2df6:	98 8d       	ldd	r25, Y+24	; 0x18
    2df8:	20 e0       	ldi	r18, 0x00	; 0
    2dfa:	3f ef       	ldi	r19, 0xFF	; 255
    2dfc:	4f e7       	ldi	r20, 0x7F	; 127
    2dfe:	57 e4       	ldi	r21, 0x47	; 71
    2e00:	0e 94 c5 03 	call	0x78a	; 0x78a <__gtsf2>
    2e04:	18 16       	cp	r1, r24
    2e06:	4c f5       	brge	.+82     	; 0x2e5a <__vector_13+0x28a>
	{
		//	__ticks = requested delay in 1/10 ms
		__ticks = (uint16_t) (__ms * 10.0);
    2e08:	69 8d       	ldd	r22, Y+25	; 0x19
    2e0a:	7a 8d       	ldd	r23, Y+26	; 0x1a
    2e0c:	8b 8d       	ldd	r24, Y+27	; 0x1b
    2e0e:	9c 8d       	ldd	r25, Y+28	; 0x1c
    2e10:	20 e0       	ldi	r18, 0x00	; 0
    2e12:	30 e0       	ldi	r19, 0x00	; 0
    2e14:	40 e2       	ldi	r20, 0x20	; 32
    2e16:	51 e4       	ldi	r21, 0x41	; 65
    2e18:	0e 94 1f 02 	call	0x43e	; 0x43e <__mulsf3>
    2e1c:	dc 01       	movw	r26, r24
    2e1e:	cb 01       	movw	r24, r22
    2e20:	bc 01       	movw	r22, r24
    2e22:	cd 01       	movw	r24, r26
    2e24:	0e 94 49 00 	call	0x92	; 0x92 <__fixunssfsi>
    2e28:	dc 01       	movw	r26, r24
    2e2a:	cb 01       	movw	r24, r22
    2e2c:	9c 8b       	std	Y+20, r25	; 0x14
    2e2e:	8b 8b       	std	Y+19, r24	; 0x13
    2e30:	0f c0       	rjmp	.+30     	; 0x2e50 <__vector_13+0x280>
    2e32:	88 ec       	ldi	r24, 0xC8	; 200
    2e34:	90 e0       	ldi	r25, 0x00	; 0
    2e36:	9a 8b       	std	Y+18, r25	; 0x12
    2e38:	89 8b       	std	Y+17, r24	; 0x11
    2e3a:	89 89       	ldd	r24, Y+17	; 0x11
    2e3c:	9a 89       	ldd	r25, Y+18	; 0x12
    2e3e:	01 97       	sbiw	r24, 0x01	; 1
    2e40:	f1 f7       	brne	.-4      	; 0x2e3e <__vector_13+0x26e>
    2e42:	9a 8b       	std	Y+18, r25	; 0x12
    2e44:	89 8b       	std	Y+17, r24	; 0x11
		while(__ticks)
		{
			// wait 1/10 ms
			_delay_loop_2(((F_CPU) / 4e3) / 10);
			__ticks --;
    2e46:	8b 89       	ldd	r24, Y+19	; 0x13
    2e48:	9c 89       	ldd	r25, Y+20	; 0x14
    2e4a:	01 97       	sbiw	r24, 0x01	; 1
    2e4c:	9c 8b       	std	Y+20, r25	; 0x14
    2e4e:	8b 8b       	std	Y+19, r24	; 0x13
		__ticks = 1;
	else if (__tmp > 65535)
	{
		//	__ticks = requested delay in 1/10 ms
		__ticks = (uint16_t) (__ms * 10.0);
		while(__ticks)
    2e50:	8b 89       	ldd	r24, Y+19	; 0x13
    2e52:	9c 89       	ldd	r25, Y+20	; 0x14
    2e54:	00 97       	sbiw	r24, 0x00	; 0
    2e56:	69 f7       	brne	.-38     	; 0x2e32 <__vector_13+0x262>
    2e58:	14 c0       	rjmp	.+40     	; 0x2e82 <__vector_13+0x2b2>
			__ticks --;
		}
		return;
	}
	else
		__ticks = (uint16_t)__tmp;
    2e5a:	6d 89       	ldd	r22, Y+21	; 0x15
    2e5c:	7e 89       	ldd	r23, Y+22	; 0x16
    2e5e:	8f 89       	ldd	r24, Y+23	; 0x17
    2e60:	98 8d       	ldd	r25, Y+24	; 0x18
    2e62:	0e 94 49 00 	call	0x92	; 0x92 <__fixunssfsi>
    2e66:	dc 01       	movw	r26, r24
    2e68:	cb 01       	movw	r24, r22
    2e6a:	9c 8b       	std	Y+20, r25	; 0x14
    2e6c:	8b 8b       	std	Y+19, r24	; 0x13
    2e6e:	8b 89       	ldd	r24, Y+19	; 0x13
    2e70:	9c 89       	ldd	r25, Y+20	; 0x14
    2e72:	98 8b       	std	Y+16, r25	; 0x10
    2e74:	8f 87       	std	Y+15, r24	; 0x0f
    2e76:	8f 85       	ldd	r24, Y+15	; 0x0f
    2e78:	98 89       	ldd	r25, Y+16	; 0x10
    2e7a:	01 97       	sbiw	r24, 0x01	; 1
    2e7c:	f1 f7       	brne	.-4      	; 0x2e7a <__vector_13+0x2aa>
    2e7e:	98 8b       	std	Y+16, r25	; 0x10
    2e80:	8f 87       	std	Y+15, r24	; 0x0f
                        _delay_ms(10);
                        USART_Transmit(humidity);
    2e82:	80 91 73 01 	lds	r24, 0x0173
    2e86:	90 91 74 01 	lds	r25, 0x0174
    2e8a:	0e 94 37 07 	call	0xe6e	; 0xe6e <USART_Transmit>
    2e8e:	78 c0       	rjmp	.+240    	; 0x2f80 <__vector_13+0x3b0>
                    } else {
                        USART_Transmit(0xFF); // Error code
    2e90:	8f ef       	ldi	r24, 0xFF	; 255
    2e92:	0e 94 37 07 	call	0xe6e	; 0xe6e <USART_Transmit>
    2e96:	80 e0       	ldi	r24, 0x00	; 0
    2e98:	90 e0       	ldi	r25, 0x00	; 0
    2e9a:	a0 e2       	ldi	r26, 0x20	; 32
    2e9c:	b1 e4       	ldi	r27, 0x41	; 65
    2e9e:	8b 87       	std	Y+11, r24	; 0x0b
    2ea0:	9c 87       	std	Y+12, r25	; 0x0c
    2ea2:	ad 87       	std	Y+13, r26	; 0x0d
    2ea4:	be 87       	std	Y+14, r27	; 0x0e
 */
void
_delay_ms(double __ms)
{
	uint16_t __ticks;
	double __tmp = ((F_CPU) / 4e3) * __ms;
    2ea6:	6b 85       	ldd	r22, Y+11	; 0x0b
    2ea8:	7c 85       	ldd	r23, Y+12	; 0x0c
    2eaa:	8d 85       	ldd	r24, Y+13	; 0x0d
    2eac:	9e 85       	ldd	r25, Y+14	; 0x0e
    2eae:	20 e0       	ldi	r18, 0x00	; 0
    2eb0:	30 e0       	ldi	r19, 0x00	; 0
    2eb2:	4a ef       	ldi	r20, 0xFA	; 250
    2eb4:	54 e4       	ldi	r21, 0x44	; 68
    2eb6:	0e 94 1f 02 	call	0x43e	; 0x43e <__mulsf3>
    2eba:	dc 01       	movw	r26, r24
    2ebc:	cb 01       	movw	r24, r22
    2ebe:	8f 83       	std	Y+7, r24	; 0x07
    2ec0:	98 87       	std	Y+8, r25	; 0x08
    2ec2:	a9 87       	std	Y+9, r26	; 0x09
    2ec4:	ba 87       	std	Y+10, r27	; 0x0a
	if (__tmp < 1.0)
    2ec6:	6f 81       	ldd	r22, Y+7	; 0x07
    2ec8:	78 85       	ldd	r23, Y+8	; 0x08
    2eca:	89 85       	ldd	r24, Y+9	; 0x09
    2ecc:	9a 85       	ldd	r25, Y+10	; 0x0a
    2ece:	20 e0       	ldi	r18, 0x00	; 0
    2ed0:	30 e0       	ldi	r19, 0x00	; 0
    2ed2:	40 e8       	ldi	r20, 0x80	; 128
    2ed4:	5f e3       	ldi	r21, 0x3F	; 63
    2ed6:	0e 94 25 04 	call	0x84a	; 0x84a <__ltsf2>
    2eda:	88 23       	and	r24, r24
    2edc:	2c f4       	brge	.+10     	; 0x2ee8 <__vector_13+0x318>
		__ticks = 1;
    2ede:	81 e0       	ldi	r24, 0x01	; 1
    2ee0:	90 e0       	ldi	r25, 0x00	; 0
    2ee2:	9e 83       	std	Y+6, r25	; 0x06
    2ee4:	8d 83       	std	Y+5, r24	; 0x05
    2ee6:	3f c0       	rjmp	.+126    	; 0x2f66 <__vector_13+0x396>
	else if (__tmp > 65535)
    2ee8:	6f 81       	ldd	r22, Y+7	; 0x07
    2eea:	78 85       	ldd	r23, Y+8	; 0x08
    2eec:	89 85       	ldd	r24, Y+9	; 0x09
    2eee:	9a 85       	ldd	r25, Y+10	; 0x0a
    2ef0:	20 e0       	ldi	r18, 0x00	; 0
    2ef2:	3f ef       	ldi	r19, 0xFF	; 255
    2ef4:	4f e7       	ldi	r20, 0x7F	; 127
    2ef6:	57 e4       	ldi	r21, 0x47	; 71
    2ef8:	0e 94 c5 03 	call	0x78a	; 0x78a <__gtsf2>
    2efc:	18 16       	cp	r1, r24
    2efe:	4c f5       	brge	.+82     	; 0x2f52 <__vector_13+0x382>
	{
		//	__ticks = requested delay in 1/10 ms
		__ticks = (uint16_t) (__ms * 10.0);
    2f00:	6b 85       	ldd	r22, Y+11	; 0x0b
    2f02:	7c 85       	ldd	r23, Y+12	; 0x0c
    2f04:	8d 85       	ldd	r24, Y+13	; 0x0d
    2f06:	9e 85       	ldd	r25, Y+14	; 0x0e
    2f08:	20 e0       	ldi	r18, 0x00	; 0
    2f0a:	30 e0       	ldi	r19, 0x00	; 0
    2f0c:	40 e2       	ldi	r20, 0x20	; 32
    2f0e:	51 e4       	ldi	r21, 0x41	; 65
    2f10:	0e 94 1f 02 	call	0x43e	; 0x43e <__mulsf3>
    2f14:	dc 01       	movw	r26, r24
    2f16:	cb 01       	movw	r24, r22
    2f18:	bc 01       	movw	r22, r24
    2f1a:	cd 01       	movw	r24, r26
    2f1c:	0e 94 49 00 	call	0x92	; 0x92 <__fixunssfsi>
    2f20:	dc 01       	movw	r26, r24
    2f22:	cb 01       	movw	r24, r22
    2f24:	9e 83       	std	Y+6, r25	; 0x06
    2f26:	8d 83       	std	Y+5, r24	; 0x05
    2f28:	0f c0       	rjmp	.+30     	; 0x2f48 <__vector_13+0x378>
    2f2a:	88 ec       	ldi	r24, 0xC8	; 200
    2f2c:	90 e0       	ldi	r25, 0x00	; 0
    2f2e:	9c 83       	std	Y+4, r25	; 0x04
    2f30:	8b 83       	std	Y+3, r24	; 0x03
    2f32:	8b 81       	ldd	r24, Y+3	; 0x03
    2f34:	9c 81       	ldd	r25, Y+4	; 0x04
    2f36:	01 97       	sbiw	r24, 0x01	; 1
    2f38:	f1 f7       	brne	.-4      	; 0x2f36 <__vector_13+0x366>
    2f3a:	9c 83       	std	Y+4, r25	; 0x04
    2f3c:	8b 83       	std	Y+3, r24	; 0x03
		while(__ticks)
		{
			// wait 1/10 ms
			_delay_loop_2(((F_CPU) / 4e3) / 10);
			__ticks --;
    2f3e:	8d 81       	ldd	r24, Y+5	; 0x05
    2f40:	9e 81       	ldd	r25, Y+6	; 0x06
    2f42:	01 97       	sbiw	r24, 0x01	; 1
    2f44:	9e 83       	std	Y+6, r25	; 0x06
    2f46:	8d 83       	std	Y+5, r24	; 0x05
		__ticks = 1;
	else if (__tmp > 65535)
	{
		//	__ticks = requested delay in 1/10 ms
		__ticks = (uint16_t) (__ms * 10.0);
		while(__ticks)
    2f48:	8d 81       	ldd	r24, Y+5	; 0x05
    2f4a:	9e 81       	ldd	r25, Y+6	; 0x06
    2f4c:	00 97       	sbiw	r24, 0x00	; 0
    2f4e:	69 f7       	brne	.-38     	; 0x2f2a <__vector_13+0x35a>
    2f50:	14 c0       	rjmp	.+40     	; 0x2f7a <__vector_13+0x3aa>
			__ticks --;
		}
		return;
	}
	else
		__ticks = (uint16_t)__tmp;
    2f52:	6f 81       	ldd	r22, Y+7	; 0x07
    2f54:	78 85       	ldd	r23, Y+8	; 0x08
    2f56:	89 85       	ldd	r24, Y+9	; 0x09
    2f58:	9a 85       	ldd	r25, Y+10	; 0x0a
    2f5a:	0e 94 49 00 	call	0x92	; 0x92 <__fixunssfsi>
    2f5e:	dc 01       	movw	r26, r24
    2f60:	cb 01       	movw	r24, r22
    2f62:	9e 83       	std	Y+6, r25	; 0x06
    2f64:	8d 83       	std	Y+5, r24	; 0x05
    2f66:	8d 81       	ldd	r24, Y+5	; 0x05
    2f68:	9e 81       	ldd	r25, Y+6	; 0x06
    2f6a:	9a 83       	std	Y+2, r25	; 0x02
    2f6c:	89 83       	std	Y+1, r24	; 0x01
    2f6e:	89 81       	ldd	r24, Y+1	; 0x01
    2f70:	9a 81       	ldd	r25, Y+2	; 0x02
    2f72:	01 97       	sbiw	r24, 0x01	; 1
    2f74:	f1 f7       	brne	.-4      	; 0x2f72 <__vector_13+0x3a2>
    2f76:	9a 83       	std	Y+2, r25	; 0x02
    2f78:	89 83       	std	Y+1, r24	; 0x01
                        _delay_ms(10);
                        USART_Transmit(0xFF);
    2f7a:	8f ef       	ldi	r24, 0xFF	; 255
    2f7c:	0e 94 37 07 	call	0xe6e	; 0xe6e <USART_Transmit>
                    }
                }
                break;
        }
        byte_count = 0; // Reset for next command
    2f80:	10 92 75 01 	sts	0x0175, r1
    }
}
    2f84:	6e 96       	adiw	r28, 0x1e	; 30
    2f86:	de bf       	out	0x3e, r29	; 62
    2f88:	cd bf       	out	0x3d, r28	; 61
    2f8a:	cf 91       	pop	r28
    2f8c:	df 91       	pop	r29
    2f8e:	ff 91       	pop	r31
    2f90:	ef 91       	pop	r30
    2f92:	bf 91       	pop	r27
    2f94:	af 91       	pop	r26
    2f96:	9f 91       	pop	r25
    2f98:	8f 91       	pop	r24
    2f9a:	7f 91       	pop	r23
    2f9c:	6f 91       	pop	r22
    2f9e:	5f 91       	pop	r21
    2fa0:	4f 91       	pop	r20
    2fa2:	3f 91       	pop	r19
    2fa4:	2f 91       	pop	r18
    2fa6:	0f 90       	pop	r0
    2fa8:	0f be       	out	0x3f, r0	; 63
    2faa:	0f 90       	pop	r0
    2fac:	1f 90       	pop	r1
    2fae:	18 95       	reti

00002fb0 <main>:

int main(void) {
    2fb0:	df 93       	push	r29
    2fb2:	cf 93       	push	r28
    2fb4:	cd b7       	in	r28, 0x3d	; 61
    2fb6:	de b7       	in	r29, 0x3e	; 62
    2fb8:	2e 97       	sbiw	r28, 0x0e	; 14
    2fba:	0f b6       	in	r0, 0x3f	; 63
    2fbc:	f8 94       	cli
    2fbe:	de bf       	out	0x3e, r29	; 62
    2fc0:	0f be       	out	0x3f, r0	; 63
    2fc2:	cd bf       	out	0x3d, r28	; 61
    USART_Init(MYUBRR);
    2fc4:	83 e3       	ldi	r24, 0x33	; 51
    2fc6:	90 e0       	ldi	r25, 0x00	; 0
    2fc8:	0e 94 17 07 	call	0xe2e	; 0xe2e <USART_Init>
    init_components();
    2fcc:	0e 94 41 12 	call	0x2482	; 0x2482 <init_components>
    2fd0:	80 e0       	ldi	r24, 0x00	; 0
    2fd2:	90 e0       	ldi	r25, 0x00	; 0
    2fd4:	a8 ec       	ldi	r26, 0xC8	; 200
    2fd6:	b2 e4       	ldi	r27, 0x42	; 66
    2fd8:	8b 87       	std	Y+11, r24	; 0x0b
    2fda:	9c 87       	std	Y+12, r25	; 0x0c
    2fdc:	ad 87       	std	Y+13, r26	; 0x0d
    2fde:	be 87       	std	Y+14, r27	; 0x0e
 */
void
_delay_ms(double __ms)
{
	uint16_t __ticks;
	double __tmp = ((F_CPU) / 4e3) * __ms;
    2fe0:	6b 85       	ldd	r22, Y+11	; 0x0b
    2fe2:	7c 85       	ldd	r23, Y+12	; 0x0c
    2fe4:	8d 85       	ldd	r24, Y+13	; 0x0d
    2fe6:	9e 85       	ldd	r25, Y+14	; 0x0e
    2fe8:	20 e0       	ldi	r18, 0x00	; 0
    2fea:	30 e0       	ldi	r19, 0x00	; 0
    2fec:	4a ef       	ldi	r20, 0xFA	; 250
    2fee:	54 e4       	ldi	r21, 0x44	; 68
    2ff0:	0e 94 1f 02 	call	0x43e	; 0x43e <__mulsf3>
    2ff4:	dc 01       	movw	r26, r24
    2ff6:	cb 01       	movw	r24, r22
    2ff8:	8f 83       	std	Y+7, r24	; 0x07
    2ffa:	98 87       	std	Y+8, r25	; 0x08
    2ffc:	a9 87       	std	Y+9, r26	; 0x09
    2ffe:	ba 87       	std	Y+10, r27	; 0x0a
	if (__tmp < 1.0)
    3000:	6f 81       	ldd	r22, Y+7	; 0x07
    3002:	78 85       	ldd	r23, Y+8	; 0x08
    3004:	89 85       	ldd	r24, Y+9	; 0x09
    3006:	9a 85       	ldd	r25, Y+10	; 0x0a
    3008:	20 e0       	ldi	r18, 0x00	; 0
    300a:	30 e0       	ldi	r19, 0x00	; 0
    300c:	40 e8       	ldi	r20, 0x80	; 128
    300e:	5f e3       	ldi	r21, 0x3F	; 63
    3010:	0e 94 25 04 	call	0x84a	; 0x84a <__ltsf2>
    3014:	88 23       	and	r24, r24
    3016:	2c f4       	brge	.+10     	; 0x3022 <main+0x72>
		__ticks = 1;
    3018:	81 e0       	ldi	r24, 0x01	; 1
    301a:	90 e0       	ldi	r25, 0x00	; 0
    301c:	9e 83       	std	Y+6, r25	; 0x06
    301e:	8d 83       	std	Y+5, r24	; 0x05
    3020:	3f c0       	rjmp	.+126    	; 0x30a0 <main+0xf0>
	else if (__tmp > 65535)
    3022:	6f 81       	ldd	r22, Y+7	; 0x07
    3024:	78 85       	ldd	r23, Y+8	; 0x08
    3026:	89 85       	ldd	r24, Y+9	; 0x09
    3028:	9a 85       	ldd	r25, Y+10	; 0x0a
    302a:	20 e0       	ldi	r18, 0x00	; 0
    302c:	3f ef       	ldi	r19, 0xFF	; 255
    302e:	4f e7       	ldi	r20, 0x7F	; 127
    3030:	57 e4       	ldi	r21, 0x47	; 71
    3032:	0e 94 c5 03 	call	0x78a	; 0x78a <__gtsf2>
    3036:	18 16       	cp	r1, r24
    3038:	4c f5       	brge	.+82     	; 0x308c <main+0xdc>
	{
		//	__ticks = requested delay in 1/10 ms
		__ticks = (uint16_t) (__ms * 10.0);
    303a:	6b 85       	ldd	r22, Y+11	; 0x0b
    303c:	7c 85       	ldd	r23, Y+12	; 0x0c
    303e:	8d 85       	ldd	r24, Y+13	; 0x0d
    3040:	9e 85       	ldd	r25, Y+14	; 0x0e
    3042:	20 e0       	ldi	r18, 0x00	; 0
    3044:	30 e0       	ldi	r19, 0x00	; 0
    3046:	40 e2       	ldi	r20, 0x20	; 32
    3048:	51 e4       	ldi	r21, 0x41	; 65
    304a:	0e 94 1f 02 	call	0x43e	; 0x43e <__mulsf3>
    304e:	dc 01       	movw	r26, r24
    3050:	cb 01       	movw	r24, r22
    3052:	bc 01       	movw	r22, r24
    3054:	cd 01       	movw	r24, r26
    3056:	0e 94 49 00 	call	0x92	; 0x92 <__fixunssfsi>
    305a:	dc 01       	movw	r26, r24
    305c:	cb 01       	movw	r24, r22
    305e:	9e 83       	std	Y+6, r25	; 0x06
    3060:	8d 83       	std	Y+5, r24	; 0x05
    3062:	0f c0       	rjmp	.+30     	; 0x3082 <main+0xd2>
    3064:	88 ec       	ldi	r24, 0xC8	; 200
    3066:	90 e0       	ldi	r25, 0x00	; 0
    3068:	9c 83       	std	Y+4, r25	; 0x04
    306a:	8b 83       	std	Y+3, r24	; 0x03
    306c:	8b 81       	ldd	r24, Y+3	; 0x03
    306e:	9c 81       	ldd	r25, Y+4	; 0x04
    3070:	01 97       	sbiw	r24, 0x01	; 1
    3072:	f1 f7       	brne	.-4      	; 0x3070 <main+0xc0>
    3074:	9c 83       	std	Y+4, r25	; 0x04
    3076:	8b 83       	std	Y+3, r24	; 0x03
		while(__ticks)
		{
			// wait 1/10 ms
			_delay_loop_2(((F_CPU) / 4e3) / 10);
			__ticks --;
    3078:	8d 81       	ldd	r24, Y+5	; 0x05
    307a:	9e 81       	ldd	r25, Y+6	; 0x06
    307c:	01 97       	sbiw	r24, 0x01	; 1
    307e:	9e 83       	std	Y+6, r25	; 0x06
    3080:	8d 83       	std	Y+5, r24	; 0x05
		__ticks = 1;
	else if (__tmp > 65535)
	{
		//	__ticks = requested delay in 1/10 ms
		__ticks = (uint16_t) (__ms * 10.0);
		while(__ticks)
    3082:	8d 81       	ldd	r24, Y+5	; 0x05
    3084:	9e 81       	ldd	r25, Y+6	; 0x06
    3086:	00 97       	sbiw	r24, 0x00	; 0
    3088:	69 f7       	brne	.-38     	; 0x3064 <main+0xb4>
    308a:	a2 cf       	rjmp	.-188    	; 0x2fd0 <main+0x20>
			__ticks --;
		}
		return;
	}
	else
		__ticks = (uint16_t)__tmp;
    308c:	6f 81       	ldd	r22, Y+7	; 0x07
    308e:	78 85       	ldd	r23, Y+8	; 0x08
    3090:	89 85       	ldd	r24, Y+9	; 0x09
    3092:	9a 85       	ldd	r25, Y+10	; 0x0a
    3094:	0e 94 49 00 	call	0x92	; 0x92 <__fixunssfsi>
    3098:	dc 01       	movw	r26, r24
    309a:	cb 01       	movw	r24, r22
    309c:	9e 83       	std	Y+6, r25	; 0x06
    309e:	8d 83       	std	Y+5, r24	; 0x05
    30a0:	8d 81       	ldd	r24, Y+5	; 0x05
    30a2:	9e 81       	ldd	r25, Y+6	; 0x06
    30a4:	9a 83       	std	Y+2, r25	; 0x02
    30a6:	89 83       	std	Y+1, r24	; 0x01
    30a8:	89 81       	ldd	r24, Y+1	; 0x01
    30aa:	9a 81       	ldd	r25, Y+2	; 0x02
    30ac:	01 97       	sbiw	r24, 0x01	; 1
    30ae:	f1 f7       	brne	.-4      	; 0x30ac <main+0xfc>
    30b0:	9a 83       	std	Y+2, r25	; 0x02
    30b2:	89 83       	std	Y+1, r24	; 0x01
    30b4:	8d cf       	rjmp	.-230    	; 0x2fd0 <main+0x20>

000030b6 <__divmodhi4>:
    30b6:	97 fb       	bst	r25, 7
    30b8:	09 2e       	mov	r0, r25
    30ba:	07 26       	eor	r0, r23
    30bc:	0a d0       	rcall	.+20     	; 0x30d2 <__divmodhi4_neg1>
    30be:	77 fd       	sbrc	r23, 7
    30c0:	04 d0       	rcall	.+8      	; 0x30ca <__divmodhi4_neg2>
    30c2:	0c d0       	rcall	.+24     	; 0x30dc <__udivmodhi4>
    30c4:	06 d0       	rcall	.+12     	; 0x30d2 <__divmodhi4_neg1>
    30c6:	00 20       	and	r0, r0
    30c8:	1a f4       	brpl	.+6      	; 0x30d0 <__divmodhi4_exit>

000030ca <__divmodhi4_neg2>:
    30ca:	70 95       	com	r23
    30cc:	61 95       	neg	r22
    30ce:	7f 4f       	sbci	r23, 0xFF	; 255

000030d0 <__divmodhi4_exit>:
    30d0:	08 95       	ret

000030d2 <__divmodhi4_neg1>:
    30d2:	f6 f7       	brtc	.-4      	; 0x30d0 <__divmodhi4_exit>
    30d4:	90 95       	com	r25
    30d6:	81 95       	neg	r24
    30d8:	9f 4f       	sbci	r25, 0xFF	; 255
    30da:	08 95       	ret

000030dc <__udivmodhi4>:
    30dc:	aa 1b       	sub	r26, r26
    30de:	bb 1b       	sub	r27, r27
    30e0:	51 e1       	ldi	r21, 0x11	; 17
    30e2:	07 c0       	rjmp	.+14     	; 0x30f2 <__udivmodhi4_ep>

000030e4 <__udivmodhi4_loop>:
    30e4:	aa 1f       	adc	r26, r26
    30e6:	bb 1f       	adc	r27, r27
    30e8:	a6 17       	cp	r26, r22
    30ea:	b7 07       	cpc	r27, r23
    30ec:	10 f0       	brcs	.+4      	; 0x30f2 <__udivmodhi4_ep>
    30ee:	a6 1b       	sub	r26, r22
    30f0:	b7 0b       	sbc	r27, r23

000030f2 <__udivmodhi4_ep>:
    30f2:	88 1f       	adc	r24, r24
    30f4:	99 1f       	adc	r25, r25
    30f6:	5a 95       	dec	r21
    30f8:	a9 f7       	brne	.-22     	; 0x30e4 <__udivmodhi4_loop>
    30fa:	80 95       	com	r24
    30fc:	90 95       	com	r25
    30fe:	bc 01       	movw	r22, r24
    3100:	cd 01       	movw	r24, r26
    3102:	08 95       	ret

00003104 <__prologue_saves__>:
    3104:	2f 92       	push	r2
    3106:	3f 92       	push	r3
    3108:	4f 92       	push	r4
    310a:	5f 92       	push	r5
    310c:	6f 92       	push	r6
    310e:	7f 92       	push	r7
    3110:	8f 92       	push	r8
    3112:	9f 92       	push	r9
    3114:	af 92       	push	r10
    3116:	bf 92       	push	r11
    3118:	cf 92       	push	r12
    311a:	df 92       	push	r13
    311c:	ef 92       	push	r14
    311e:	ff 92       	push	r15
    3120:	0f 93       	push	r16
    3122:	1f 93       	push	r17
    3124:	cf 93       	push	r28
    3126:	df 93       	push	r29
    3128:	cd b7       	in	r28, 0x3d	; 61
    312a:	de b7       	in	r29, 0x3e	; 62
    312c:	ca 1b       	sub	r28, r26
    312e:	db 0b       	sbc	r29, r27
    3130:	0f b6       	in	r0, 0x3f	; 63
    3132:	f8 94       	cli
    3134:	de bf       	out	0x3e, r29	; 62
    3136:	0f be       	out	0x3f, r0	; 63
    3138:	cd bf       	out	0x3d, r28	; 61
    313a:	09 94       	ijmp

0000313c <__epilogue_restores__>:
    313c:	2a 88       	ldd	r2, Y+18	; 0x12
    313e:	39 88       	ldd	r3, Y+17	; 0x11
    3140:	48 88       	ldd	r4, Y+16	; 0x10
    3142:	5f 84       	ldd	r5, Y+15	; 0x0f
    3144:	6e 84       	ldd	r6, Y+14	; 0x0e
    3146:	7d 84       	ldd	r7, Y+13	; 0x0d
    3148:	8c 84       	ldd	r8, Y+12	; 0x0c
    314a:	9b 84       	ldd	r9, Y+11	; 0x0b
    314c:	aa 84       	ldd	r10, Y+10	; 0x0a
    314e:	b9 84       	ldd	r11, Y+9	; 0x09
    3150:	c8 84       	ldd	r12, Y+8	; 0x08
    3152:	df 80       	ldd	r13, Y+7	; 0x07
    3154:	ee 80       	ldd	r14, Y+6	; 0x06
    3156:	fd 80       	ldd	r15, Y+5	; 0x05
    3158:	0c 81       	ldd	r16, Y+4	; 0x04
    315a:	1b 81       	ldd	r17, Y+3	; 0x03
    315c:	aa 81       	ldd	r26, Y+2	; 0x02
    315e:	b9 81       	ldd	r27, Y+1	; 0x01
    3160:	ce 0f       	add	r28, r30
    3162:	d1 1d       	adc	r29, r1
    3164:	0f b6       	in	r0, 0x3f	; 63
    3166:	f8 94       	cli
    3168:	de bf       	out	0x3e, r29	; 62
    316a:	0f be       	out	0x3f, r0	; 63
    316c:	cd bf       	out	0x3d, r28	; 61
    316e:	ed 01       	movw	r28, r26
    3170:	08 95       	ret

00003172 <_exit>:
    3172:	f8 94       	cli

00003174 <__stop_program>:
    3174:	ff cf       	rjmp	.-2      	; 0x3174 <__stop_program>
